id,name,sector,state,contractor,implementingAgency,ministry,startDate,sanctioned_cost_cr,physical_progress,planned_progress,progress_diff,expenditure_ratio,land_acq_delay_months,geo_difficulty,monsoon_flood_risk,utility_shifting_progress,contractor_liquidity,metrology_compliance_burden,weighbridge_calibration_gap_days,gatc_test_centre_lead_days,packaged_commodities_audit_risk,jan_vishwas_relief_index,delay_days,status,label
NHAI-DEL-MUM-P4,Delhi-Mumbai Expressway (Vadodara–Kim Stretch Pkg 4),Highways,Gujarat,Dilip Buildcon Ltd.,NHAI,Ministry of Road Transport,2017-01-19,2840.0,70.9,74.2,-3.3,1.086,18,0.343,0.542,86.6,0.98,0.707,49.6,64.3,0.411,0.0,75,at_risk,1
DFCCIL-EDFC-PKG-201,Eastern Dedicated Freight Corridor (Khurja–Ludhiana),Railways,Uttar Pradesh,L&T Construction,DFCCIL,Ministry of Railways,2017-02-03,4310.0,73.6,76.0,-2.4,0.994,12,0.216,0.537,87.6,1.98,0.895,43.3,73.3,0.448,0.0,25,on_track,0
PGCIL-HVDC-RAIGARH,Raigarh-Pugalur 800kV HVDC Dipole Transmission Line,Power,Chhattisgarh,Kalpataru Power Transmission,POWERGRID,Ministry of Power,2017-02-09,1980.0,93.6,94.0,-0.4,0.955,2,0.643,0.48,41.6,1.65,0.638,30.0,55.9,0.376,0.0,2,on_track,0
JJM-UP-BUND-08,Bundelkhand Surface Water Distribution Pipeline Pkg 8,Water,Uttar Pradesh,NCC Limited,Jal Nigam,Ministry of Jal Shakti,2017-02-10,890.0,60.9,69.0,-8.1,1.222,6,0.252,0.466,72.4,1.22,0.616,60.3,59.4,0.413,0.0,75,at_risk,1
NHAI-BLR-CHE-EXP-02,Bengaluru-Chennai Expressway (Bangarapet to Malur Pkg 2),Highways,Karnataka,Tata Projects,NHAI,MoRTH Central,2017-02-19,1780.0,65.4,70.8,-5.4,0.877,0,0.449,0.577,40.3,1.41,0.608,50.2,57.6,0.363,0.0,17,on_track,0
NHAI-VR-EXP-PKG-01,Varanasi-Ranchi-Kolkata Economic Corridor Section 1,Highways,Jharkhand,Afcons Infrastructure,NHAI / Bharatmala,MoRTH,2017-03-02,3160.0,42.5,48.0,-5.5,0.931,0,0.621,0.606,68.8,1.49,0.557,50.2,70.2,0.342,0.0,12,on_track,0
MMRDA-MUM-LINE-4,Mumbai Metro Line 4 (Wadala–Ghatkopar–Kasarvadavali),Urban Development,Maharashtra,Reliance Infra - Astaldi JV,MMRDA,Urban Transit PWD,2017-03-06,3480.0,45.4,44.8,0.6,1.352,0,0.552,0.775,70.6,0.87,0.398,34.3,63.9,0.533,0.0,88,at_risk,1
PPA-POLA-DAM-PKG-01A,Polavaram Multipurpose Dam & Spillway (Pkg 1A - Andhra Pradesh),Water,Andhra Pradesh,Megha Engineering (MEIL),PPA / CWC,Ministry of Jal Shakti,2017-03-06,2946.1,91.0,91.5,-0.5,0.969,6,0.409,0.684,93.5,0.86,0.673,45.6,66.9,0.264,0.0,21,on_track,0
NHAI-VIZ-CHE-PKG-01B,Visakhapatnam-Chennai Industrial Corridor (VCIC) (Pkg 1B - Andhra Pradesh),Highways,Andhra Pradesh,KNR Constructions,NHAI,MoRTH,2017-03-07,946.2,66.4,69.9,-3.5,1.5,0,0.431,0.663,91.4,2.11,0.719,37.2,58.0,0.473,0.0,88,at_risk,1
SCR-NAD-SKL-PKG-01C,Nadikudi-Srikalahasti New Railway Line (Pkg 1C - Andhra Pradesh),Railways,Andhra Pradesh,L&T Construction,South Central Railway,Ministry of Railways,2017-03-08,3727.1,82.8,83.0,-0.2,1.119,2,0.37,0.589,94.3,1.21,0.935,62.8,69.5,0.268,0.0,14,on_track,0
PPA-POLA-DAM-PKG-02D,Polavaram Multipurpose Dam & Spillway (Pkg 2D - Andhra Pradesh),Water,Andhra Pradesh,Megha Engineering (MEIL),PPA / CWC,Ministry of Jal Shakti,2017-03-08,3323.2,45.7,66.6,-20.9,1.838,18,0.467,0.67,34.4,2.02,0.732,42.2,64.0,0.312,0.0,439,delayed,2
NHAI-VIZ-CHE-PKG-02E,Visakhapatnam-Chennai Industrial Corridor (VCIC) (Pkg 2E - Andhra Pradesh),Highways,Andhra Pradesh,KNR Constructions,NHAI,MoRTH,2017-03-10,4922.7,27.7,31.3,-3.6,1.035,0,0.438,0.734,81.3,1.47,0.759,55.7,70.9,0.443,0.0,4,on_track,0
SCR-NAD-SKL-PKG-02F,Nadikudi-Srikalahasti New Railway Line (Pkg 2F - Andhra Pradesh),Railways,Andhra Pradesh,L&T Construction,South Central Railway,Ministry of Railways,2017-03-11,2478.8,83.8,90.5,-6.7,1.038,6,0.452,0.718,83.6,1.96,0.714,28.9,67.3,0.399,0.0,5,on_track,0
PPA-POLA-DAM-PKG-03G,Polavaram Multipurpose Dam & Spillway (Pkg 3G - Andhra Pradesh),Water,Andhra Pradesh,Megha Engineering (MEIL),PPA / CWC,Ministry of Jal Shakti,2017-03-15,5163.0,45.4,54.3,-8.9,1.109,6,0.346,0.735,30.4,0.81,0.83,48.7,72.4,0.292,0.0,32,at_risk,1
NHAI-VIZ-CHE-PKG-03H,Visakhapatnam-Chennai Industrial Corridor (VCIC) (Pkg 3H - Andhra Pradesh),Highways,Andhra Pradesh,KNR Constructions,NHAI,MoRTH,2017-03-16,470.7,50.0,63.8,-13.8,1.328,0,0.38,0.642,86.2,2.09,0.699,52.7,63.1,0.33,0.0,83,at_risk,1
SCR-NAD-SKL-PKG-03A,Nadikudi-Srikalahasti New Railway Line (Pkg 3A - Andhra Pradesh),Railways,Andhra Pradesh,L&T Construction,South Central Railway,Ministry of Railways,2017-03-18,2642.9,35.7,51.2,-15.5,1.561,12,0.401,0.71,61.8,1.92,0.712,52.0,66.1,0.249,0.0,456,delayed,2
PPA-POLA-DAM-PKG-04B,Polavaram Multipurpose Dam & Spillway (Pkg 4B - Andhra Pradesh),Water,Andhra Pradesh,Megha Engineering (MEIL),PPA / CWC,Ministry of Jal Shakti,2017-03-29,1635.4,58.6,66.7,-8.1,1.268,0,0.462,0.818,84.3,1.07,0.707,33.6,64.9,0.243,0.0,62,at_risk,1
NHAI-VIZ-CHE-PKG-04C,Visakhapatnam-Chennai Industrial Corridor (VCIC) (Pkg 4C - Andhra Pradesh),Highways,Andhra Pradesh,KNR Constructions,NHAI,MoRTH,2017-04-07,4041.4,40.3,38.5,1.8,0.947,0,0.428,0.632,95.8,0.78,0.915,49.9,73.6,0.461,0.0,1,on_track,0
SCR-NAD-SKL-PKG-04D,Nadikudi-Srikalahasti New Railway Line (Pkg 4D - Andhra Pradesh),Railways,Andhra Pradesh,L&T Construction,South Central Railway,Ministry of Railways,2017-04-09,3698.7,25.0,37.8,-12.8,1.414,18,0.414,0.727,56.4,2.14,0.585,54.1,56.8,0.392,0.0,484,delayed,2
PPA-POLA-DAM-PKG-05E,Polavaram Multipurpose Dam & Spillway (Pkg 5E - Andhra Pradesh),Water,Andhra Pradesh,Megha Engineering (MEIL),PPA / CWC,Ministry of Jal Shakti,2017-04-13,3962.1,50.4,59.2,-8.8,1.135,0,0.396,0.672,39.1,1.7,0.696,33.0,73.9,0.434,0.0,67,at_risk,1
NHAI-VIZ-CHE-PKG-05F,Visakhapatnam-Chennai Industrial Corridor (VCIC) (Pkg 5F - Andhra Pradesh),Highways,Andhra Pradesh,KNR Constructions,NHAI,MoRTH,2017-04-14,4480.5,80.4,86.4,-6.0,1.219,2,0.42,0.71,62.0,0.97,0.819,33.9,62.4,0.431,0.0,39,at_risk,1
SCR-NAD-SKL-PKG-05G,Nadikudi-Srikalahasti New Railway Line (Pkg 5G - Andhra Pradesh),Railways,Andhra Pradesh,L&T Construction,South Central Railway,Ministry of Railways,2017-04-15,2212.2,41.2,48.5,-7.3,1.165,6,0.445,0.737,32.5,1.26,0.826,30.5,73.6,0.408,0.0,84,at_risk,1
PPA-POLA-DAM-PKG-06H,Polavaram Multipurpose Dam & Spillway (Pkg 6H - Andhra Pradesh),Water,Andhra Pradesh,Megha Engineering (MEIL),PPA / CWC,Ministry of Jal Shakti,2017-04-18,5106.9,38.9,41.0,-2.1,0.98,0,0.385,0.609,37.8,1.45,0.662,54.5,60.4,0.24,0.0,16,on_track,0
NHAI-VIZ-CHE-PKG-06A,Visakhapatnam-Chennai Industrial Corridor (VCIC) (Pkg 6A - Andhra Pradesh),Highways,Andhra Pradesh,KNR Constructions,NHAI,MoRTH,2017-04-18,3484.5,38.5,37.8,0.7,1.047,0,0.438,0.711,57.8,1.83,0.749,30.4,64.1,0.423,0.0,11,on_track,0
SCR-NAD-SKL-PKG-06B,Nadikudi-Srikalahasti New Railway Line (Pkg 6B - Andhra Pradesh),Railways,Andhra Pradesh,L&T Construction,South Central Railway,Ministry of Railways,2017-04-19,4196.4,77.4,82.6,-5.2,1.133,0,0.406,0.651,50.5,1.85,0.859,39.8,65.4,0.319,0.0,38,at_risk,1
PPA-POLA-DAM-PKG-07C,Polavaram Multipurpose Dam & Spillway (Pkg 7C - Andhra Pradesh),Water,Andhra Pradesh,Megha Engineering (MEIL),PPA / CWC,Ministry of Jal Shakti,2017-04-19,2547.6,73.0,88.2,-15.2,1.488,18,0.404,0.695,72.2,1.38,0.725,48.3,56.2,0.309,0.0,209,delayed,2
NHAI-VIZ-CHE-PKG-07D,Visakhapatnam-Chennai Industrial Corridor (VCIC) (Pkg 7D - Andhra Pradesh),Highways,Andhra Pradesh,KNR Constructions,NHAI,MoRTH,2017-04-22,909.8,90.0,93.1,-3.1,1.224,0,0.412,0.647,43.7,0.87,0.631,48.3,67.4,0.465,0.0,77,at_risk,1
SCR-NAD-SKL-PKG-07E,Nadikudi-Srikalahasti New Railway Line (Pkg 7E - Andhra Pradesh),Railways,Andhra Pradesh,L&T Construction,South Central Railway,Ministry of Railways,2017-04-22,3349.1,35.0,50.4,-15.4,1.198,2,0.379,0.742,34.2,1.72,0.708,64.3,68.8,0.306,0.0,86,at_risk,1
PPA-POLA-DAM-PKG-08F,Polavaram Multipurpose Dam & Spillway (Pkg 8F - Andhra Pradesh),Water,Andhra Pradesh,Megha Engineering (MEIL),PPA / CWC,Ministry of Jal Shakti,2017-04-22,3556.5,50.3,64.0,-13.7,1.21,0,0.501,0.68,49.2,1.9,0.635,43.6,64.2,0.295,0.0,74,at_risk,1
NHAI-VIZ-CHE-PKG-08G,Visakhapatnam-Chennai Industrial Corridor (VCIC) (Pkg 8G - Andhra Pradesh),Highways,Andhra Pradesh,KNR Constructions,NHAI,MoRTH,2017-04-22,4199.3,37.4,47.5,-10.1,1.018,6,0.448,0.561,37.6,1.64,0.768,35.2,65.0,0.452,0.0,42,at_risk,1
SCR-NAD-SKL-PKG-08H,Nadikudi-Srikalahasti New Railway Line (Pkg 8H - Andhra Pradesh),Railways,Andhra Pradesh,L&T Construction,South Central Railway,Ministry of Railways,2017-04-25,4969.3,37.6,43.6,-6.0,1.107,6,0.391,0.688,98.7,0.94,0.814,63.3,70.9,0.401,0.0,38,at_risk,1
PPA-POLA-DAM-PKG-09A,Polavaram Multipurpose Dam & Spillway (Pkg 9A - Andhra Pradesh),Water,Andhra Pradesh,Megha Engineering (MEIL),PPA / CWC,Ministry of Jal Shakti,2017-04-29,3174.9,36.2,50.8,-14.6,1.277,12,0.462,0.668,97.2,1.83,0.556,45.7,72.1,0.328,0.0,246,delayed,2
NHAI-VIZ-CHE-PKG-09B,Visakhapatnam-Chennai Industrial Corridor (VCIC) (Pkg 9B - Andhra Pradesh),Highways,Andhra Pradesh,KNR Constructions,NHAI,MoRTH,2017-04-29,4327.0,42.5,53.6,-11.1,1.5,12,0.392,0.626,81.0,0.8,0.888,22.0,63.6,0.435,0.0,86,at_risk,1
SCR-NAD-SKL-PKG-09C,Nadikudi-Srikalahasti New Railway Line (Pkg 9C - Andhra Pradesh),Railways,Andhra Pradesh,L&T Construction,South Central Railway,Ministry of Railways,2017-04-29,3440.4,82.9,88.3,-5.4,1.058,0,0.361,0.793,32.3,0.74,0.755,36.8,63.9,0.475,0.0,17,on_track,0
PPA-POLA-DAM-PKG-10D,Polavaram Multipurpose Dam & Spillway (Pkg 10D - Andhra Pradesh),Water,Andhra Pradesh,Megha Engineering (MEIL),PPA / CWC,Ministry of Jal Shakti,2017-04-30,5006.0,70.2,72.4,-2.2,1.451,0,0.421,0.632,32.7,0.71,0.557,55.7,58.5,0.419,0.0,372,delayed,2
NHAI-VIZ-CHE-PKG-10E,Visakhapatnam-Chennai Industrial Corridor (VCIC) (Pkg 10E - Andhra Pradesh),Highways,Andhra Pradesh,KNR Constructions,NHAI,MoRTH,2017-05-01,4993.3,35.5,46.2,-10.7,1.077,12,0.427,0.724,58.1,1.83,0.708,52.1,71.5,0.365,0.0,38,at_risk,1
SCR-NAD-SKL-PKG-10F,Nadikudi-Srikalahasti New Railway Line (Pkg 10F - Andhra Pradesh),Railways,Andhra Pradesh,L&T Construction,South Central Railway,Ministry of Railways,2017-05-01,1723.5,24.5,49.6,-25.1,1.649,0,0.405,0.702,34.8,2.11,0.815,42.4,65.1,0.424,0.0,114,delayed,2
PPA-POLA-DAM-PKG-11G,Polavaram Multipurpose Dam & Spillway (Pkg 11G - Andhra Pradesh),Water,Andhra Pradesh,Megha Engineering (MEIL),PPA / CWC,Ministry of Jal Shakti,2017-05-01,3215.0,75.2,77.2,-2.0,1.096,0,0.401,0.534,50.3,2.09,0.78,43.6,62.8,0.445,0.0,84,at_risk,1
NHAI-VIZ-CHE-PKG-11H,Visakhapatnam-Chennai Industrial Corridor (VCIC) (Pkg 11H - Andhra Pradesh),Highways,Andhra Pradesh,KNR Constructions,NHAI,MoRTH,2017-05-02,3088.3,39.7,35.4,4.3,0.862,0,0.397,0.651,60.6,2.02,0.809,27.7,56.0,0.396,0.0,12,on_track,0
SCR-NAD-SKL-PKG-11A,Nadikudi-Srikalahasti New Railway Line (Pkg 11A - Andhra Pradesh),Railways,Andhra Pradesh,L&T Construction,South Central Railway,Ministry of Railways,2017-05-04,386.3,24.7,38.7,-14.0,1.0,12,0.393,0.74,42.7,1.22,0.702,59.1,73.0,0.488,0.0,79,at_risk,1
PPA-POLA-DAM-PKG-12B,Polavaram Multipurpose Dam & Spillway (Pkg 12B - Andhra Pradesh),Water,Andhra Pradesh,Megha Engineering (MEIL),PPA / CWC,Ministry of Jal Shakti,2017-05-04,809.9,37.5,54.1,-16.6,1.111,0,0.425,0.593,74.0,1.4,0.606,58.9,62.2,0.32,0.0,281,delayed,2
NHAI-VIZ-CHE-PKG-12C,Visakhapatnam-Chennai Industrial Corridor (VCIC) (Pkg 12C - Andhra Pradesh),Highways,Andhra Pradesh,KNR Constructions,NHAI,MoRTH,2017-05-05,2786.7,35.8,38.5,-2.7,0.963,2,0.426,0.734,94.5,1.73,0.8,51.2,69.6,0.5,0.0,28,on_track,0
SCR-NAD-SKL-PKG-12D,Nadikudi-Srikalahasti New Railway Line (Pkg 12D - Andhra Pradesh),Railways,Andhra Pradesh,L&T Construction,South Central Railway,Ministry of Railways,2017-05-05,1790.1,47.5,48.5,-1.0,0.976,0,0.382,0.703,83.5,1.69,0.765,48.3,63.7,0.282,0.0,3,on_track,0
PPA-POLA-DAM-PKG-13E,Polavaram Multipurpose Dam & Spillway (Pkg 13E - Andhra Pradesh),Water,Andhra Pradesh,Megha Engineering (MEIL),PPA / CWC,Ministry of Jal Shakti,2017-05-06,1558.5,45.7,52.0,-6.3,1.15,6,0.417,0.604,87.2,1.5,0.651,24.8,74.3,0.409,0.0,36,at_risk,1
NHAI-VIZ-CHE-PKG-13F,Visakhapatnam-Chennai Industrial Corridor (VCIC) (Pkg 13F - Andhra Pradesh),Highways,Andhra Pradesh,KNR Constructions,NHAI,MoRTH,2017-05-08,2825.4,53.9,53.2,0.7,1.006,6,0.443,0.731,52.2,1.92,0.754,23.5,65.0,0.439,0.0,7,on_track,0
SCR-NAD-SKL-PKG-13G,Nadikudi-Srikalahasti New Railway Line (Pkg 13G - Andhra Pradesh),Railways,Andhra Pradesh,L&T Construction,South Central Railway,Ministry of Railways,2017-05-10,2231.0,35.5,38.6,-3.1,1.017,0,0.394,0.63,73.5,1.17,0.692,42.2,69.7,0.368,0.0,18,on_track,0
PPA-POLA-DAM-PKG-14H,Polavaram Multipurpose Dam & Spillway (Pkg 14H - Andhra Pradesh),Water,Andhra Pradesh,Megha Engineering (MEIL),PPA / CWC,Ministry of Jal Shakti,2017-05-10,1362.2,19.3,39.5,-20.2,1.443,36,0.4,0.617,84.9,1.79,0.718,52.5,57.3,0.38,0.0,292,delayed,2
NHAI-VIZ-CHE-PKG-14A,Visakhapatnam-Chennai Industrial Corridor (VCIC) (Pkg 14A - Andhra Pradesh),Highways,Andhra Pradesh,KNR Constructions,NHAI,MoRTH,2017-05-10,3378.9,50.4,57.7,-7.3,1.187,2,0.383,0.725,54.3,1.27,0.803,28.2,60.3,0.345,0.0,54,at_risk,1
SCR-NAD-SKL-PKG-14B,Nadikudi-Srikalahasti New Railway Line (Pkg 14B - Andhra Pradesh),Railways,Andhra Pradesh,L&T Construction,South Central Railway,Ministry of Railways,2017-05-12,2063.7,37.7,49.9,-12.2,1.604,0,0.391,0.689,96.6,1.11,0.9,50.4,56.8,0.475,0.0,138,delayed,2
PPA-POLA-DAM-PKG-15C,Polavaram Multipurpose Dam & Spillway (Pkg 15C - Andhra Pradesh),Water,Andhra Pradesh,Megha Engineering (MEIL),PPA / CWC,Ministry of Jal Shakti,2017-05-13,4856.5,29.6,37.6,-8.0,1.154,0,0.521,0.788,95.7,0.66,0.602,46.6,70.4,0.27,0.0,31,at_risk,1
NHAI-VIZ-CHE-PKG-15D,Visakhapatnam-Chennai Industrial Corridor (VCIC) (Pkg 15D - Andhra Pradesh),Highways,Andhra Pradesh,KNR Constructions,NHAI,MoRTH,2017-05-16,3185.8,42.3,63.1,-20.8,1.536,24,0.407,0.599,57.9,1.95,0.718,44.5,58.8,0.44,0.0,217,delayed,2
SCR-NAD-SKL-PKG-15E,Nadikudi-Srikalahasti New Railway Line (Pkg 15E - Andhra Pradesh),Railways,Andhra Pradesh,L&T Construction,South Central Railway,Ministry of Railways,2017-05-18,4970.2,29.8,46.5,-16.7,1.442,2,0.432,0.683,99.7,1.01,0.888,53.4,65.9,0.343,0.0,129,delayed,2
PPA-POLA-DAM-PKG-16F,Polavaram Multipurpose Dam & Spillway (Pkg 16F - Andhra Pradesh),Water,Andhra Pradesh,Megha Engineering (MEIL),PPA / CWC,Ministry of Jal Shakti,2017-05-18,1460.7,20.4,36.1,-15.7,1.188,0,0.389,0.645,47.3,0.75,0.809,50.6,64.2,0.36,0.0,365,delayed,2
NHAI-VIZ-CHE-PKG-16G,Visakhapatnam-Chennai Industrial Corridor (VCIC) (Pkg 16G - Andhra Pradesh),Highways,Andhra Pradesh,KNR Constructions,NHAI,MoRTH,2017-05-20,1615.7,58.3,74.2,-15.9,1.208,2,0.418,0.656,47.7,2.18,0.826,48.0,60.8,0.367,0.0,73,at_risk,1
SCR-NAD-SKL-PKG-16H,Nadikudi-Srikalahasti New Railway Line (Pkg 16H - Andhra Pradesh),Railways,Andhra Pradesh,L&T Construction,South Central Railway,Ministry of Railways,2017-05-22,3353.0,69.7,93.0,-23.3,1.417,6,0.452,0.667,85.1,1.35,0.732,35.6,67.6,0.503,0.0,127,delayed,2
PPA-POLA-DAM-PKG-17A,Polavaram Multipurpose Dam & Spillway (Pkg 17A - Andhra Pradesh),Water,Andhra Pradesh,Megha Engineering (MEIL),PPA / CWC,Ministry of Jal Shakti,2017-05-22,696.1,78.1,92.0,-13.9,1.261,2,0.476,0.755,44.1,1.56,0.68,40.6,63.2,0.359,0.0,68,at_risk,1
NHAI-VIZ-CHE-PKG-17B,Visakhapatnam-Chennai Industrial Corridor (VCIC) (Pkg 17B - Andhra Pradesh),Highways,Andhra Pradesh,KNR Constructions,NHAI,MoRTH,2017-05-27,4170.1,84.9,90.0,-5.1,1.15,0,0.409,0.666,43.0,1.68,0.664,49.5,72.6,0.47,0.0,27,on_track,0
SCR-NAD-SKL-PKG-17C,Nadikudi-Srikalahasti New Railway Line (Pkg 17C - Andhra Pradesh),Railways,Andhra Pradesh,L&T Construction,South Central Railway,Ministry of Railways,2017-05-27,4383.0,48.3,62.4,-14.1,1.481,0,0.341,0.723,91.1,1.93,0.711,59.2,59.3,0.434,0.0,267,delayed,2
PPA-POLA-DAM-PKG-18D,Polavaram Multipurpose Dam & Spillway (Pkg 18D - Andhra Pradesh),Water,Andhra Pradesh,Megha Engineering (MEIL),PPA / CWC,Ministry of Jal Shakti,2017-05-28,5150.5,55.0,80.5,-25.5,1.109,2,0.463,0.573,43.6,1.98,0.714,54.6,68.5,0.336,0.0,375,delayed,2
NHAI-VIZ-CHE-PKG-18E,Visakhapatnam-Chennai Industrial Corridor (VCIC) (Pkg 18E - Andhra Pradesh),Highways,Andhra Pradesh,KNR Constructions,NHAI,MoRTH,2017-05-28,2924.9,63.6,75.0,-11.4,1.054,2,0.377,0.642,60.1,1.8,0.838,39.6,72.3,0.409,0.0,84,at_risk,1
SCR-NAD-SKL-PKG-18F,Nadikudi-Srikalahasti New Railway Line (Pkg 18F - Andhra Pradesh),Railways,Andhra Pradesh,L&T Construction,South Central Railway,Ministry of Railways,2017-05-30,3155.6,57.7,63.9,-6.2,1.021,2,0.411,0.665,72.5,1.03,0.721,41.6,56.2,0.358,0.0,39,at_risk,1
PPA-POLA-DAM-PKG-19G,Polavaram Multipurpose Dam & Spillway (Pkg 19G - Andhra Pradesh),Water,Andhra Pradesh,Megha Engineering (MEIL),PPA / CWC,Ministry of Jal Shakti,2017-06-01,2387.0,44.6,63.4,-18.8,1.789,6,0.345,0.774,42.0,1.43,0.711,55.9,63.2,0.333,0.0,295,delayed,2
NHAI-VIZ-CHE-PKG-19H,Visakhapatnam-Chennai Industrial Corridor (VCIC) (Pkg 19H - Andhra Pradesh),Highways,Andhra Pradesh,KNR Constructions,NHAI,MoRTH,2017-06-03,2071.5,64.7,77.8,-13.1,1.805,36,0.416,0.716,65.9,0.83,0.763,44.8,70.3,0.53,0.0,477,delayed,2
SCR-NAD-SKL-PKG-19A,Nadikudi-Srikalahasti New Railway Line (Pkg 19A - Andhra Pradesh),Railways,Andhra Pradesh,L&T Construction,South Central Railway,Ministry of Railways,2017-06-05,1413.3,23.5,40.3,-16.8,1.191,0,0.458,0.625,80.6,1.48,0.847,59.7,71.7,0.397,0.0,525,delayed,2
PPA-POLA-DAM-PKG-20B,Polavaram Multipurpose Dam & Spillway (Pkg 20B - Andhra Pradesh),Water,Andhra Pradesh,Megha Engineering (MEIL),PPA / CWC,Ministry of Jal Shakti,2017-06-05,4616.6,24.1,39.7,-15.6,1.383,2,0.473,0.682,63.9,0.67,0.573,47.4,63.2,0.295,0.0,206,delayed,2
NHAI-VIZ-CHE-PKG-20C,Visakhapatnam-Chennai Industrial Corridor (VCIC) (Pkg 20C - Andhra Pradesh),Highways,Andhra Pradesh,KNR Constructions,NHAI,MoRTH,2017-06-06,2752.4,78.6,82.9,-4.3,1.117,2,0.428,0.74,99.8,1.52,0.681,28.7,61.4,0.375,0.0,26,on_track,0
SCR-NAD-SKL-PKG-20D,Nadikudi-Srikalahasti New Railway Line (Pkg 20D - Andhra Pradesh),Railways,Andhra Pradesh,L&T Construction,South Central Railway,Ministry of Railways,2017-06-07,3842.3,33.6,44.4,-10.8,1.32,0,0.402,0.674,95.1,1.24,0.896,60.6,71.6,0.317,0.0,39,at_risk,1
PPA-POLA-DAM-PKG-21E,Polavaram Multipurpose Dam & Spillway (Pkg 21E - Andhra Pradesh),Water,Andhra Pradesh,Megha Engineering (MEIL),PPA / CWC,Ministry of Jal Shakti,2017-06-09,5116.3,75.6,88.7,-13.1,1.145,2,0.437,0.718,39.8,1.69,0.73,51.0,67.4,0.273,0.0,58,at_risk,1
NHAI-VIZ-CHE-PKG-21F,Visakhapatnam-Chennai Industrial Corridor (VCIC) (Pkg 21F - Andhra Pradesh),Highways,Andhra Pradesh,KNR Constructions,NHAI,MoRTH,2017-06-10,3195.6,72.1,68.8,3.3,0.913,2,0.446,0.607,84.2,1.97,0.66,47.5,65.8,0.348,0.0,7,on_track,0
SCR-NAD-SKL-PKG-21G,Nadikudi-Srikalahasti New Railway Line (Pkg 21G - Andhra Pradesh),Railways,Andhra Pradesh,L&T Construction,South Central Railway,Ministry of Railways,2017-06-10,1561.6,34.0,53.0,-19.0,1.567,18,0.389,0.661,65.5,0.94,0.668,54.4,56.5,0.469,0.0,236,delayed,2
PPA-POLA-DAM-PKG-22H,Polavaram Multipurpose Dam & Spillway (Pkg 22H - Andhra Pradesh),Water,Andhra Pradesh,Megha Engineering (MEIL),PPA / CWC,Ministry of Jal Shakti,2017-06-13,761.9,34.7,50.1,-15.4,1.647,6,0.485,0.801,82.4,1.0,0.539,54.2,65.6,0.282,0.0,164,delayed,2
NHAI-VIZ-CHE-PKG-22A,Visakhapatnam-Chennai Industrial Corridor (VCIC) (Pkg 22A - Andhra Pradesh),Highways,Andhra Pradesh,KNR Constructions,NHAI,MoRTH,2017-06-17,3926.3,37.4,37.7,-0.3,1.038,0,0.441,0.716,36.2,1.73,0.781,36.1,62.4,0.471,0.0,23,on_track,0
SCR-NAD-SKL-PKG-22B,Nadikudi-Srikalahasti New Railway Line (Pkg 22B - Andhra Pradesh),Railways,Andhra Pradesh,L&T Construction,South Central Railway,Ministry of Railways,2017-06-19,3170.7,49.2,75.0,-25.8,1.317,2,0.366,0.664,81.5,1.33,0.84,29.2,68.3,0.435,0.0,490,delayed,2
PPA-POLA-DAM-PKG-23C,Polavaram Multipurpose Dam & Spillway (Pkg 23C - Andhra Pradesh),Water,Andhra Pradesh,Megha Engineering (MEIL),PPA / CWC,Ministry of Jal Shakti,2017-06-19,570.6,25.8,44.1,-18.3,1.303,12,0.41,0.678,69.6,1.13,0.669,31.6,68.1,0.38,0.0,506,delayed,2
NHAI-VIZ-CHE-PKG-23D,Visakhapatnam-Chennai Industrial Corridor (VCIC) (Pkg 23D - Andhra Pradesh),Highways,Andhra Pradesh,KNR Constructions,NHAI,MoRTH,2017-06-20,783.6,26.3,33.6,-7.3,1.159,2,0.35,0.604,34.9,1.64,0.739,44.7,69.7,0.386,0.0,41,at_risk,1
SCR-NAD-SKL-PKG-23E,Nadikudi-Srikalahasti New Railway Line (Pkg 23E - Andhra Pradesh),Railways,Andhra Pradesh,L&T Construction,South Central Railway,Ministry of Railways,2017-06-23,3787.2,18.8,40.0,-21.2,1.649,36,0.442,0.606,98.7,1.66,0.791,55.2,71.1,0.364,0.0,485,delayed,2
PPA-POLA-DAM-PKG-24F,Polavaram Multipurpose Dam & Spillway (Pkg 24F - Andhra Pradesh),Water,Andhra Pradesh,Megha Engineering (MEIL),PPA / CWC,Ministry of Jal Shakti,2017-06-25,2194.3,71.4,74.1,-2.7,1.159,0,0.428,0.713,75.1,2.16,0.74,43.9,56.4,0.336,0.0,21,on_track,0
NHAI-VIZ-CHE-PKG-24G,Visakhapatnam-Chennai Industrial Corridor (VCIC) (Pkg 24G - Andhra Pradesh),Highways,Andhra Pradesh,KNR Constructions,NHAI,MoRTH,2017-06-26,2180.2,30.9,48.1,-17.2,1.635,0,0.399,0.663,84.5,1.6,0.747,50.3,69.0,0.391,0.0,184,delayed,2
SCR-NAD-SKL-PKG-24H,Nadikudi-Srikalahasti New Railway Line (Pkg 24H - Andhra Pradesh),Railways,Andhra Pradesh,L&T Construction,South Central Railway,Ministry of Railways,2017-06-26,2941.0,24.5,49.7,-25.2,1.549,0,0.438,0.732,81.8,0.8,0.797,54.7,66.9,0.444,0.0,325,delayed,2
PPA-POLA-DAM-PKG-25A,Polavaram Multipurpose Dam & Spillway (Pkg 25A - Andhra Pradesh),Water,Andhra Pradesh,Megha Engineering (MEIL),PPA / CWC,Ministry of Jal Shakti,2017-06-29,4770.5,35.5,50.4,-14.9,1.505,6,0.406,0.672,50.1,1.89,0.697,23.9,74.9,0.315,0.0,209,delayed,2
NHAI-VIZ-CHE-PKG-25B,Visakhapatnam-Chennai Industrial Corridor (VCIC) (Pkg 25B - Andhra Pradesh),Highways,Andhra Pradesh,KNR Constructions,NHAI,MoRTH,2017-06-29,4979.9,58.0,60.0,-2.0,1.162,0,0.402,0.696,60.5,1.26,0.759,52.2,68.4,0.339,0.0,88,at_risk,1
NHPC-DIB-HYD-PKG-01A,"Dibang Multipurpose Hydroelectric Project (2,880 MW) (Pkg 1A - Arunachal Pradesh)",Power,Arunachal Pradesh,L&T Construction,NHPC,Ministry of Power,2017-06-30,3818.1,51.7,57.5,-5.8,1.058,0,0.898,0.855,40.3,2.16,0.627,34.5,70.2,0.248,0.0,70,at_risk,1
MORTH-ARN-FNT-PKG-01B,Arunachal Frontier Highway (NH-913 Mago-Thingbu) (Pkg 1B - Arunachal Pradesh),Highways,Arunachal Pradesh,Patel Engineering,BRO / NHIDCL,MoRTH,2017-06-30,2405.4,72.4,86.1,-13.7,1.063,0,0.942,0.935,51.2,2.16,0.788,52.4,58.4,0.54,0.0,40,at_risk,1
NHPC-DIB-HYD-PKG-02C,"Dibang Multipurpose Hydroelectric Project (2,880 MW) (Pkg 2C - Arunachal Pradesh)",Power,Arunachal Pradesh,L&T Construction,NHPC,Ministry of Power,2017-07-02,2023.2,59.5,70.1,-10.6,1.071,2,0.961,0.809,35.8,1.36,0.713,31.3,61.1,0.343,0.0,39,at_risk,1
MORTH-ARN-FNT-PKG-02D,Arunachal Frontier Highway (NH-913 Mago-Thingbu) (Pkg 2D - Arunachal Pradesh),Highways,Arunachal Pradesh,Patel Engineering,BRO / NHIDCL,MoRTH,2017-07-02,2742.8,18.6,39.5,-20.9,1.68,6,0.969,0.881,43.9,0.72,0.721,40.7,57.5,0.429,0.0,422,delayed,2
NHPC-DIB-HYD-PKG-03E,"Dibang Multipurpose Hydroelectric Project (2,880 MW) (Pkg 3E - Arunachal Pradesh)",Power,Arunachal Pradesh,L&T Construction,NHPC,Ministry of Power,2017-07-03,2634.2,87.9,85.9,2.0,1.003,2,0.958,0.928,53.0,1.35,0.621,16.0,70.2,0.366,0.0,24,on_track,0
MORTH-ARN-FNT-PKG-03F,Arunachal Frontier Highway (NH-913 Mago-Thingbu) (Pkg 3F - Arunachal Pradesh),Highways,Arunachal Pradesh,Patel Engineering,BRO / NHIDCL,MoRTH,2017-07-03,3948.0,48.2,50.5,-2.3,1.03,18,0.976,0.876,81.9,1.08,0.739,50.9,57.6,0.437,0.0,15,on_track,0
NHPC-DIB-HYD-PKG-04G,"Dibang Multipurpose Hydroelectric Project (2,880 MW) (Pkg 4G - Arunachal Pradesh)",Power,Arunachal Pradesh,L&T Construction,NHPC,Ministry of Power,2017-07-03,3729.6,46.5,52.4,-5.9,1.082,0,0.952,0.883,56.2,1.89,0.686,15.1,62.3,0.421,0.0,35,at_risk,1
MORTH-ARN-FNT-PKG-04H,Arunachal Frontier Highway (NH-913 Mago-Thingbu) (Pkg 4H - Arunachal Pradesh),Highways,Arunachal Pradesh,Patel Engineering,BRO / NHIDCL,MoRTH,2017-07-03,3692.5,72.1,78.2,-6.1,1.042,12,0.933,0.846,47.5,1.06,0.763,51.5,55.0,0.524,0.0,63,at_risk,1
NHPC-DIB-HYD-PKG-05A,"Dibang Multipurpose Hydroelectric Project (2,880 MW) (Pkg 5A - Arunachal Pradesh)",Power,Arunachal Pradesh,L&T Construction,NHPC,Ministry of Power,2017-07-04,1957.0,51.3,86.8,-35.5,1.4,24,0.97,0.83,96.1,1.6,0.587,30.5,73.5,0.395,0.0,465,delayed,2
MORTH-ARN-FNT-PKG-05B,Arunachal Frontier Highway (NH-913 Mago-Thingbu) (Pkg 5B - Arunachal Pradesh),Highways,Arunachal Pradesh,Patel Engineering,BRO / NHIDCL,MoRTH,2017-07-04,1580.9,68.4,81.4,-13.0,1.147,12,0.939,0.949,41.9,0.7,0.913,32.9,59.1,0.463,0.0,143,delayed,2
NHPC-DIB-HYD-PKG-06C,"Dibang Multipurpose Hydroelectric Project (2,880 MW) (Pkg 6C - Arunachal Pradesh)",Power,Arunachal Pradesh,L&T Construction,NHPC,Ministry of Power,2017-07-05,1509.0,86.2,93.4,-7.2,1.229,0,0.99,0.866,61.4,1.02,0.673,29.1,56.0,0.365,0.0,38,at_risk,1
MORTH-ARN-FNT-PKG-06D,Arunachal Frontier Highway (NH-913 Mago-Thingbu) (Pkg 6D - Arunachal Pradesh),Highways,Arunachal Pradesh,Patel Engineering,BRO / NHIDCL,MoRTH,2017-07-06,595.9,87.3,92.7,-5.4,1.333,0,0.91,0.903,69.8,1.66,0.736,40.5,59.2,0.463,0.0,68,at_risk,1
NHPC-DIB-HYD-PKG-07E,"Dibang Multipurpose Hydroelectric Project (2,880 MW) (Pkg 7E - Arunachal Pradesh)",Power,Arunachal Pradesh,L&T Construction,NHPC,Ministry of Power,2017-07-07,1254.7,69.3,73.6,-4.3,1.031,0,0.966,0.845,97.3,1.69,0.554,19.0,73.7,0.445,0.0,68,at_risk,1
MORTH-ARN-FNT-PKG-07F,Arunachal Frontier Highway (NH-913 Mago-Thingbu) (Pkg 7F - Arunachal Pradesh),Highways,Arunachal Pradesh,Patel Engineering,BRO / NHIDCL,MoRTH,2017-07-10,3161.9,60.9,81.3,-20.4,1.383,0,0.966,0.99,93.9,1.18,0.555,44.7,64.1,0.485,0.0,342,delayed,2
NHPC-DIB-HYD-PKG-08G,"Dibang Multipurpose Hydroelectric Project (2,880 MW) (Pkg 8G - Arunachal Pradesh)",Power,Arunachal Pradesh,L&T Construction,NHPC,Ministry of Power,2017-07-14,3372.9,69.0,73.4,-4.4,1.169,0,0.951,0.798,88.4,2.1,0.619,21.4,58.7,0.284,0.0,44,at_risk,1
MORTH-ARN-FNT-PKG-08H,Arunachal Frontier Highway (NH-913 Mago-Thingbu) (Pkg 8H - Arunachal Pradesh),Highways,Arunachal Pradesh,Patel Engineering,BRO / NHIDCL,MoRTH,2017-07-14,4787.2,55.8,80.3,-24.5,1.683,0,0.907,0.923,50.6,0.83,0.809,48.4,73.8,0.443,0.0,441,delayed,2
NHPC-DIB-HYD-PKG-09A,"Dibang Multipurpose Hydroelectric Project (2,880 MW) (Pkg 9A - Arunachal Pradesh)",Power,Arunachal Pradesh,L&T Construction,NHPC,Ministry of Power,2017-07-14,3307.4,33.1,40.3,-7.2,1.351,0,0.932,0.828,60.8,1.78,0.565,26.5,73.8,0.364,0.0,51,at_risk,1
MORTH-ARN-FNT-PKG-09B,Arunachal Frontier Highway (NH-913 Mago-Thingbu) (Pkg 9B - Arunachal Pradesh),Highways,Arunachal Pradesh,Patel Engineering,BRO / NHIDCL,MoRTH,2017-07-14,467.9,64.5,88.2,-23.7,1.334,0,0.957,0.787,71.7,1.32,0.793,25.1,58.3,0.456,0.0,542,delayed,2
NHPC-DIB-HYD-PKG-10C,"Dibang Multipurpose Hydroelectric Project (2,880 MW) (Pkg 10C - Arunachal Pradesh)",Power,Arunachal Pradesh,L&T Construction,NHPC,Ministry of Power,2017-07-15,1371.0,20.1,33.4,-13.3,1.421,6,0.968,0.883,58.8,1.52,0.736,15.0,73.9,0.399,0.0,88,at_risk,1
MORTH-ARN-FNT-PKG-10D,Arunachal Frontier Highway (NH-913 Mago-Thingbu) (Pkg 10D - Arunachal Pradesh),Highways,Arunachal Pradesh,Patel Engineering,BRO / NHIDCL,MoRTH,2017-07-16,4642.5,76.2,82.4,-6.2,1.182,0,0.99,0.91,76.1,1.48,0.58,27.0,57.1,0.485,0.0,77,at_risk,1
NHPC-DIB-HYD-PKG-11E,"Dibang Multipurpose Hydroelectric Project (2,880 MW) (Pkg 11E - Arunachal Pradesh)",Power,Arunachal Pradesh,L&T Construction,NHPC,Ministry of Power,2017-07-16,2446.4,36.1,49.2,-13.1,1.116,6,0.941,0.826,92.8,1.81,0.668,32.9,56.5,0.321,0.0,47,at_risk,1
MORTH-ARN-FNT-PKG-11F,Arunachal Frontier Highway (NH-913 Mago-Thingbu) (Pkg 11F - Arunachal Pradesh),Highways,Arunachal Pradesh,Patel Engineering,BRO / NHIDCL,MoRTH,2017-07-16,5100.6,33.0,35.7,-2.7,0.989,2,0.957,0.837,88.9,0.99,0.687,49.3,62.6,0.519,0.0,2,on_track,0
NHPC-DIB-HYD-PKG-12G,"Dibang Multipurpose Hydroelectric Project (2,880 MW) (Pkg 12G - Arunachal Pradesh)",Power,Arunachal Pradesh,L&T Construction,NHPC,Ministry of Power,2017-07-18,2371.8,39.2,38.7,0.5,1.013,0,0.93,0.912,47.5,1.66,0.662,20.5,67.4,0.307,0.0,14,on_track,0
MORTH-ARN-FNT-PKG-12H,Arunachal Frontier Highway (NH-913 Mago-Thingbu) (Pkg 12H - Arunachal Pradesh),Highways,Arunachal Pradesh,Patel Engineering,BRO / NHIDCL,MoRTH,2017-07-19,1863.7,81.9,91.4,-9.5,1.201,0,0.937,0.891,68.5,1.27,0.595,49.5,71.7,0.533,0.0,62,at_risk,1
NHPC-DIB-HYD-PKG-13A,"Dibang Multipurpose Hydroelectric Project (2,880 MW) (Pkg 13A - Arunachal Pradesh)",Power,Arunachal Pradesh,L&T Construction,NHPC,Ministry of Power,2017-07-19,2513.7,33.3,40.8,-7.5,1.282,0,0.99,0.792,50.2,1.51,0.674,33.2,55.6,0.324,0.0,62,at_risk,1
MORTH-ARN-FNT-PKG-13B,Arunachal Frontier Highway (NH-913 Mago-Thingbu) (Pkg 13B - Arunachal Pradesh),Highways,Arunachal Pradesh,Patel Engineering,BRO / NHIDCL,MoRTH,2017-07-22,3817.0,60.5,61.0,-0.5,1.158,6,0.961,0.801,97.1,0.99,0.738,53.7,72.7,0.492,0.0,40,at_risk,1
NHPC-DIB-HYD-PKG-14C,"Dibang Multipurpose Hydroelectric Project (2,880 MW) (Pkg 14C - Arunachal Pradesh)",Power,Arunachal Pradesh,L&T Construction,NHPC,Ministry of Power,2017-07-22,1579.5,32.3,41.3,-9.0,1.211,2,0.956,0.856,92.6,1.67,0.758,33.9,55.2,0.326,0.0,59,at_risk,1
MORTH-ARN-FNT-PKG-14D,Arunachal Frontier Highway (NH-913 Mago-Thingbu) (Pkg 14D - Arunachal Pradesh),Highways,Arunachal Pradesh,Patel Engineering,BRO / NHIDCL,MoRTH,2017-07-22,2494.5,62.6,88.4,-25.8,1.309,2,0.958,0.941,51.6,1.54,0.841,22.4,61.5,0.408,0.0,544,delayed,2
NHPC-DIB-HYD-PKG-15E,"Dibang Multipurpose Hydroelectric Project (2,880 MW) (Pkg 15E - Arunachal Pradesh)",Power,Arunachal Pradesh,L&T Construction,NHPC,Ministry of Power,2017-07-22,670.3,43.5,49.7,-6.2,1.065,2,0.953,0.954,84.6,2.2,0.533,23.3,58.8,0.244,0.0,39,at_risk,1
MORTH-ARN-FNT-PKG-15F,Arunachal Frontier Highway (NH-913 Mago-Thingbu) (Pkg 15F - Arunachal Pradesh),Highways,Arunachal Pradesh,Patel Engineering,BRO / NHIDCL,MoRTH,2017-07-26,3792.7,41.0,52.6,-11.6,1.134,2,0.931,0.829,59.2,0.9,0.751,35.6,58.4,0.465,0.0,85,at_risk,1
NRL-EXP-NUM-PKG-01A,Numaligarh Refinery Expansion Project (10 MMTPA) (Pkg 1A - Assam),Power,Assam,Tata Projects,NRL / MoPNG,Ministry of Petroleum,2017-07-26,1046.4,53.2,61.1,-7.9,1.139,12,0.642,0.948,96.4,1.12,0.645,19.4,60.3,0.341,0.0,65,at_risk,1
NHPC-SUB-LOW-PKG-01B,"Subansiri Lower Hydroelectric (2,000 MW Gerukamukh) (Pkg 1B - Assam)",Power,Assam,L&T Construction,NHPC,Ministry of Power,2017-07-27,1198.4,55.6,60.3,-4.7,1.064,2,0.676,0.948,57.8,2.16,0.568,19.3,65.9,0.406,0.0,76,at_risk,1
NFR-BOG-DBL-PKG-01C,Bogibeel Rail-cum-Road 2nd Line & Terminal (Pkg 1C - Assam),Railways,Assam,Hindustan Construction Co.,Northeast Frontier Railway,Ministry of Railways,2017-07-28,4236.3,50.9,65.2,-14.3,1.356,0,0.668,0.915,36.1,0.79,0.695,27.3,58.9,0.313,0.0,241,delayed,2
NHAI-GWH-RNG-PKG-01D,Guwahati Ring Expressway & Deepor Beel Bypass (Pkg 1D - Assam),Highways,Assam,Dilip Buildcon Ltd.,NHAI,MoRTH,2017-07-31,2042.2,33.7,39.8,-6.1,1.096,2,0.68,0.917,53.4,1.26,0.826,26.6,65.6,0.469,0.0,50,at_risk,1
NRL-EXP-NUM-PKG-02E,Numaligarh Refinery Expansion Project (10 MMTPA) (Pkg 2E - Assam),Power,Assam,Tata Projects,NRL / MoPNG,Ministry of Petroleum,2017-07-31,3916.6,42.0,46.7,-4.7,0.94,0,0.731,0.901,87.9,1.56,0.63,30.9,61.8,0.272,0.0,14,on_track,0
NHPC-SUB-LOW-PKG-02F,"Subansiri Lower Hydroelectric (2,000 MW Gerukamukh) (Pkg 2F - Assam)",Power,Assam,L&T Construction,NHPC,Ministry of Power,2017-07-31,3065.0,42.1,67.7,-25.6,1.623,6,0.621,0.925,87.8,1.69,0.689,21.9,71.5,0.308,0.0,390,delayed,2
NFR-BOG-DBL-PKG-02G,Bogibeel Rail-cum-Road 2nd Line & Terminal (Pkg 2G - Assam),Railways,Assam,Hindustan Construction Co.,Northeast Frontier Railway,Ministry of Railways,2017-07-31,605.2,35.3,54.2,-18.9,1.419,2,0.753,0.93,73.4,1.29,0.837,39.1,63.5,0.469,0.0,392,delayed,2
NHAI-GWH-RNG-PKG-02H,Guwahati Ring Expressway & Deepor Beel Bypass (Pkg 2H - Assam),Highways,Assam,Dilip Buildcon Ltd.,NHAI,MoRTH,2017-07-31,4598.7,59.4,73.9,-14.5,1.574,0,0.654,0.93,72.2,1.46,0.608,37.5,60.1,0.448,0.0,289,delayed,2
NRL-EXP-NUM-PKG-03A,Numaligarh Refinery Expansion Project (10 MMTPA) (Pkg 3A - Assam),Power,Assam,Tata Projects,NRL / MoPNG,Ministry of Petroleum,2017-08-01,1373.4,34.1,42.4,-8.3,1.143,6,0.664,0.927,71.6,1.58,0.722,25.9,68.7,0.251,0.0,55,at_risk,1
NHPC-SUB-LOW-PKG-03B,"Subansiri Lower Hydroelectric (2,000 MW Gerukamukh) (Pkg 3B - Assam)",Power,Assam,L&T Construction,NHPC,Ministry of Power,2017-08-02,2068.2,80.8,94.6,-13.8,1.138,6,0.674,0.97,75.7,1.04,0.68,17.9,68.0,0.308,0.0,42,at_risk,1
NFR-BOG-DBL-PKG-03C,Bogibeel Rail-cum-Road 2nd Line & Terminal (Pkg 3C - Assam),Railways,Assam,Hindustan Construction Co.,Northeast Frontier Railway,Ministry of Railways,2017-08-02,3505.6,22.2,36.3,-14.1,1.143,2,0.599,0.896,42.2,1.11,0.933,65.7,68.3,0.497,0.0,370,delayed,2
NHAI-GWH-RNG-PKG-03D,Guwahati Ring Expressway & Deepor Beel Bypass (Pkg 3D - Assam),Highways,Assam,Dilip Buildcon Ltd.,NHAI,MoRTH,2017-08-02,4229.2,84.9,92.0,-7.1,1.584,0,0.695,0.966,89.6,2.19,0.79,48.5,69.5,0.42,0.0,241,delayed,2
NRL-EXP-NUM-PKG-04E,Numaligarh Refinery Expansion Project (10 MMTPA) (Pkg 4E - Assam),Power,Assam,Tata Projects,NRL / MoPNG,Ministry of Petroleum,2017-08-03,4867.8,77.3,85.8,-8.5,1.26,0,0.634,0.99,81.0,1.15,0.789,25.4,68.3,0.297,0.0,74,at_risk,1
NHPC-SUB-LOW-PKG-04F,"Subansiri Lower Hydroelectric (2,000 MW Gerukamukh) (Pkg 4F - Assam)",Power,Assam,L&T Construction,NHPC,Ministry of Power,2017-08-04,4373.9,49.2,62.0,-12.8,1.729,18,0.6,0.949,75.1,1.1,0.558,32.8,61.0,0.361,0.0,499,delayed,2
NFR-BOG-DBL-PKG-04G,Bogibeel Rail-cum-Road 2nd Line & Terminal (Pkg 4G - Assam),Railways,Assam,Hindustan Construction Co.,Northeast Frontier Railway,Ministry of Railways,2017-08-05,718.4,53.6,79.6,-26.0,1.308,0,0.637,0.928,35.7,1.94,0.587,42.2,74.5,0.395,0.0,473,delayed,2
NHAI-GWH-RNG-PKG-04H,Guwahati Ring Expressway & Deepor Beel Bypass (Pkg 4H - Assam),Highways,Assam,Dilip Buildcon Ltd.,NHAI,MoRTH,2017-08-06,2570.2,79.5,92.9,-13.4,1.499,6,0.747,0.903,52.1,0.86,0.859,25.5,67.6,0.492,0.0,350,delayed,2
NRL-EXP-NUM-PKG-05A,Numaligarh Refinery Expansion Project (10 MMTPA) (Pkg 5A - Assam),Power,Assam,Tata Projects,NRL / MoPNG,Ministry of Petroleum,2017-08-07,3620.8,66.9,69.6,-2.7,1.377,0,0.673,0.99,64.4,1.88,0.708,18.2,59.7,0.424,0.0,205,delayed,2
NHPC-SUB-LOW-PKG-05B,"Subansiri Lower Hydroelectric (2,000 MW Gerukamukh) (Pkg 5B - Assam)",Power,Assam,L&T Construction,NHPC,Ministry of Power,2017-08-07,5027.7,69.2,80.1,-10.9,1.096,0,0.646,0.954,37.4,1.56,0.738,18.3,65.9,0.379,0.0,36,at_risk,1
NFR-BOG-DBL-PKG-05C,Bogibeel Rail-cum-Road 2nd Line & Terminal (Pkg 5C - Assam),Railways,Assam,Hindustan Construction Co.,Northeast Frontier Railway,Ministry of Railways,2017-08-07,3660.5,38.0,60.8,-22.8,1.666,12,0.637,0.99,70.8,1.78,0.799,52.1,62.3,0.318,0.0,244,delayed,2
NHAI-GWH-RNG-PKG-05D,Guwahati Ring Expressway & Deepor Beel Bypass (Pkg 5D - Assam),Highways,Assam,Dilip Buildcon Ltd.,NHAI,MoRTH,2017-08-07,4821.9,34.1,40.1,-6.0,1.248,6,0.682,0.985,94.7,2.16,0.728,31.6,71.7,0.471,0.0,88,at_risk,1
NRL-EXP-NUM-PKG-06E,Numaligarh Refinery Expansion Project (10 MMTPA) (Pkg 6E - Assam),Power,Assam,Tata Projects,NRL / MoPNG,Ministry of Petroleum,2017-08-08,1898.3,40.0,52.6,-12.6,1.18,2,0.675,0.924,97.9,1.24,0.623,20.7,56.2,0.275,0.0,60,at_risk,1
NHPC-SUB-LOW-PKG-06F,"Subansiri Lower Hydroelectric (2,000 MW Gerukamukh) (Pkg 6F - Assam)",Power,Assam,L&T Construction,NHPC,Ministry of Power,2017-08-08,4696.6,38.2,60.3,-22.1,1.871,36,0.675,0.99,30.0,1.6,0.572,23.3,67.3,0.215,0.0,427,delayed,2
NFR-BOG-DBL-PKG-06G,Bogibeel Rail-cum-Road 2nd Line & Terminal (Pkg 6G - Assam),Railways,Assam,Hindustan Construction Co.,Northeast Frontier Railway,Ministry of Railways,2017-08-08,3170.8,65.6,89.4,-23.8,1.316,0,0.658,0.86,38.9,1.26,0.899,56.0,58.3,0.53,0.0,547,delayed,2
NHAI-GWH-RNG-PKG-06H,Guwahati Ring Expressway & Deepor Beel Bypass (Pkg 6H - Assam),Highways,Assam,Dilip Buildcon Ltd.,NHAI,MoRTH,2017-08-09,3248.2,76.1,80.0,-3.9,1.561,2,0.76,0.967,40.4,0.92,0.694,40.5,72.6,0.506,0.0,520,delayed,2
NRL-EXP-NUM-PKG-07A,Numaligarh Refinery Expansion Project (10 MMTPA) (Pkg 7A - Assam),Power,Assam,Tata Projects,NRL / MoPNG,Ministry of Petroleum,2017-08-10,1616.3,68.0,76.8,-8.8,1.321,12,0.74,0.99,84.8,1.08,0.618,15.9,73.8,0.384,0.0,38,at_risk,1
NHPC-SUB-LOW-PKG-07B,"Subansiri Lower Hydroelectric (2,000 MW Gerukamukh) (Pkg 7B - Assam)",Power,Assam,L&T Construction,NHPC,Ministry of Power,2017-08-12,4635.5,50.5,58.4,-7.9,1.193,2,0.696,0.926,53.9,2.0,0.495,18.2,55.3,0.402,0.0,74,at_risk,1
NFR-BOG-DBL-PKG-07C,Bogibeel Rail-cum-Road 2nd Line & Terminal (Pkg 7C - Assam),Railways,Assam,Hindustan Construction Co.,Northeast Frontier Railway,Ministry of Railways,2017-08-12,4657.1,12.8,31.7,-18.9,1.597,0,0.656,0.938,61.0,0.72,0.845,59.9,71.4,0.293,0.0,183,delayed,2
NHAI-GWH-RNG-PKG-07D,Guwahati Ring Expressway & Deepor Beel Bypass (Pkg 7D - Assam),Highways,Assam,Dilip Buildcon Ltd.,NHAI,MoRTH,2017-08-13,1546.0,75.0,81.3,-6.3,1.194,0,0.668,0.948,90.6,0.91,0.687,21.5,63.3,0.449,0.0,35,at_risk,1
NRL-EXP-NUM-PKG-08E,Numaligarh Refinery Expansion Project (10 MMTPA) (Pkg 8E - Assam),Power,Assam,Tata Projects,NRL / MoPNG,Ministry of Petroleum,2017-08-13,4408.8,72.6,82.3,-9.7,1.238,0,0.744,0.985,60.9,0.9,0.559,17.7,58.7,0.318,0.0,77,at_risk,1
NHPC-SUB-LOW-PKG-08F,"Subansiri Lower Hydroelectric (2,000 MW Gerukamukh) (Pkg 8F - Assam)",Power,Assam,L&T Construction,NHPC,Ministry of Power,2017-08-14,1881.3,77.8,83.6,-5.8,1.39,0,0.675,0.88,31.8,1.51,0.598,35.1,65.4,0.302,0.0,52,at_risk,1
NFR-BOG-DBL-PKG-08G,Bogibeel Rail-cum-Road 2nd Line & Terminal (Pkg 8G - Assam),Railways,Assam,Hindustan Construction Co.,Northeast Frontier Railway,Ministry of Railways,2017-08-15,1876.6,53.5,56.7,-3.2,1.272,0,0.704,0.926,41.9,0.85,0.846,47.0,57.5,0.357,0.0,73,at_risk,1
NHAI-GWH-RNG-PKG-08H,Guwahati Ring Expressway & Deepor Beel Bypass (Pkg 8H - Assam),Highways,Assam,Dilip Buildcon Ltd.,NHAI,MoRTH,2017-08-15,1371.3,75.6,83.5,-7.9,1.333,6,0.669,0.925,41.9,0.74,0.863,47.8,61.6,0.39,0.0,87,at_risk,1
NRL-EXP-NUM-PKG-09A,Numaligarh Refinery Expansion Project (10 MMTPA) (Pkg 9A - Assam),Power,Assam,Tata Projects,NRL / MoPNG,Ministry of Petroleum,2017-08-15,1634.3,66.0,86.5,-20.5,1.712,0,0.707,0.904,36.8,0.93,0.522,28.1,71.0,0.266,0.0,409,delayed,2
NHPC-SUB-LOW-PKG-09B,"Subansiri Lower Hydroelectric (2,000 MW Gerukamukh) (Pkg 9B - Assam)",Power,Assam,L&T Construction,NHPC,Ministry of Power,2017-08-15,617.1,25.6,35.1,-9.5,1.384,12,0.739,0.99,52.7,1.72,0.835,29.3,74.2,0.339,0.0,530,delayed,2
NFR-BOG-DBL-PKG-09C,Bogibeel Rail-cum-Road 2nd Line & Terminal (Pkg 9C - Assam),Railways,Assam,Hindustan Construction Co.,Northeast Frontier Railway,Ministry of Railways,2017-08-16,531.1,40.3,39.6,0.7,1.135,2,0.723,0.922,88.3,1.9,0.908,27.7,72.3,0.352,0.0,65,at_risk,1
NHAI-GWH-RNG-PKG-09D,Guwahati Ring Expressway & Deepor Beel Bypass (Pkg 9D - Assam),Highways,Assam,Dilip Buildcon Ltd.,NHAI,MoRTH,2017-08-16,3822.7,64.9,67.0,-2.1,0.953,0,0.726,0.99,74.3,1.84,0.761,21.4,74.9,0.548,0.0,8,on_track,0
NRL-EXP-NUM-PKG-10E,Numaligarh Refinery Expansion Project (10 MMTPA) (Pkg 10E - Assam),Power,Assam,Tata Projects,NRL / MoPNG,Ministry of Petroleum,2017-08-16,3305.6,79.7,82.9,-3.2,1.057,2,0.633,0.94,55.0,1.57,0.815,16.8,66.5,0.504,0.0,12,on_track,0
NHPC-SUB-LOW-PKG-10F,"Subansiri Lower Hydroelectric (2,000 MW Gerukamukh) (Pkg 10F - Assam)",Power,Assam,L&T Construction,NHPC,Ministry of Power,2017-08-17,1525.9,50.7,54.1,-3.4,1.145,6,0.656,0.948,53.1,1.8,0.562,17.5,63.2,0.352,0.0,21,on_track,0
NFR-BOG-DBL-PKG-10G,Bogibeel Rail-cum-Road 2nd Line & Terminal (Pkg 10G - Assam),Railways,Assam,Hindustan Construction Co.,Northeast Frontier Railway,Ministry of Railways,2017-08-19,828.1,23.4,34.6,-11.2,1.191,0,0.621,0.858,64.7,1.09,0.79,26.2,69.7,0.438,0.0,85,at_risk,1
NHAI-GWH-RNG-PKG-10H,Guwahati Ring Expressway & Deepor Beel Bypass (Pkg 10H - Assam),Highways,Assam,Dilip Buildcon Ltd.,NHAI,MoRTH,2017-08-19,2224.4,77.5,93.0,-15.5,1.531,0,0.644,0.934,74.9,1.08,0.583,25.3,64.9,0.499,0.0,115,delayed,2
NRL-EXP-NUM-PKG-11A,Numaligarh Refinery Expansion Project (10 MMTPA) (Pkg 11A - Assam),Power,Assam,Tata Projects,NRL / MoPNG,Ministry of Petroleum,2017-08-20,4967.3,21.2,42.1,-20.9,1.544,0,0.688,0.886,43.9,1.03,0.673,25.4,61.1,0.257,0.0,442,delayed,2
NHPC-SUB-LOW-PKG-11B,"Subansiri Lower Hydroelectric (2,000 MW Gerukamukh) (Pkg 11B - Assam)",Power,Assam,L&T Construction,NHPC,Ministry of Power,2017-08-20,442.3,25.7,38.5,-12.8,1.169,6,0.717,0.987,70.5,0.67,0.73,26.5,62.2,0.331,0.0,47,at_risk,1
NFR-BOG-DBL-PKG-11C,Bogibeel Rail-cum-Road 2nd Line & Terminal (Pkg 11C - Assam),Railways,Assam,Hindustan Construction Co.,Northeast Frontier Railway,Ministry of Railways,2017-08-22,944.5,58.2,74.6,-16.4,1.074,6,0.72,0.99,95.2,2.2,0.84,37.3,69.4,0.42,0.0,83,at_risk,1
NHAI-GWH-RNG-PKG-11D,Guwahati Ring Expressway & Deepor Beel Bypass (Pkg 11D - Assam),Highways,Assam,Dilip Buildcon Ltd.,NHAI,MoRTH,2017-08-23,5060.5,47.1,66.7,-19.6,1.322,18,0.76,0.957,73.4,1.9,0.789,34.5,56.7,0.433,0.0,366,delayed,2
NRL-EXP-NUM-PKG-12E,Numaligarh Refinery Expansion Project (10 MMTPA) (Pkg 12E - Assam),Power,Assam,Tata Projects,NRL / MoPNG,Ministry of Petroleum,2017-08-23,4772.0,51.0,55.5,-4.5,1.185,2,0.669,0.99,44.5,1.43,0.722,22.6,61.2,0.427,0.0,49,at_risk,1
NHPC-SUB-LOW-PKG-12F,"Subansiri Lower Hydroelectric (2,000 MW Gerukamukh) (Pkg 12F - Assam)",Power,Assam,L&T Construction,NHPC,Ministry of Power,2017-08-24,2835.5,82.8,90.5,-7.7,1.151,12,0.699,0.972,52.7,1.84,0.635,27.7,57.9,0.353,0.0,84,at_risk,1
NFR-BOG-DBL-PKG-12G,Bogibeel Rail-cum-Road 2nd Line & Terminal (Pkg 12G - Assam),Railways,Assam,Hindustan Construction Co.,Northeast Frontier Railway,Ministry of Railways,2017-08-25,746.6,60.1,70.2,-10.1,1.268,12,0.662,0.99,51.2,1.98,0.733,57.3,72.1,0.427,0.0,53,at_risk,1
NHAI-GWH-RNG-PKG-12H,Guwahati Ring Expressway & Deepor Beel Bypass (Pkg 12H - Assam),Highways,Assam,Dilip Buildcon Ltd.,NHAI,MoRTH,2017-08-26,999.0,41.5,52.3,-10.8,1.253,0,0.686,0.93,47.0,1.12,0.719,27.2,56.3,0.442,0.0,69,at_risk,1
NRL-EXP-NUM-PKG-13A,Numaligarh Refinery Expansion Project (10 MMTPA) (Pkg 13A - Assam),Power,Assam,Tata Projects,NRL / MoPNG,Ministry of Petroleum,2017-08-26,2451.8,46.0,50.6,-4.6,1.137,12,0.704,0.943,39.2,1.74,0.677,28.1,69.8,0.383,0.0,84,at_risk,1
NHPC-SUB-LOW-PKG-13B,"Subansiri Lower Hydroelectric (2,000 MW Gerukamukh) (Pkg 13B - Assam)",Power,Assam,L&T Construction,NHPC,Ministry of Power,2017-08-27,3111.3,54.6,61.8,-7.2,1.216,6,0.702,0.99,58.1,1.55,0.589,23.7,61.2,0.206,0.0,61,at_risk,1
NFR-BOG-DBL-PKG-13C,Bogibeel Rail-cum-Road 2nd Line & Terminal (Pkg 13C - Assam),Railways,Assam,Hindustan Construction Co.,Northeast Frontier Railway,Ministry of Railways,2017-08-29,3453.1,41.2,49.1,-7.9,1.215,12,0.704,0.939,33.3,2.14,0.706,51.7,68.6,0.345,0.0,77,at_risk,1
NTPC-BARH-STP-PKG-01A,"Barh Super Thermal Power Station Phase II (3,300 MW) (Pkg 1A - Bihar)",Power,Bihar,BHEL & Doosan,NTPC,Ministry of Power,2017-08-29,2519.0,64.0,73.2,-9.2,1.08,0,0.328,0.796,41.7,1.37,0.596,15.9,55.7,0.342,0.0,4,on_track,0
PMRC-PAT-PH1-PKG-01B,Patna Metro Rail Priority Corridor (Danapur-Khemnichak) (Pkg 1B - Bihar),Urban Development,Bihar,NCC Limited,PMRC / DMRC,MoHUA / Bihar PWD,2017-08-31,1575.7,72.3,79.6,-7.3,1.234,12,0.388,0.798,43.7,1.92,0.457,28.5,68.0,0.451,0.0,32,at_risk,1
NHAI-PAT-GAY-PKG-01C,Patna-Gaya-Dobhi 4-Lane Highway (NH-83) (Pkg 1C - Bihar),Highways,Bihar,KNR Constructions,NHAI,MoRTH,2017-08-31,1676.8,61.6,86.0,-24.4,1.557,12,0.286,0.935,48.2,0.65,0.81,41.0,62.5,0.446,0.0,432,delayed,2
NTPC-BARH-STP-PKG-02D,"Barh Super Thermal Power Station Phase II (3,300 MW) (Pkg 2D - Bihar)",Power,Bihar,BHEL & Doosan,NTPC,Ministry of Power,2017-09-01,467.6,65.4,70.1,-4.7,1.098,18,0.347,0.887,60.1,0.83,0.627,20.9,65.2,0.436,0.0,58,at_risk,1
PMRC-PAT-PH1-PKG-02E,Patna Metro Rail Priority Corridor (Danapur-Khemnichak) (Pkg 2E - Bihar),Urban Development,Bihar,NCC Limited,PMRC / DMRC,MoHUA / Bihar PWD,2017-09-01,1360.8,35.6,41.9,-6.3,1.208,0,0.351,0.839,73.7,0.78,0.677,37.5,64.0,0.584,0.0,84,at_risk,1
NHAI-PAT-GAY-PKG-02F,Patna-Gaya-Dobhi 4-Lane Highway (NH-83) (Pkg 2F - Bihar),Highways,Bihar,KNR Constructions,NHAI,MoRTH,2017-09-02,1670.2,51.2,61.3,-10.1,1.266,6,0.319,0.896,47.4,1.48,0.719,51.0,74.8,0.467,0.0,44,at_risk,1
NTPC-BARH-STP-PKG-03G,"Barh Super Thermal Power Station Phase II (3,300 MW) (Pkg 3G - Bihar)",Power,Bihar,BHEL & Doosan,NTPC,Ministry of Power,2017-09-03,3889.4,87.5,91.4,-3.9,1.074,2,0.266,0.888,34.3,1.0,0.671,22.9,62.3,0.451,0.0,48,at_risk,1
PMRC-PAT-PH1-PKG-03H,Patna Metro Rail Priority Corridor (Danapur-Khemnichak) (Pkg 3H - Bihar),Urban Development,Bihar,NCC Limited,PMRC / DMRC,MoHUA / Bihar PWD,2017-09-04,2513.4,69.0,88.1,-19.1,1.273,12,0.278,0.834,38.6,1.63,0.561,18.8,57.5,0.561,0.0,511,delayed,2
NHAI-PAT-GAY-PKG-03A,Patna-Gaya-Dobhi 4-Lane Highway (NH-83) (Pkg 3A - Bihar),Highways,Bihar,KNR Constructions,NHAI,MoRTH,2017-09-04,4706.5,97.9,94.9,3.0,1.041,2,0.295,0.901,63.8,0.98,0.693,50.3,57.3,0.45,0.0,64,at_risk,1
NTPC-BARH-STP-PKG-04B,"Barh Super Thermal Power Station Phase II (3,300 MW) (Pkg 4B - Bihar)",Power,Bihar,BHEL & Doosan,NTPC,Ministry of Power,2017-09-05,1341.2,54.7,74.7,-20.0,1.329,6,0.256,0.819,41.7,1.13,0.663,30.7,65.1,0.397,0.0,528,delayed,2
PMRC-PAT-PH1-PKG-04C,Patna Metro Rail Priority Corridor (Danapur-Khemnichak) (Pkg 4C - Bihar),Urban Development,Bihar,NCC Limited,PMRC / DMRC,MoHUA / Bihar PWD,2017-09-05,2449.9,71.8,71.5,0.3,1.311,0,0.295,0.913,96.6,0.98,0.672,43.9,60.2,0.614,0.0,88,at_risk,1
NHAI-PAT-GAY-PKG-04D,Patna-Gaya-Dobhi 4-Lane Highway (NH-83) (Pkg 4D - Bihar),Highways,Bihar,KNR Constructions,NHAI,MoRTH,2017-09-06,2087.4,56.8,63.9,-7.1,1.308,0,0.297,0.94,40.2,2.1,0.602,52.1,73.4,0.521,0.0,37,at_risk,1
NTPC-BARH-STP-PKG-05E,"Barh Super Thermal Power Station Phase II (3,300 MW) (Pkg 5E - Bihar)",Power,Bihar,BHEL & Doosan,NTPC,Ministry of Power,2017-09-06,3803.7,86.3,85.9,0.4,1.341,2,0.342,0.891,87.7,1.72,0.687,18.5,66.0,0.346,0.0,42,at_risk,1
PMRC-PAT-PH1-PKG-05F,Patna Metro Rail Priority Corridor (Danapur-Khemnichak) (Pkg 5F - Bihar),Urban Development,Bihar,NCC Limited,PMRC / DMRC,MoHUA / Bihar PWD,2017-09-06,2498.7,47.3,58.7,-11.4,1.165,0,0.353,0.935,62.8,1.89,0.563,19.9,58.6,0.53,0.0,53,at_risk,1
NHAI-PAT-GAY-PKG-05G,Patna-Gaya-Dobhi 4-Lane Highway (NH-83) (Pkg 5G - Bihar),Highways,Bihar,KNR Constructions,NHAI,MoRTH,2017-09-07,1811.6,46.1,67.3,-21.2,1.31,6,0.365,0.892,55.2,0.78,0.737,40.1,59.0,0.364,0.0,442,delayed,2
NTPC-BARH-STP-PKG-06H,"Barh Super Thermal Power Station Phase II (3,300 MW) (Pkg 6H - Bihar)",Power,Bihar,BHEL & Doosan,NTPC,Ministry of Power,2017-09-07,5006.1,35.9,42.4,-6.5,1.241,0,0.318,0.904,97.6,0.97,0.633,25.2,69.8,0.358,0.0,75,at_risk,1
PMRC-PAT-PH1-PKG-06A,Patna Metro Rail Priority Corridor (Danapur-Khemnichak) (Pkg 6A - Bihar),Urban Development,Bihar,NCC Limited,PMRC / DMRC,MoHUA / Bihar PWD,2017-09-08,2494.4,52.3,62.1,-9.8,1.027,0,0.352,0.799,92.3,0.83,0.734,30.9,55.1,0.656,0.0,57,at_risk,1
NHAI-PAT-GAY-PKG-06B,Patna-Gaya-Dobhi 4-Lane Highway (NH-83) (Pkg 6B - Bihar),Highways,Bihar,KNR Constructions,NHAI,MoRTH,2017-09-08,2534.1,54.1,65.0,-10.9,1.005,2,0.312,0.895,53.9,2.14,0.734,38.1,63.9,0.492,0.0,47,at_risk,1
NTPC-BARH-STP-PKG-07C,"Barh Super Thermal Power Station Phase II (3,300 MW) (Pkg 7C - Bihar)",Power,Bihar,BHEL & Doosan,NTPC,Ministry of Power,2017-09-09,1695.9,62.6,71.0,-8.4,1.125,12,0.365,0.833,88.3,2.18,0.695,26.4,70.8,0.229,0.0,84,at_risk,1
PMRC-PAT-PH1-PKG-07D,Patna Metro Rail Priority Corridor (Danapur-Khemnichak) (Pkg 7D - Bihar),Urban Development,Bihar,NCC Limited,PMRC / DMRC,MoHUA / Bihar PWD,2017-09-09,1071.8,51.9,56.1,-4.2,0.98,6,0.398,0.843,43.0,1.81,0.703,22.5,65.9,0.611,0.0,12,on_track,0
NHAI-PAT-GAY-PKG-07E,Patna-Gaya-Dobhi 4-Lane Highway (NH-83) (Pkg 7E - Bihar),Highways,Bihar,KNR Constructions,NHAI,MoRTH,2017-09-10,1783.5,51.4,50.2,1.2,1.276,2,0.225,0.916,86.4,1.11,0.843,39.7,74.2,0.51,0.0,78,at_risk,1
NTPC-BARH-STP-PKG-08F,"Barh Super Thermal Power Station Phase II (3,300 MW) (Pkg 8F - Bihar)",Power,Bihar,BHEL & Doosan,NTPC,Ministry of Power,2017-09-10,3672.4,24.3,34.1,-9.8,1.103,6,0.338,0.821,72.0,1.78,0.664,34.7,70.4,0.238,0.0,76,at_risk,1
PMRC-PAT-PH1-PKG-08G,Patna Metro Rail Priority Corridor (Danapur-Khemnichak) (Pkg 8G - Bihar),Urban Development,Bihar,NCC Limited,PMRC / DMRC,MoHUA / Bihar PWD,2017-09-10,2635.2,59.0,65.6,-6.6,1.232,2,0.335,0.942,63.1,1.97,0.608,41.2,61.8,0.541,0.0,33,at_risk,1
NHAI-PAT-GAY-PKG-08H,Patna-Gaya-Dobhi 4-Lane Highway (NH-83) (Pkg 8H - Bihar),Highways,Bihar,KNR Constructions,NHAI,MoRTH,2017-09-11,5082.6,67.0,92.2,-25.2,1.337,0,0.287,0.989,44.8,0.71,0.766,40.6,61.4,0.475,0.0,125,delayed,2
NTPC-BARH-STP-PKG-09A,"Barh Super Thermal Power Station Phase II (3,300 MW) (Pkg 9A - Bihar)",Power,Bihar,BHEL & Doosan,NTPC,Ministry of Power,2017-09-14,1571.4,76.2,79.8,-3.6,1.188,0,0.282,0.91,67.3,1.92,0.644,30.6,57.0,0.432,0.0,87,at_risk,1
PMRC-PAT-PH1-PKG-09B,Patna Metro Rail Priority Corridor (Danapur-Khemnichak) (Pkg 9B - Bihar),Urban Development,Bihar,NCC Limited,PMRC / DMRC,MoHUA / Bihar PWD,2017-09-15,779.6,28.4,31.8,-3.4,1.061,6,0.325,0.816,73.6,1.58,0.63,31.6,64.8,0.565,0.0,9,on_track,0
NHAI-PAT-GAY-PKG-09C,Patna-Gaya-Dobhi 4-Lane Highway (NH-83) (Pkg 9C - Bihar),Highways,Bihar,KNR Constructions,NHAI,MoRTH,2017-09-16,1411.1,40.9,46.8,-5.9,1.265,2,0.298,0.947,89.9,1.81,0.599,25.8,71.1,0.402,0.0,74,at_risk,1
NTPC-BARH-STP-PKG-10D,"Barh Super Thermal Power Station Phase II (3,300 MW) (Pkg 10D - Bihar)",Power,Bihar,BHEL & Doosan,NTPC,Ministry of Power,2017-09-17,1317.0,76.8,79.9,-3.1,1.051,0,0.302,0.85,77.1,1.17,0.664,19.4,58.6,0.258,0.0,17,on_track,0
PMRC-PAT-PH1-PKG-10E,Patna Metro Rail Priority Corridor (Danapur-Khemnichak) (Pkg 10E - Bihar),Urban Development,Bihar,NCC Limited,PMRC / DMRC,MoHUA / Bihar PWD,2017-09-17,4418.8,55.2,70.5,-15.3,1.28,6,0.321,0.81,34.3,1.54,0.694,17.8,57.4,0.537,0.0,64,at_risk,1
NHAI-PAT-GAY-PKG-10F,Patna-Gaya-Dobhi 4-Lane Highway (NH-83) (Pkg 10F - Bihar),Highways,Bihar,KNR Constructions,NHAI,MoRTH,2017-09-19,4781.5,59.4,84.5,-25.1,1.639,0,0.333,0.945,73.2,2.02,0.617,35.1,59.6,0.492,0.0,103,delayed,2
NTPC-BARH-STP-PKG-11G,"Barh Super Thermal Power Station Phase II (3,300 MW) (Pkg 11G - Bihar)",Power,Bihar,BHEL & Doosan,NTPC,Ministry of Power,2017-09-19,3431.7,62.0,66.8,-4.8,1.162,2,0.291,0.987,83.0,1.09,0.648,33.5,61.4,0.309,0.0,60,at_risk,1
PMRC-PAT-PH1-PKG-11H,Patna Metro Rail Priority Corridor (Danapur-Khemnichak) (Pkg 11H - Bihar),Urban Development,Bihar,NCC Limited,PMRC / DMRC,MoHUA / Bihar PWD,2017-09-19,3231.6,69.3,72.7,-3.4,1.148,0,0.303,0.884,82.6,2.05,0.478,31.7,69.9,0.575,0.0,67,at_risk,1
NHAI-PAT-GAY-PKG-11A,Patna-Gaya-Dobhi 4-Lane Highway (NH-83) (Pkg 11A - Bihar),Highways,Bihar,KNR Constructions,NHAI,MoRTH,2017-09-21,1947.9,78.1,88.4,-10.3,1.199,6,0.309,0.875,86.1,0.9,0.642,27.7,65.7,0.506,0.0,86,at_risk,1
NTPC-BARH-STP-PKG-12B,"Barh Super Thermal Power Station Phase II (3,300 MW) (Pkg 12B - Bihar)",Power,Bihar,BHEL & Doosan,NTPC,Ministry of Power,2017-09-24,1110.5,82.6,85.3,-2.7,0.872,0,0.332,0.821,83.0,1.38,0.734,26.8,59.5,0.344,0.0,15,on_track,0
PMRC-PAT-PH1-PKG-12C,Patna Metro Rail Priority Corridor (Danapur-Khemnichak) (Pkg 12C - Bihar),Urban Development,Bihar,NCC Limited,PMRC / DMRC,MoHUA / Bihar PWD,2017-09-24,3034.2,40.3,62.3,-22.0,1.447,24,0.304,0.903,53.9,2.18,0.479,39.4,71.8,0.496,0.0,415,delayed,2
NHAI-PAT-GAY-PKG-12D,Patna-Gaya-Dobhi 4-Lane Highway (NH-83) (Pkg 12D - Bihar),Highways,Bihar,KNR Constructions,NHAI,MoRTH,2017-09-24,4602.0,38.6,44.3,-5.7,1.055,18,0.35,0.871,82.6,2.11,0.733,33.7,68.5,0.443,0.0,63,at_risk,1
NTPC-BARH-STP-PKG-13E,"Barh Super Thermal Power Station Phase II (3,300 MW) (Pkg 13E - Bihar)",Power,Bihar,BHEL & Doosan,NTPC,Ministry of Power,2017-09-25,5002.7,22.1,36.2,-14.1,1.16,0,0.285,0.799,44.2,2.13,0.57,14.2,73.4,0.247,0.0,39,at_risk,1
PMRC-PAT-PH1-PKG-13F,Patna Metro Rail Priority Corridor (Danapur-Khemnichak) (Pkg 13F - Bihar),Urban Development,Bihar,NCC Limited,PMRC / DMRC,MoHUA / Bihar PWD,2017-09-27,4212.9,79.4,76.2,3.2,0.907,2,0.329,0.937,72.6,1.34,0.538,23.2,69.8,0.541,0.0,9,on_track,0
NHAI-PAT-GAY-PKG-13G,Patna-Gaya-Dobhi 4-Lane Highway (NH-83) (Pkg 13G - Bihar),Highways,Bihar,KNR Constructions,NHAI,MoRTH,2017-09-30,2053.1,45.0,53.5,-8.5,1.152,6,0.329,0.933,31.2,1.18,0.771,23.7,70.9,0.353,0.0,70,at_risk,1
NTPC-BARH-STP-PKG-14H,"Barh Super Thermal Power Station Phase II (3,300 MW) (Pkg 14H - Bihar)",Power,Bihar,BHEL & Doosan,NTPC,Ministry of Power,2017-10-01,1379.6,83.4,92.3,-8.9,1.212,2,0.324,0.888,65.1,2.06,0.647,26.0,69.3,0.373,0.0,34,at_risk,1
PMRC-PAT-PH1-PKG-14A,Patna Metro Rail Priority Corridor (Danapur-Khemnichak) (Pkg 14A - Bihar),Urban Development,Bihar,NCC Limited,PMRC / DMRC,MoHUA / Bihar PWD,2017-10-02,1588.1,35.3,33.8,1.5,0.979,6,0.385,0.872,90.5,2.2,0.575,19.9,63.5,0.575,0.0,20,on_track,0
NHAI-PAT-GAY-PKG-14B,Patna-Gaya-Dobhi 4-Lane Highway (NH-83) (Pkg 14B - Bihar),Highways,Bihar,KNR Constructions,NHAI,MoRTH,2017-10-02,3722.3,78.0,81.1,-3.1,1.136,0,0.247,0.858,39.0,1.11,0.784,37.5,70.6,0.414,0.0,34,at_risk,1
NTPC-BARH-STP-PKG-15C,"Barh Super Thermal Power Station Phase II (3,300 MW) (Pkg 15C - Bihar)",Power,Bihar,BHEL & Doosan,NTPC,Ministry of Power,2017-10-02,4072.5,35.6,40.9,-5.3,1.17,0,0.319,0.87,33.7,1.35,0.666,20.9,60.1,0.462,0.0,79,at_risk,1
PMRC-PAT-PH1-PKG-15D,Patna Metro Rail Priority Corridor (Danapur-Khemnichak) (Pkg 15D - Bihar),Urban Development,Bihar,NCC Limited,PMRC / DMRC,MoHUA / Bihar PWD,2017-10-04,3258.6,56.4,57.7,-1.3,0.867,0,0.276,0.815,84.8,0.67,0.755,41.8,70.2,0.627,0.0,25,on_track,0
NHAI-PAT-GAY-PKG-15E,Patna-Gaya-Dobhi 4-Lane Highway (NH-83) (Pkg 15E - Bihar),Highways,Bihar,KNR Constructions,NHAI,MoRTH,2017-10-05,4688.4,69.3,85.2,-15.9,1.081,2,0.323,0.884,96.2,0.74,0.798,22.8,73.6,0.457,0.0,77,at_risk,1
NTPC-BARH-STP-PKG-16F,"Barh Super Thermal Power Station Phase II (3,300 MW) (Pkg 16F - Bihar)",Power,Bihar,BHEL & Doosan,NTPC,Ministry of Power,2017-10-06,3132.3,35.3,31.0,4.3,0.981,0,0.281,0.886,40.8,1.33,0.6,18.9,65.2,0.315,0.0,20,on_track,0
PMRC-PAT-PH1-PKG-16G,Patna Metro Rail Priority Corridor (Danapur-Khemnichak) (Pkg 16G - Bihar),Urban Development,Bihar,NCC Limited,PMRC / DMRC,MoHUA / Bihar PWD,2017-10-07,4859.1,50.1,53.0,-2.9,1.087,0,0.262,0.848,85.6,1.62,0.756,35.8,73.8,0.625,0.0,29,on_track,0
NHAI-PAT-GAY-PKG-16H,Patna-Gaya-Dobhi 4-Lane Highway (NH-83) (Pkg 16H - Bihar),Highways,Bihar,KNR Constructions,NHAI,MoRTH,2017-10-07,3832.5,71.5,81.1,-9.6,1.12,2,0.356,0.979,41.8,2.17,0.902,38.4,72.1,0.368,0.0,81,at_risk,1
NTPC-BARH-STP-PKG-17A,"Barh Super Thermal Power Station Phase II (3,300 MW) (Pkg 17A - Bihar)",Power,Bihar,BHEL & Doosan,NTPC,Ministry of Power,2017-10-07,1460.8,51.2,59.1,-7.9,1.121,0,0.331,0.848,89.6,1.92,0.645,32.9,55.3,0.339,0.0,75,at_risk,1
PMRC-PAT-PH1-PKG-17B,Patna Metro Rail Priority Corridor (Danapur-Khemnichak) (Pkg 17B - Bihar),Urban Development,Bihar,NCC Limited,PMRC / DMRC,MoHUA / Bihar PWD,2017-10-10,4076.2,35.1,39.4,-4.3,1.216,0,0.348,0.881,30.6,1.65,0.477,29.3,65.2,0.554,0.0,48,at_risk,1
NHAI-PAT-GAY-PKG-17C,Patna-Gaya-Dobhi 4-Lane Highway (NH-83) (Pkg 17C - Bihar),Highways,Bihar,KNR Constructions,NHAI,MoRTH,2017-10-11,2538.0,24.9,49.4,-24.5,1.36,18,0.308,0.801,76.2,1.25,0.851,30.2,57.6,0.487,0.0,172,delayed,2
NTPC-BARH-STP-PKG-18D,"Barh Super Thermal Power Station Phase II (3,300 MW) (Pkg 18D - Bihar)",Power,Bihar,BHEL & Doosan,NTPC,Ministry of Power,2017-10-11,5010.5,65.0,66.2,-1.2,1.013,2,0.27,0.786,78.1,1.07,0.602,14.3,69.7,0.342,0.0,0,on_track,0
PMRC-PAT-PH1-PKG-18E,Patna Metro Rail Priority Corridor (Danapur-Khemnichak) (Pkg 18E - Bihar),Urban Development,Bihar,NCC Limited,PMRC / DMRC,MoHUA / Bihar PWD,2017-10-13,3862.9,54.2,55.7,-1.5,1.121,2,0.381,0.884,74.9,1.87,0.572,16.9,63.1,0.612,0.0,17,on_track,0
NHAI-PAT-GAY-PKG-18F,Patna-Gaya-Dobhi 4-Lane Highway (NH-83) (Pkg 18F - Bihar),Highways,Bihar,KNR Constructions,NHAI,MoRTH,2017-10-13,2858.5,44.7,44.5,0.2,0.972,0,0.344,0.905,89.1,1.36,0.686,25.7,59.4,0.416,0.0,6,on_track,0
NTPC-BARH-STP-PKG-19G,"Barh Super Thermal Power Station Phase II (3,300 MW) (Pkg 19G - Bihar)",Power,Bihar,BHEL & Doosan,NTPC,Ministry of Power,2017-10-13,2516.7,56.1,59.2,-3.1,0.909,0,0.33,0.856,83.2,1.77,0.632,24.4,55.1,0.411,0.0,15,on_track,0
PMRC-PAT-PH1-PKG-19H,Patna Metro Rail Priority Corridor (Danapur-Khemnichak) (Pkg 19H - Bihar),Urban Development,Bihar,NCC Limited,PMRC / DMRC,MoHUA / Bihar PWD,2017-10-13,4660.0,39.0,50.3,-11.3,1.251,12,0.284,0.957,89.1,1.21,0.603,25.6,68.7,0.559,0.0,87,at_risk,1
NHAI-PAT-GAY-PKG-19A,Patna-Gaya-Dobhi 4-Lane Highway (NH-83) (Pkg 19A - Bihar),Highways,Bihar,KNR Constructions,NHAI,MoRTH,2017-10-15,4757.5,57.3,61.8,-4.5,0.867,2,0.329,0.87,39.6,1.99,0.811,55.4,71.3,0.6,0.0,21,on_track,0
NTPC-BARH-STP-PKG-20B,"Barh Super Thermal Power Station Phase II (3,300 MW) (Pkg 20B - Bihar)",Power,Bihar,BHEL & Doosan,NTPC,Ministry of Power,2017-10-16,2163.4,52.0,52.4,-0.4,0.932,2,0.34,0.777,92.2,1.53,0.625,24.6,67.6,0.232,0.0,8,on_track,0
PMRC-PAT-PH1-PKG-20C,Patna Metro Rail Priority Corridor (Danapur-Khemnichak) (Pkg 20C - Bihar),Urban Development,Bihar,NCC Limited,PMRC / DMRC,MoHUA / Bihar PWD,2017-10-17,2890.2,50.4,55.0,-4.6,1.284,2,0.317,0.848,50.9,1.36,0.48,25.3,58.3,0.605,0.0,45,at_risk,1
NHAI-PAT-GAY-PKG-20D,Patna-Gaya-Dobhi 4-Lane Highway (NH-83) (Pkg 20D - Bihar),Highways,Bihar,KNR Constructions,NHAI,MoRTH,2017-10-18,5048.0,61.7,72.0,-10.3,1.018,2,0.338,0.973,67.0,0.7,0.799,23.9,67.8,0.345,0.0,40,at_risk,1
NTPC-BARH-STP-PKG-21E,"Barh Super Thermal Power Station Phase II (3,300 MW) (Pkg 21E - Bihar)",Power,Bihar,BHEL & Doosan,NTPC,Ministry of Power,2017-10-18,2086.7,89.7,92.0,-2.3,1.119,2,0.328,0.835,66.7,1.68,0.566,33.2,60.3,0.339,0.0,60,at_risk,1
PMRC-PAT-PH1-PKG-21F,Patna Metro Rail Priority Corridor (Danapur-Khemnichak) (Pkg 21F - Bihar),Urban Development,Bihar,NCC Limited,PMRC / DMRC,MoHUA / Bihar PWD,2017-10-19,4444.5,64.2,84.2,-20.0,1.281,24,0.304,0.846,72.7,1.94,0.485,20.0,69.2,0.496,0.0,215,delayed,2
NHAI-PAT-GAY-PKG-21G,Patna-Gaya-Dobhi 4-Lane Highway (NH-83) (Pkg 21G - Bihar),Highways,Bihar,KNR Constructions,NHAI,MoRTH,2017-10-20,3351.0,70.4,77.0,-6.6,1.015,2,0.378,0.871,75.8,2.2,0.581,28.8,56.5,0.387,0.0,65,at_risk,1
NTPC-BARH-STP-PKG-22H,"Barh Super Thermal Power Station Phase II (3,300 MW) (Pkg 22H - Bihar)",Power,Bihar,BHEL & Doosan,NTPC,Ministry of Power,2017-10-20,1997.4,46.1,50.8,-4.7,1.174,2,0.331,0.918,44.9,0.8,0.715,26.2,56.3,0.366,0.0,64,at_risk,1
NHAI-RAI-VIZ-PKG-01A,Raipur-Visakhapatnam Economic Corridor (Dhamtari Leg) (Pkg 1A - Chhattisgarh),Highways,Chhattisgarh,Dilip Buildcon Ltd.,NHAI,MoRTH,2017-10-21,4891.9,24.0,36.6,-12.6,1.453,2,0.564,0.652,34.6,2.16,0.83,37.7,62.2,0.385,0.0,326,delayed,2
SECR-BIL-USL-PKG-01B,Bilaspur-Uslapur 4th Line & Yard Modernization (Pkg 1B - Chhattisgarh),Railways,Chhattisgarh,L&T Construction,South East Central Railway,Ministry of Railways,2017-10-22,4986.0,73.7,84.4,-10.7,1.25,0,0.601,0.564,39.8,1.76,0.804,66.5,74.5,0.466,0.0,57,at_risk,1
NHAI-RAI-VIZ-PKG-02C,Raipur-Visakhapatnam Economic Corridor (Dhamtari Leg) (Pkg 2C - Chhattisgarh),Highways,Chhattisgarh,Dilip Buildcon Ltd.,NHAI,MoRTH,2017-10-23,2369.5,63.0,94.0,-31.0,1.657,12,0.667,0.586,47.0,1.5,0.703,24.6,58.8,0.521,0.0,361,delayed,2
SECR-BIL-USL-PKG-02D,Bilaspur-Uslapur 4th Line & Yard Modernization (Pkg 2D - Chhattisgarh),Railways,Chhattisgarh,L&T Construction,South East Central Railway,Ministry of Railways,2017-10-23,2170.7,19.4,30.0,-10.6,1.279,0,0.652,0.632,58.1,2.12,0.812,30.4,62.9,0.341,0.0,61,at_risk,1
NHAI-RAI-VIZ-PKG-03E,Raipur-Visakhapatnam Economic Corridor (Dhamtari Leg) (Pkg 3E - Chhattisgarh),Highways,Chhattisgarh,Dilip Buildcon Ltd.,NHAI,MoRTH,2017-10-24,2356.5,74.3,79.5,-5.2,0.912,0,0.664,0.515,31.9,1.79,0.787,41.3,67.5,0.52,0.0,26,on_track,0
SECR-BIL-USL-PKG-03F,Bilaspur-Uslapur 4th Line & Yard Modernization (Pkg 3F - Chhattisgarh),Railways,Chhattisgarh,L&T Construction,South East Central Railway,Ministry of Railways,2017-10-24,3685.8,87.3,91.7,-4.4,1.231,0,0.664,0.631,65.9,1.18,0.889,50.5,61.6,0.465,0.0,88,at_risk,1
NHAI-RAI-VIZ-PKG-04G,Raipur-Visakhapatnam Economic Corridor (Dhamtari Leg) (Pkg 4G - Chhattisgarh),Highways,Chhattisgarh,Dilip Buildcon Ltd.,NHAI,MoRTH,2017-10-24,3155.4,23.8,34.9,-11.1,1.178,6,0.602,0.638,52.0,2.13,0.762,41.3,55.7,0.401,0.0,74,at_risk,1
SECR-BIL-USL-PKG-04H,Bilaspur-Uslapur 4th Line & Yard Modernization (Pkg 4H - Chhattisgarh),Railways,Chhattisgarh,L&T Construction,South East Central Railway,Ministry of Railways,2017-10-25,1169.1,32.6,39.8,-7.2,1.176,0,0.595,0.633,92.7,1.54,0.719,60.2,62.0,0.453,0.0,35,at_risk,1
NHAI-RAI-VIZ-PKG-05A,Raipur-Visakhapatnam Economic Corridor (Dhamtari Leg) (Pkg 5A - Chhattisgarh),Highways,Chhattisgarh,Dilip Buildcon Ltd.,NHAI,MoRTH,2017-10-25,3977.5,43.2,51.7,-8.5,0.95,0,0.579,0.548,69.5,1.04,0.775,30.3,73.3,0.466,0.0,58,at_risk,1
SECR-BIL-USL-PKG-05B,Bilaspur-Uslapur 4th Line & Yard Modernization (Pkg 5B - Chhattisgarh),Railways,Chhattisgarh,L&T Construction,South East Central Railway,Ministry of Railways,2017-10-25,1427.2,53.7,75.2,-21.5,1.652,2,0.692,0.642,65.9,0.82,0.633,44.2,63.5,0.443,0.0,446,delayed,2
NHAI-RAI-VIZ-PKG-06C,Raipur-Visakhapatnam Economic Corridor (Dhamtari Leg) (Pkg 6C - Chhattisgarh),Highways,Chhattisgarh,Dilip Buildcon Ltd.,NHAI,MoRTH,2017-10-26,4872.1,70.2,87.1,-16.9,1.56,6,0.64,0.704,77.8,1.62,0.798,22.4,60.3,0.443,0.0,139,delayed,2
SECR-BIL-USL-PKG-06D,Bilaspur-Uslapur 4th Line & Yard Modernization (Pkg 6D - Chhattisgarh),Railways,Chhattisgarh,L&T Construction,South East Central Railway,Ministry of Railways,2017-10-28,3836.9,49.3,53.6,-4.3,1.013,0,0.585,0.637,84.6,2.06,0.729,51.7,62.7,0.297,0.0,2,on_track,0
NHAI-RAI-VIZ-PKG-07E,Raipur-Visakhapatnam Economic Corridor (Dhamtari Leg) (Pkg 7E - Chhattisgarh),Highways,Chhattisgarh,Dilip Buildcon Ltd.,NHAI,MoRTH,2017-10-28,1112.7,46.3,68.8,-22.5,1.712,24,0.648,0.596,46.8,1.62,0.684,51.6,64.5,0.39,0.0,425,delayed,2
SECR-BIL-USL-PKG-07F,Bilaspur-Uslapur 4th Line & Yard Modernization (Pkg 7F - Chhattisgarh),Railways,Chhattisgarh,L&T Construction,South East Central Railway,Ministry of Railways,2017-10-29,752.8,53.6,54.0,-0.4,1.097,0,0.563,0.614,75.7,1.28,0.756,29.7,66.9,0.448,0.0,55,at_risk,1
NHAI-RAI-VIZ-PKG-08G,Raipur-Visakhapatnam Economic Corridor (Dhamtari Leg) (Pkg 8G - Chhattisgarh),Highways,Chhattisgarh,Dilip Buildcon Ltd.,NHAI,MoRTH,2017-10-29,940.8,63.3,74.5,-11.2,1.105,6,0.612,0.593,74.1,2.18,0.733,23.2,61.9,0.554,0.0,56,at_risk,1
SECR-BIL-USL-PKG-08H,Bilaspur-Uslapur 4th Line & Yard Modernization (Pkg 8H - Chhattisgarh),Railways,Chhattisgarh,L&T Construction,South East Central Railway,Ministry of Railways,2017-10-31,2153.9,36.2,45.2,-9.0,0.987,0,0.611,0.541,99.0,1.92,0.926,28.1,60.6,0.444,0.0,48,at_risk,1
NHAI-RAI-VIZ-PKG-09A,Raipur-Visakhapatnam Economic Corridor (Dhamtari Leg) (Pkg 9A - Chhattisgarh),Highways,Chhattisgarh,Dilip Buildcon Ltd.,NHAI,MoRTH,2017-10-31,2378.4,32.1,52.7,-20.6,1.7,36,0.626,0.569,55.3,1.82,0.585,25.5,65.0,0.492,0.0,498,delayed,2
SECR-BIL-USL-PKG-09B,Bilaspur-Uslapur 4th Line & Yard Modernization (Pkg 9B - Chhattisgarh),Railways,Chhattisgarh,L&T Construction,South East Central Railway,Ministry of Railways,2017-11-02,681.5,63.0,75.8,-12.8,1.131,2,0.607,0.646,72.3,1.63,0.798,31.3,63.3,0.379,0.0,80,at_risk,1
NHAI-RAI-VIZ-PKG-10C,Raipur-Visakhapatnam Economic Corridor (Dhamtari Leg) (Pkg 10C - Chhattisgarh),Highways,Chhattisgarh,Dilip Buildcon Ltd.,NHAI,MoRTH,2017-11-02,4787.0,50.1,84.8,-34.7,1.477,24,0.656,0.614,43.5,1.76,0.732,33.0,68.3,0.481,0.0,524,delayed,2
SECR-BIL-USL-PKG-10D,Bilaspur-Uslapur 4th Line & Yard Modernization (Pkg 10D - Chhattisgarh),Railways,Chhattisgarh,L&T Construction,South East Central Railway,Ministry of Railways,2017-11-02,4533.5,57.6,57.5,0.1,1.327,6,0.616,0.577,46.3,1.91,0.918,34.1,66.8,0.438,0.0,35,at_risk,1
NHAI-RAI-VIZ-PKG-11E,Raipur-Visakhapatnam Economic Corridor (Dhamtari Leg) (Pkg 11E - Chhattisgarh),Highways,Chhattisgarh,Dilip Buildcon Ltd.,NHAI,MoRTH,2017-11-03,1076.4,42.0,52.0,-10.0,1.355,6,0.594,0.603,33.9,2.06,0.635,38.8,69.0,0.44,0.0,80,at_risk,1
SECR-BIL-USL-PKG-11F,Bilaspur-Uslapur 4th Line & Yard Modernization (Pkg 11F - Chhattisgarh),Railways,Chhattisgarh,L&T Construction,South East Central Railway,Ministry of Railways,2017-11-03,4788.9,44.6,58.3,-13.7,1.523,0,0.604,0.588,62.5,1.03,0.98,39.3,73.3,0.403,0.0,189,delayed,2
NHAI-RAI-VIZ-PKG-12G,Raipur-Visakhapatnam Economic Corridor (Dhamtari Leg) (Pkg 12G - Chhattisgarh),Highways,Chhattisgarh,Dilip Buildcon Ltd.,NHAI,MoRTH,2017-11-04,2734.3,39.6,52.0,-12.4,1.245,18,0.573,0.593,62.1,0.93,0.813,22.8,61.0,0.444,0.0,72,at_risk,1
SECR-BIL-USL-PKG-12H,Bilaspur-Uslapur 4th Line & Yard Modernization (Pkg 12H - Chhattisgarh),Railways,Chhattisgarh,L&T Construction,South East Central Railway,Ministry of Railways,2017-11-05,4185.9,34.4,35.3,-0.9,0.88,0,0.555,0.624,80.2,1.85,0.696,51.0,68.5,0.33,0.0,15,on_track,0
NHAI-RAI-VIZ-PKG-13A,Raipur-Visakhapatnam Economic Corridor (Dhamtari Leg) (Pkg 13A - Chhattisgarh),Highways,Chhattisgarh,Dilip Buildcon Ltd.,NHAI,MoRTH,2017-11-06,1177.5,60.4,63.8,-3.4,1.223,0,0.636,0.651,44.5,2.08,0.636,24.6,62.3,0.514,0.0,59,at_risk,1
SECR-BIL-USL-PKG-13B,Bilaspur-Uslapur 4th Line & Yard Modernization (Pkg 13B - Chhattisgarh),Railways,Chhattisgarh,L&T Construction,South East Central Railway,Ministry of Railways,2017-11-09,3774.7,53.4,64.1,-10.7,1.182,6,0.6,0.576,51.6,1.22,0.79,59.3,70.4,0.435,0.0,36,at_risk,1
NHAI-RAI-VIZ-PKG-14C,Raipur-Visakhapatnam Economic Corridor (Dhamtari Leg) (Pkg 14C - Chhattisgarh),Highways,Chhattisgarh,Dilip Buildcon Ltd.,NHAI,MoRTH,2017-11-10,3228.3,36.7,50.7,-14.0,1.419,6,0.63,0.571,53.9,0.98,0.76,28.6,71.3,0.453,0.0,32,at_risk,1
SECR-BIL-USL-PKG-14D,Bilaspur-Uslapur 4th Line & Yard Modernization (Pkg 14D - Chhattisgarh),Railways,Chhattisgarh,L&T Construction,South East Central Railway,Ministry of Railways,2017-11-12,1897.6,80.4,89.0,-8.6,1.483,6,0.667,0.636,87.6,0.67,0.789,44.5,65.8,0.353,0.0,115,delayed,2
NHAI-RAI-VIZ-PKG-15E,Raipur-Visakhapatnam Economic Corridor (Dhamtari Leg) (Pkg 15E - Chhattisgarh),Highways,Chhattisgarh,Dilip Buildcon Ltd.,NHAI,MoRTH,2017-11-13,658.5,19.8,30.9,-11.1,1.242,6,0.572,0.598,42.1,2.0,0.722,26.5,67.3,0.483,0.0,43,at_risk,1
SECR-BIL-USL-PKG-15F,Bilaspur-Uslapur 4th Line & Yard Modernization (Pkg 15F - Chhattisgarh),Railways,Chhattisgarh,L&T Construction,South East Central Railway,Ministry of Railways,2017-11-14,761.5,71.2,87.3,-16.1,1.374,12,0.627,0.633,66.5,1.69,0.713,36.1,71.3,0.392,0.0,262,delayed,2
NHAI-RAI-VIZ-PKG-16G,Raipur-Visakhapatnam Economic Corridor (Dhamtari Leg) (Pkg 16G - Chhattisgarh),Highways,Chhattisgarh,Dilip Buildcon Ltd.,NHAI,MoRTH,2017-11-14,2351.6,65.1,65.8,-0.7,0.919,0,0.63,0.559,85.2,1.01,0.774,29.2,67.8,0.473,0.0,15,on_track,0
SECR-BIL-USL-PKG-16H,Bilaspur-Uslapur 4th Line & Yard Modernization (Pkg 16H - Chhattisgarh),Railways,Chhattisgarh,L&T Construction,South East Central Railway,Ministry of Railways,2017-11-14,2334.7,49.6,51.2,-1.6,1.096,2,0.615,0.658,35.5,0.95,0.768,40.4,64.5,0.427,0.0,29,on_track,0
NHAI-RAI-VIZ-PKG-17A,Raipur-Visakhapatnam Economic Corridor (Dhamtari Leg) (Pkg 17A - Chhattisgarh),Highways,Chhattisgarh,Dilip Buildcon Ltd.,NHAI,MoRTH,2017-11-14,752.2,46.3,48.0,-1.7,1.218,12,0.576,0.441,88.2,1.28,0.6,38.2,61.7,0.475,0.0,50,at_risk,1
SECR-BIL-USL-PKG-17B,Bilaspur-Uslapur 4th Line & Yard Modernization (Pkg 17B - Chhattisgarh),Railways,Chhattisgarh,L&T Construction,South East Central Railway,Ministry of Railways,2017-11-15,1338.7,71.7,83.8,-12.1,1.286,6,0.622,0.583,41.9,1.34,0.799,54.2,59.2,0.378,0.0,102,delayed,2
NHAI-RAI-VIZ-PKG-18C,Raipur-Visakhapatnam Economic Corridor (Dhamtari Leg) (Pkg 18C - Chhattisgarh),Highways,Chhattisgarh,Dilip Buildcon Ltd.,NHAI,MoRTH,2017-11-15,3432.4,28.4,30.2,-1.8,0.889,0,0.572,0.554,64.8,1.08,0.626,23.7,69.6,0.494,0.0,22,on_track,0
SECR-BIL-USL-PKG-18D,Bilaspur-Uslapur 4th Line & Yard Modernization (Pkg 18D - Chhattisgarh),Railways,Chhattisgarh,L&T Construction,South East Central Railway,Ministry of Railways,2017-11-16,793.8,60.4,81.8,-21.4,1.427,12,0.632,0.582,54.7,1.77,0.813,63.2,61.4,0.391,0.0,322,delayed,2
NHAI-RAI-VIZ-PKG-19E,Raipur-Visakhapatnam Economic Corridor (Dhamtari Leg) (Pkg 19E - Chhattisgarh),Highways,Chhattisgarh,Dilip Buildcon Ltd.,NHAI,MoRTH,2017-11-17,3641.3,46.5,47.6,-1.1,1.047,6,0.629,0.55,52.5,0.7,0.476,53.0,57.5,0.425,0.0,27,on_track,0
SECR-BIL-USL-PKG-19F,Bilaspur-Uslapur 4th Line & Yard Modernization (Pkg 19F - Chhattisgarh),Railways,Chhattisgarh,L&T Construction,South East Central Railway,Ministry of Railways,2017-11-17,1045.5,33.6,51.0,-17.4,1.415,0,0.645,0.504,49.9,1.23,0.787,47.9,70.1,0.388,0.0,80,at_risk,1
NHAI-RAI-VIZ-PKG-20G,Raipur-Visakhapatnam Economic Corridor (Dhamtari Leg) (Pkg 20G - Chhattisgarh),Highways,Chhattisgarh,Dilip Buildcon Ltd.,NHAI,MoRTH,2017-11-17,3172.0,40.7,40.9,-0.2,1.112,0,0.633,0.576,31.9,1.28,0.642,27.1,74.9,0.481,0.0,41,at_risk,1
SECR-BIL-USL-PKG-20H,Bilaspur-Uslapur 4th Line & Yard Modernization (Pkg 20H - Chhattisgarh),Railways,Chhattisgarh,L&T Construction,South East Central Railway,Ministry of Railways,2017-11-18,2130.9,72.0,86.2,-14.2,1.281,0,0.637,0.586,47.4,1.23,0.801,45.7,60.1,0.411,0.0,67,at_risk,1
NHAI-RAI-VIZ-PKG-21A,Raipur-Visakhapatnam Economic Corridor (Dhamtari Leg) (Pkg 21A - Chhattisgarh),Highways,Chhattisgarh,Dilip Buildcon Ltd.,NHAI,MoRTH,2017-11-22,2191.4,71.9,72.0,-0.1,1.112,0,0.55,0.584,41.2,2.02,0.572,51.9,55.2,0.497,0.0,62,at_risk,1
SECR-BIL-USL-PKG-21B,Bilaspur-Uslapur 4th Line & Yard Modernization (Pkg 21B - Chhattisgarh),Railways,Chhattisgarh,L&T Construction,South East Central Railway,Ministry of Railways,2017-11-23,2687.0,65.0,83.2,-18.2,1.635,12,0.659,0.65,95.6,1.72,0.89,35.4,58.1,0.375,0.0,246,delayed,2
NHAI-RAI-VIZ-PKG-22C,Raipur-Visakhapatnam Economic Corridor (Dhamtari Leg) (Pkg 22C - Chhattisgarh),Highways,Chhattisgarh,Dilip Buildcon Ltd.,NHAI,MoRTH,2017-11-27,4329.9,46.5,57.0,-10.5,1.042,18,0.655,0.562,63.9,1.14,0.747,44.9,70.8,0.491,0.0,38,at_risk,1
SECR-BIL-USL-PKG-22D,Bilaspur-Uslapur 4th Line & Yard Modernization (Pkg 22D - Chhattisgarh),Railways,Chhattisgarh,L&T Construction,South East Central Railway,Ministry of Railways,2017-11-27,714.4,64.0,83.6,-19.6,1.48,6,0.562,0.619,43.3,1.22,0.744,51.6,57.1,0.369,0.0,97,delayed,2
NHAI-RAI-VIZ-PKG-23E,Raipur-Visakhapatnam Economic Corridor (Dhamtari Leg) (Pkg 23E - Chhattisgarh),Highways,Chhattisgarh,Dilip Buildcon Ltd.,NHAI,MoRTH,2017-11-28,2065.0,8.4,32.4,-24.0,1.574,24,0.523,0.601,41.1,1.2,0.631,34.7,63.4,0.489,0.0,99,delayed,2
SECR-BIL-USL-PKG-23F,Bilaspur-Uslapur 4th Line & Yard Modernization (Pkg 23F - Chhattisgarh),Railways,Chhattisgarh,L&T Construction,South East Central Railway,Ministry of Railways,2017-11-29,4562.7,65.7,74.2,-8.5,1.283,6,0.677,0.622,36.0,1.37,0.74,39.4,58.5,0.397,0.0,81,at_risk,1
NHAI-RAI-VIZ-PKG-24G,Raipur-Visakhapatnam Economic Corridor (Dhamtari Leg) (Pkg 24G - Chhattisgarh),Highways,Chhattisgarh,Dilip Buildcon Ltd.,NHAI,MoRTH,2017-11-29,3776.9,71.1,90.7,-19.6,1.279,2,0.565,0.604,93.2,0.73,0.816,32.9,72.3,0.525,0.0,326,delayed,2
SECR-BIL-USL-PKG-24H,Bilaspur-Uslapur 4th Line & Yard Modernization (Pkg 24H - Chhattisgarh),Railways,Chhattisgarh,L&T Construction,South East Central Railway,Ministry of Railways,2017-11-29,2266.7,38.0,39.2,-1.2,0.924,0,0.651,0.651,87.9,1.52,0.748,55.2,70.2,0.42,0.0,4,on_track,0
NHAI-RAI-VIZ-PKG-25A,Raipur-Visakhapatnam Economic Corridor (Dhamtari Leg) (Pkg 25A - Chhattisgarh),Highways,Chhattisgarh,Dilip Buildcon Ltd.,NHAI,MoRTH,2017-11-30,975.2,44.4,41.3,3.1,0.976,6,0.61,0.574,97.5,1.76,0.801,45.4,74.9,0.377,0.0,21,on_track,0
SECR-BIL-USL-PKG-25B,Bilaspur-Uslapur 4th Line & Yard Modernization (Pkg 25B - Chhattisgarh),Railways,Chhattisgarh,L&T Construction,South East Central Railway,Ministry of Railways,2017-11-30,714.9,53.5,61.1,-7.6,1.46,2,0.678,0.676,61.0,1.23,0.774,47.3,62.3,0.369,0.0,265,delayed,2
MORTH-ZUA-BRG-PKG-01A,New Zuari 8-Lane Cable-Stayed Bridge & Observatory (Pkg 1A - Goa),Highways,Goa,Dilip Buildcon Ltd.,MoRTH / Goa PWD,MoRTH,2017-12-01,3901.0,56.2,67.9,-11.7,1.092,0,0.536,0.715,69.3,1.14,0.646,45.0,56.7,0.533,0.0,38,at_risk,1
KRCL-GOA-DBL-PKG-01B,Konkan Railway Madgaon-Majorda Doubling (Pkg 1B - Goa),Railways,Goa,L&T Construction,Konkan Railway Corp,Ministry of Railways,2017-12-02,2042.1,64.6,71.4,-6.8,1.109,2,0.484,0.796,47.0,1.8,0.923,33.2,58.4,0.292,0.0,86,at_risk,1
NHAI-MOP-AIR-PKG-01C,Mopa International Airport Expressway Link (Pkg 1C - Goa),Highways,Goa,Ashoka Buildcon,NHAI,MoRTH,2017-12-03,4248.9,70.6,89.5,-18.9,1.505,12,0.626,0.806,90.8,1.29,0.697,30.4,69.0,0.539,0.0,444,delayed,2
MORTH-ZUA-BRG-PKG-02D,New Zuari 8-Lane Cable-Stayed Bridge & Observatory (Pkg 2D - Goa),Highways,Goa,Dilip Buildcon Ltd.,MoRTH / Goa PWD,MoRTH,2017-12-03,2853.9,42.5,43.3,-0.8,1.059,0,0.596,0.777,62.9,1.36,0.661,33.5,66.6,0.451,0.0,19,on_track,0
KRCL-GOA-DBL-PKG-02E,Konkan Railway Madgaon-Majorda Doubling (Pkg 2E - Goa),Railways,Goa,L&T Construction,Konkan Railway Corp,Ministry of Railways,2017-12-06,2277.1,60.1,76.8,-16.7,1.627,6,0.597,0.718,66.8,1.76,0.823,65.0,66.6,0.345,0.0,417,delayed,2
NHAI-MOP-AIR-PKG-02F,Mopa International Airport Expressway Link (Pkg 2F - Goa),Highways,Goa,Ashoka Buildcon,NHAI,MoRTH,2017-12-06,3890.1,62.7,71.4,-8.7,1.261,2,0.662,0.736,36.2,1.29,0.797,45.3,70.0,0.326,0.0,53,at_risk,1
MORTH-ZUA-BRG-PKG-03G,New Zuari 8-Lane Cable-Stayed Bridge & Observatory (Pkg 3G - Goa),Highways,Goa,Dilip Buildcon Ltd.,MoRTH / Goa PWD,MoRTH,2017-12-06,3049.4,84.0,83.4,0.6,0.976,2,0.636,0.792,97.2,1.67,0.586,21.8,65.5,0.407,0.0,27,on_track,0
KRCL-GOA-DBL-PKG-03H,Konkan Railway Madgaon-Majorda Doubling (Pkg 3H - Goa),Railways,Goa,L&T Construction,Konkan Railway Corp,Ministry of Railways,2017-12-07,4065.5,59.2,71.4,-12.2,1.199,2,0.622,0.763,94.1,1.83,0.673,66.7,65.1,0.358,0.0,68,at_risk,1
NHAI-MOP-AIR-PKG-03A,Mopa International Airport Expressway Link (Pkg 3A - Goa),Highways,Goa,Ashoka Buildcon,NHAI,MoRTH,2017-12-08,929.9,50.9,62.6,-11.7,1.203,12,0.551,0.853,64.5,0.93,0.655,29.8,69.7,0.449,0.0,369,delayed,2
MORTH-ZUA-BRG-PKG-04B,New Zuari 8-Lane Cable-Stayed Bridge & Observatory (Pkg 4B - Goa),Highways,Goa,Dilip Buildcon Ltd.,MoRTH / Goa PWD,MoRTH,2017-12-09,4984.3,74.5,78.0,-3.5,1.012,2,0.589,0.784,97.8,1.4,0.686,40.3,56.3,0.341,0.0,13,on_track,0
KRCL-GOA-DBL-PKG-04C,Konkan Railway Madgaon-Majorda Doubling (Pkg 4C - Goa),Railways,Goa,L&T Construction,Konkan Railway Corp,Ministry of Railways,2017-12-10,3225.2,41.4,45.2,-3.8,1.153,6,0.543,0.818,98.7,1.72,0.932,65.0,72.7,0.393,0.0,89,at_risk,1
NHAI-MOP-AIR-PKG-04D,Mopa International Airport Expressway Link (Pkg 4D - Goa),Highways,Goa,Ashoka Buildcon,NHAI,MoRTH,2017-12-10,1207.9,56.2,74.9,-18.7,1.255,6,0.521,0.791,82.8,1.61,0.833,47.2,65.8,0.498,0.0,271,delayed,2
MORTH-ZUA-BRG-PKG-05E,New Zuari 8-Lane Cable-Stayed Bridge & Observatory (Pkg 5E - Goa),Highways,Goa,Dilip Buildcon Ltd.,MoRTH / Goa PWD,MoRTH,2017-12-11,3643.0,44.8,44.3,0.5,1.007,2,0.575,0.806,80.0,1.59,0.694,35.4,61.0,0.394,0.0,0,on_track,0
KRCL-GOA-DBL-PKG-05F,Konkan Railway Madgaon-Majorda Doubling (Pkg 5F - Goa),Railways,Goa,L&T Construction,Konkan Railway Corp,Ministry of Railways,2017-12-11,1901.0,65.0,86.3,-21.3,1.391,0,0.569,0.804,54.4,2.08,0.641,61.9,59.1,0.422,0.0,121,delayed,2
NHAI-MOP-AIR-PKG-05G,Mopa International Airport Expressway Link (Pkg 5G - Goa),Highways,Goa,Ashoka Buildcon,NHAI,MoRTH,2017-12-11,3628.3,64.5,72.1,-7.6,1.07,0,0.605,0.749,34.7,2.2,0.803,50.2,55.5,0.426,0.0,54,at_risk,1
MORTH-ZUA-BRG-PKG-06H,New Zuari 8-Lane Cable-Stayed Bridge & Observatory (Pkg 6H - Goa),Highways,Goa,Dilip Buildcon Ltd.,MoRTH / Goa PWD,MoRTH,2017-12-13,4048.6,51.1,58.7,-7.6,1.472,6,0.553,0.744,73.6,2.15,0.72,32.8,66.2,0.474,0.0,63,at_risk,1
KRCL-GOA-DBL-PKG-06A,Konkan Railway Madgaon-Majorda Doubling (Pkg 6A - Goa),Railways,Goa,L&T Construction,Konkan Railway Corp,Ministry of Railways,2017-12-13,3010.2,62.7,73.4,-10.7,1.079,0,0.573,0.723,66.5,1.56,0.709,57.2,55.2,0.484,0.0,85,at_risk,1
NHAI-MOP-AIR-PKG-06B,Mopa International Airport Expressway Link (Pkg 6B - Goa),Highways,Goa,Ashoka Buildcon,NHAI,MoRTH,2017-12-14,3254.5,91.4,91.4,-0.0,1.018,6,0.603,0.776,53.9,1.81,0.726,36.8,66.0,0.477,0.0,13,on_track,0
MORTH-ZUA-BRG-PKG-07C,New Zuari 8-Lane Cable-Stayed Bridge & Observatory (Pkg 7C - Goa),Highways,Goa,Dilip Buildcon Ltd.,MoRTH / Goa PWD,MoRTH,2017-12-15,1904.8,32.9,34.5,-1.6,0.941,2,0.549,0.71,91.7,2.11,0.647,24.0,69.8,0.554,0.0,25,on_track,0
KRCL-GOA-DBL-PKG-07D,Konkan Railway Madgaon-Majorda Doubling (Pkg 7D - Goa),Railways,Goa,L&T Construction,Konkan Railway Corp,Ministry of Railways,2017-12-15,881.3,42.9,40.4,2.5,1.263,2,0.529,0.807,63.8,1.26,0.707,26.4,73.2,0.418,0.0,70,at_risk,1
NHAI-MOP-AIR-PKG-07E,Mopa International Airport Expressway Link (Pkg 7E - Goa),Highways,Goa,Ashoka Buildcon,NHAI,MoRTH,2017-12-17,4349.2,85.1,89.7,-4.6,1.215,2,0.626,0.755,38.2,0.85,0.781,53.8,65.7,0.426,0.0,36,at_risk,1
MORTH-ZUA-BRG-PKG-08F,New Zuari 8-Lane Cable-Stayed Bridge & Observatory (Pkg 8F - Goa),Highways,Goa,Dilip Buildcon Ltd.,MoRTH / Goa PWD,MoRTH,2017-12-17,525.1,73.6,89.3,-15.7,1.404,2,0.661,0.828,44.1,1.12,0.859,43.8,65.5,0.492,0.0,392,delayed,2
KRCL-GOA-DBL-PKG-08G,Konkan Railway Madgaon-Majorda Doubling (Pkg 8G - Goa),Railways,Goa,L&T Construction,Konkan Railway Corp,Ministry of Railways,2017-12-18,4854.3,61.7,75.0,-13.3,1.733,6,0.601,0.872,58.8,0.86,0.668,47.2,68.3,0.472,0.0,356,delayed,2
NHAI-MOP-AIR-PKG-08H,Mopa International Airport Expressway Link (Pkg 8H - Goa),Highways,Goa,Ashoka Buildcon,NHAI,MoRTH,2017-12-19,865.9,26.8,47.0,-20.2,1.262,18,0.568,0.779,48.7,1.29,0.837,52.4,73.0,0.499,0.0,161,delayed,2
MORTH-ZUA-BRG-PKG-09A,New Zuari 8-Lane Cable-Stayed Bridge & Observatory (Pkg 9A - Goa),Highways,Goa,Dilip Buildcon Ltd.,MoRTH / Goa PWD,MoRTH,2017-12-19,1501.6,33.0,35.7,-2.7,1.134,2,0.521,0.685,66.5,0.88,0.56,46.5,56.3,0.501,0.0,53,at_risk,1
KRCL-GOA-DBL-PKG-09B,Konkan Railway Madgaon-Majorda Doubling (Pkg 9B - Goa),Railways,Goa,L&T Construction,Konkan Railway Corp,Ministry of Railways,2017-12-20,1897.5,37.0,63.8,-26.8,1.596,12,0.572,0.772,49.5,1.65,0.833,26.9,72.5,0.416,0.0,298,delayed,2
NHAI-MOP-AIR-PKG-09C,Mopa International Airport Expressway Link (Pkg 9C - Goa),Highways,Goa,Ashoka Buildcon,NHAI,MoRTH,2017-12-20,4782.6,48.4,73.6,-25.2,1.456,6,0.632,0.909,46.3,1.99,0.769,45.3,61.2,0.325,0.0,440,delayed,2
MORTH-ZUA-BRG-PKG-10D,New Zuari 8-Lane Cable-Stayed Bridge & Observatory (Pkg 10D - Goa),Highways,Goa,Dilip Buildcon Ltd.,MoRTH / Goa PWD,MoRTH,2017-12-20,4545.7,91.4,86.5,4.9,1.045,2,0.507,0.736,56.8,1.12,0.829,21.1,55.5,0.421,0.0,13,on_track,0
KRCL-GOA-DBL-PKG-10E,Konkan Railway Madgaon-Majorda Doubling (Pkg 10E - Goa),Railways,Goa,L&T Construction,Konkan Railway Corp,Ministry of Railways,2017-12-21,4416.0,82.7,85.3,-2.6,1.32,12,0.611,0.731,90.0,1.29,0.719,43.6,56.8,0.341,0.0,47,at_risk,1
NHAI-MOP-AIR-PKG-10F,Mopa International Airport Expressway Link (Pkg 10F - Goa),Highways,Goa,Ashoka Buildcon,NHAI,MoRTH,2017-12-21,977.0,49.5,52.8,-3.3,1.201,12,0.595,0.782,63.2,0.66,0.692,35.6,55.2,0.477,0.0,43,at_risk,1
MORTH-ZUA-BRG-PKG-11G,New Zuari 8-Lane Cable-Stayed Bridge & Observatory (Pkg 11G - Goa),Highways,Goa,Dilip Buildcon Ltd.,MoRTH / Goa PWD,MoRTH,2017-12-22,3906.2,66.7,86.3,-19.6,1.469,6,0.588,0.78,35.2,2.19,0.575,31.1,63.2,0.482,0.0,465,delayed,2
KRCL-GOA-DBL-PKG-11H,Konkan Railway Madgaon-Majorda Doubling (Pkg 11H - Goa),Railways,Goa,L&T Construction,Konkan Railway Corp,Ministry of Railways,2017-12-23,3728.1,29.3,52.4,-23.1,1.427,2,0.614,0.787,34.5,2.16,0.728,48.7,65.9,0.544,0.0,98,delayed,2
NHAI-MOP-AIR-PKG-11A,Mopa International Airport Expressway Link (Pkg 11A - Goa),Highways,Goa,Ashoka Buildcon,NHAI,MoRTH,2017-12-23,2568.5,82.6,84.0,-1.4,1.109,0,0.593,0.826,60.1,1.1,0.698,36.9,69.7,0.318,0.0,28,on_track,0
MORTH-ZUA-BRG-PKG-12B,New Zuari 8-Lane Cable-Stayed Bridge & Observatory (Pkg 12B - Goa),Highways,Goa,Dilip Buildcon Ltd.,MoRTH / Goa PWD,MoRTH,2017-12-24,799.9,39.7,48.8,-9.1,1.03,0,0.56,0.68,38.7,0.82,0.835,30.1,68.8,0.428,0.0,64,at_risk,1
NHSRCL-MAHSR-PKG-01A,Mumbai-Ahmedabad High Speed Rail Bullet Train (Pkg 1A - Gujarat),Railways,Gujarat,L&T Construction,NHSRCL,Ministry of Railways,2017-12-24,4622.1,51.3,61.8,-10.5,1.195,6,0.405,0.565,59.8,1.17,0.771,57.7,61.3,0.487,0.0,84,at_risk,1
GMRC-AHM-PH2-PKG-01B,Ahmedabad Metro Phase II (Motera-Gandhinagar) (Pkg 1B - Gujarat),Urban Development,Gujarat,Afcons Infrastructure,GMRC,MoHUA / Gujarat PWD,2017-12-25,2153.1,44.2,49.3,-5.1,1.165,18,0.376,0.607,83.9,1.81,0.644,18.5,59.7,0.486,0.0,31,at_risk,1
NHAI-AHM-DHO-PKG-01C,Ahmedabad-Dholera Expressway (SIR Greenfield) (Pkg 1C - Gujarat),Highways,Gujarat,Sadbhav Engineering,NHAI,MoRTH,2017-12-25,2100.4,75.9,83.4,-7.5,0.982,18,0.351,0.536,93.3,0.89,0.614,42.7,62.3,0.319,0.0,56,at_risk,1
NHSRCL-MAHSR-PKG-02D,Mumbai-Ahmedabad High Speed Rail Bullet Train (Pkg 2D - Gujarat),Railways,Gujarat,L&T Construction,NHSRCL,Ministry of Railways,2017-12-25,2681.1,25.7,42.4,-16.7,1.211,0,0.303,0.624,65.6,1.79,0.909,51.6,74.8,0.323,0.0,55,at_risk,1
GMRC-AHM-PH2-PKG-02E,Ahmedabad Metro Phase II (Motera-Gandhinagar) (Pkg 2E - Gujarat),Urban Development,Gujarat,Afcons Infrastructure,GMRC,MoHUA / Gujarat PWD,2017-12-25,3194.9,43.4,45.8,-2.4,0.939,2,0.302,0.56,97.1,1.43,0.673,34.2,56.7,0.526,0.0,21,on_track,0
NHAI-AHM-DHO-PKG-02F,Ahmedabad-Dholera Expressway (SIR Greenfield) (Pkg 2F - Gujarat),Highways,Gujarat,Sadbhav Engineering,NHAI,MoRTH,2017-12-26,3985.2,57.8,58.8,-1.0,1.171,0,0.385,0.545,62.6,2.11,0.772,28.2,73.6,0.391,0.0,1,on_track,0
NHSRCL-MAHSR-PKG-03G,Mumbai-Ahmedabad High Speed Rail Bullet Train (Pkg 3G - Gujarat),Railways,Gujarat,L&T Construction,NHSRCL,Ministry of Railways,2017-12-26,4078.0,30.4,46.3,-15.9,1.27,6,0.4,0.576,63.8,0.82,0.641,58.9,57.3,0.566,0.0,226,delayed,2
GMRC-AHM-PH2-PKG-03H,Ahmedabad Metro Phase II (Motera-Gandhinagar) (Pkg 3H - Gujarat),Urban Development,Gujarat,Afcons Infrastructure,GMRC,MoHUA / Gujarat PWD,2017-12-26,546.0,37.1,37.4,-0.3,1.161,2,0.382,0.601,59.1,2.17,0.629,22.8,59.0,0.499,0.0,7,on_track,0
NHAI-AHM-DHO-PKG-03A,Ahmedabad-Dholera Expressway (SIR Greenfield) (Pkg 3A - Gujarat),Highways,Gujarat,Sadbhav Engineering,NHAI,MoRTH,2017-12-26,1916.7,74.2,78.3,-4.1,1.076,12,0.343,0.59,91.4,1.5,0.799,34.4,68.1,0.392,0.0,69,at_risk,1
NHSRCL-MAHSR-PKG-04B,Mumbai-Ahmedabad High Speed Rail Bullet Train (Pkg 4B - Gujarat),Railways,Gujarat,L&T Construction,NHSRCL,Ministry of Railways,2017-12-27,3848.5,75.7,84.8,-9.1,1.14,0,0.342,0.578,83.6,1.42,0.833,59.3,61.2,0.423,0.0,50,at_risk,1
GMRC-AHM-PH2-PKG-04C,Ahmedabad Metro Phase II (Motera-Gandhinagar) (Pkg 4C - Gujarat),Urban Development,Gujarat,Afcons Infrastructure,GMRC,MoHUA / Gujarat PWD,2017-12-30,921.7,50.6,69.4,-18.8,1.233,18,0.323,0.618,36.5,1.38,0.468,34.8,72.8,0.509,0.0,84,at_risk,1
NHAI-AHM-DHO-PKG-04D,Ahmedabad-Dholera Expressway (SIR Greenfield) (Pkg 4D - Gujarat),Highways,Gujarat,Sadbhav Engineering,NHAI,MoRTH,2017-12-31,2215.3,41.0,39.4,1.6,1.032,0,0.345,0.511,89.0,1.21,0.797,37.5,68.2,0.476,0.0,5,on_track,0
NHSRCL-MAHSR-PKG-05E,Mumbai-Ahmedabad High Speed Rail Bullet Train (Pkg 5E - Gujarat),Railways,Gujarat,L&T Construction,NHSRCL,Ministry of Railways,2018-01-01,4460.0,70.5,87.8,-17.3,1.075,0,0.317,0.554,54.8,0.86,0.709,46.6,68.4,0.479,0.0,35,at_risk,1
GMRC-AHM-PH2-PKG-05F,Ahmedabad Metro Phase II (Motera-Gandhinagar) (Pkg 5F - Gujarat),Urban Development,Gujarat,Afcons Infrastructure,GMRC,MoHUA / Gujarat PWD,2018-01-01,2499.5,39.3,54.7,-15.4,1.048,18,0.249,0.569,70.6,1.68,0.589,26.5,73.2,0.525,0.0,57,at_risk,1
NHAI-AHM-DHO-PKG-05G,Ahmedabad-Dholera Expressway (SIR Greenfield) (Pkg 5G - Gujarat),Highways,Gujarat,Sadbhav Engineering,NHAI,MoRTH,2018-01-02,3285.4,37.7,44.4,-6.7,1.226,0,0.313,0.658,88.5,0.81,0.844,29.7,68.5,0.497,0.0,66,at_risk,1
NHSRCL-MAHSR-PKG-06H,Mumbai-Ahmedabad High Speed Rail Bullet Train (Pkg 6H - Gujarat),Railways,Gujarat,L&T Construction,NHSRCL,Ministry of Railways,2018-01-02,4142.7,59.2,80.3,-21.1,1.583,36,0.402,0.551,56.8,0.89,0.779,37.1,68.3,0.501,0.0,454,delayed,2
GMRC-AHM-PH2-PKG-06A,Ahmedabad Metro Phase II (Motera-Gandhinagar) (Pkg 6A - Gujarat),Urban Development,Gujarat,Afcons Infrastructure,GMRC,MoHUA / Gujarat PWD,2018-01-03,4166.0,54.0,63.1,-9.1,1.177,0,0.357,0.71,95.3,0.77,0.569,38.8,68.8,0.569,0.0,71,at_risk,1
NHAI-AHM-DHO-PKG-06B,Ahmedabad-Dholera Expressway (SIR Greenfield) (Pkg 6B - Gujarat),Highways,Gujarat,Sadbhav Engineering,NHAI,MoRTH,2018-01-03,2292.4,27.1,38.8,-11.7,1.39,12,0.381,0.528,47.3,2.04,0.718,54.0,73.2,0.571,0.0,44,at_risk,1
NHSRCL-MAHSR-PKG-07C,Mumbai-Ahmedabad High Speed Rail Bullet Train (Pkg 7C - Gujarat),Railways,Gujarat,L&T Construction,NHSRCL,Ministry of Railways,2018-01-03,4562.0,29.0,35.3,-6.3,1.175,0,0.306,0.501,94.7,1.46,0.766,26.0,55.3,0.402,0.0,12,on_track,0
GMRC-AHM-PH2-PKG-07D,Ahmedabad Metro Phase II (Motera-Gandhinagar) (Pkg 7D - Gujarat),Urban Development,Gujarat,Afcons Infrastructure,GMRC,MoHUA / Gujarat PWD,2018-01-03,498.3,33.5,33.6,-0.1,1.079,0,0.341,0.504,36.4,2.08,0.676,20.4,68.8,0.617,0.0,29,on_track,0
NHAI-AHM-DHO-PKG-07E,Ahmedabad-Dholera Expressway (SIR Greenfield) (Pkg 7E - Gujarat),Highways,Gujarat,Sadbhav Engineering,NHAI,MoRTH,2018-01-05,2291.7,78.1,88.6,-10.5,1.246,6,0.344,0.481,67.0,2.15,0.745,28.4,69.5,0.41,0.0,42,at_risk,1
NHSRCL-MAHSR-PKG-08F,Mumbai-Ahmedabad High Speed Rail Bullet Train (Pkg 8F - Gujarat),Railways,Gujarat,L&T Construction,NHSRCL,Ministry of Railways,2018-01-06,2653.7,42.0,44.3,-2.3,1.44,2,0.421,0.632,63.7,0.76,0.787,38.8,60.6,0.395,0.0,56,at_risk,1
GMRC-AHM-PH2-PKG-08G,Ahmedabad Metro Phase II (Motera-Gandhinagar) (Pkg 8G - Gujarat),Urban Development,Gujarat,Afcons Infrastructure,GMRC,MoHUA / Gujarat PWD,2018-01-07,2906.0,55.9,66.3,-10.4,1.148,2,0.377,0.639,70.0,0.72,0.601,34.3,67.5,0.609,0.0,49,at_risk,1
NHAI-AHM-DHO-PKG-08H,Ahmedabad-Dholera Expressway (SIR Greenfield) (Pkg 8H - Gujarat),Highways,Gujarat,Sadbhav Engineering,NHAI,MoRTH,2018-01-07,4993.3,35.7,36.9,-1.2,1.32,2,0.372,0.584,52.0,1.55,0.825,35.4,69.6,0.537,0.0,39,at_risk,1
NHSRCL-MAHSR-PKG-09A,Mumbai-Ahmedabad High Speed Rail Bullet Train (Pkg 9A - Gujarat),Railways,Gujarat,L&T Construction,NHSRCL,Ministry of Railways,2018-01-09,3913.7,25.7,32.5,-6.8,1.181,0,0.365,0.553,93.3,1.92,0.719,59.1,61.9,0.384,0.0,48,at_risk,1
GMRC-AHM-PH2-PKG-09B,Ahmedabad Metro Phase II (Motera-Gandhinagar) (Pkg 9B - Gujarat),Urban Development,Gujarat,Afcons Infrastructure,GMRC,MoHUA / Gujarat PWD,2018-01-10,4402.7,43.2,42.2,1.0,1.064,12,0.291,0.556,84.0,1.0,0.485,33.4,73.4,0.552,0.0,25,on_track,0
NHAI-AHM-DHO-PKG-09C,Ahmedabad-Dholera Expressway (SIR Greenfield) (Pkg 9C - Gujarat),Highways,Gujarat,Sadbhav Engineering,NHAI,MoRTH,2018-01-10,4667.4,25.8,42.4,-16.6,1.008,0,0.356,0.586,45.7,1.37,0.792,46.7,60.3,0.469,0.0,61,at_risk,1
NHSRCL-MAHSR-PKG-10D,Mumbai-Ahmedabad High Speed Rail Bullet Train (Pkg 10D - Gujarat),Railways,Gujarat,L&T Construction,NHSRCL,Ministry of Railways,2018-01-12,5143.9,63.3,71.4,-8.1,1.153,0,0.295,0.569,48.7,1.44,0.894,50.9,57.9,0.503,0.0,82,at_risk,1
GMRC-AHM-PH2-PKG-10E,Ahmedabad Metro Phase II (Motera-Gandhinagar) (Pkg 10E - Gujarat),Urban Development,Gujarat,Afcons Infrastructure,GMRC,MoHUA / Gujarat PWD,2018-01-14,2283.0,55.7,56.8,-1.1,1.005,2,0.348,0.601,97.8,1.05,0.449,32.1,72.2,0.6,0.0,6,on_track,0
NHAI-AHM-DHO-PKG-10F,Ahmedabad-Dholera Expressway (SIR Greenfield) (Pkg 10F - Gujarat),Highways,Gujarat,Sadbhav Engineering,NHAI,MoRTH,2018-01-14,903.4,70.3,78.6,-8.3,1.111,2,0.326,0.563,90.8,1.68,0.553,49.7,63.7,0.342,0.0,68,at_risk,1
NHSRCL-MAHSR-PKG-11G,Mumbai-Ahmedabad High Speed Rail Bullet Train (Pkg 11G - Gujarat),Railways,Gujarat,L&T Construction,NHSRCL,Ministry of Railways,2018-01-14,3117.3,59.3,70.0,-10.7,1.148,0,0.299,0.587,60.8,1.94,0.664,51.6,73.6,0.363,0.0,36,at_risk,1
GMRC-AHM-PH2-PKG-11H,Ahmedabad Metro Phase II (Motera-Gandhinagar) (Pkg 11H - Gujarat),Urban Development,Gujarat,Afcons Infrastructure,GMRC,MoHUA / Gujarat PWD,2018-01-16,887.8,82.1,90.0,-7.9,1.283,24,0.254,0.512,74.9,0.69,0.511,41.3,63.6,0.516,0.0,31,at_risk,1
NHAI-AHM-DHO-PKG-11A,Ahmedabad-Dholera Expressway (SIR Greenfield) (Pkg 11A - Gujarat),Highways,Gujarat,Sadbhav Engineering,NHAI,MoRTH,2018-01-16,3080.8,78.9,86.4,-7.5,1.473,18,0.361,0.593,96.5,1.51,0.662,54.7,61.8,0.455,0.0,221,delayed,2
NHSRCL-MAHSR-PKG-12B,Mumbai-Ahmedabad High Speed Rail Bullet Train (Pkg 12B - Gujarat),Railways,Gujarat,L&T Construction,NHSRCL,Ministry of Railways,2018-01-17,4495.2,40.8,49.9,-9.1,1.064,0,0.301,0.65,60.1,1.08,0.672,26.9,72.8,0.458,0.0,80,at_risk,1
GMRC-AHM-PH2-PKG-12C,Ahmedabad Metro Phase II (Motera-Gandhinagar) (Pkg 12C - Gujarat),Urban Development,Gujarat,Afcons Infrastructure,GMRC,MoHUA / Gujarat PWD,2018-01-19,832.7,78.5,92.9,-14.4,1.141,0,0.32,0.623,76.8,2.16,0.664,20.2,67.1,0.526,0.0,58,at_risk,1
NHAI-AHM-DHO-PKG-12D,Ahmedabad-Dholera Expressway (SIR Greenfield) (Pkg 12D - Gujarat),Highways,Gujarat,Sadbhav Engineering,NHAI,MoRTH,2018-01-20,1750.0,27.9,30.3,-2.4,1.184,6,0.357,0.551,43.2,1.54,0.671,51.2,59.3,0.452,0.0,76,at_risk,1
NHSRCL-MAHSR-PKG-13E,Mumbai-Ahmedabad High Speed Rail Bullet Train (Pkg 13E - Gujarat),Railways,Gujarat,L&T Construction,NHSRCL,Ministry of Railways,2018-01-20,1222.3,54.4,54.2,0.2,1.024,0,0.313,0.487,38.6,1.61,0.941,57.8,68.5,0.447,0.0,25,on_track,0
GMRC-AHM-PH2-PKG-13F,Ahmedabad Metro Phase II (Motera-Gandhinagar) (Pkg 13F - Gujarat),Urban Development,Gujarat,Afcons Infrastructure,GMRC,MoHUA / Gujarat PWD,2018-01-21,1209.7,28.4,35.7,-7.3,1.373,2,0.34,0.559,89.5,1.39,0.746,30.6,62.5,0.473,0.0,46,at_risk,1
NHAI-AHM-DHO-PKG-13G,Ahmedabad-Dholera Expressway (SIR Greenfield) (Pkg 13G - Gujarat),Highways,Gujarat,Sadbhav Engineering,NHAI,MoRTH,2018-01-22,3265.9,66.4,84.8,-18.4,1.773,0,0.324,0.495,48.4,0.9,0.812,29.8,62.3,0.519,0.0,151,delayed,2
NHSRCL-MAHSR-PKG-14H,Mumbai-Ahmedabad High Speed Rail Bullet Train (Pkg 14H - Gujarat),Railways,Gujarat,L&T Construction,NHSRCL,Ministry of Railways,2018-01-22,1520.9,72.4,89.0,-16.6,1.587,24,0.374,0.548,50.0,1.31,0.758,26.2,68.0,0.41,0.0,527,delayed,2
GMRC-AHM-PH2-PKG-14A,Ahmedabad Metro Phase II (Motera-Gandhinagar) (Pkg 14A - Gujarat),Urban Development,Gujarat,Afcons Infrastructure,GMRC,MoHUA / Gujarat PWD,2018-01-22,4395.2,85.0,93.3,-8.3,0.85,2,0.377,0.669,55.5,0.99,0.629,44.0,68.4,0.478,0.0,11,on_track,0
NHAI-AHM-DHO-PKG-14B,Ahmedabad-Dholera Expressway (SIR Greenfield) (Pkg 14B - Gujarat),Highways,Gujarat,Sadbhav Engineering,NHAI,MoRTH,2018-01-22,2653.3,21.5,30.1,-8.6,0.959,0,0.356,0.62,43.5,0.83,0.753,36.5,67.3,0.482,0.0,19,on_track,0
NHSRCL-MAHSR-PKG-15C,Mumbai-Ahmedabad High Speed Rail Bullet Train (Pkg 15C - Gujarat),Railways,Gujarat,L&T Construction,NHSRCL,Ministry of Railways,2018-01-25,3569.6,24.5,36.9,-12.4,1.116,6,0.338,0.548,76.6,1.09,0.767,33.3,64.2,0.413,0.0,59,at_risk,1
GMRC-AHM-PH2-PKG-15D,Ahmedabad Metro Phase II (Motera-Gandhinagar) (Pkg 15D - Gujarat),Urban Development,Gujarat,Afcons Infrastructure,GMRC,MoHUA / Gujarat PWD,2018-01-26,4774.2,52.9,48.1,4.8,0.963,0,0.358,0.598,79.6,1.51,0.527,35.0,60.1,0.556,0.0,8,on_track,0
NHAI-AHM-DHO-PKG-15E,Ahmedabad-Dholera Expressway (SIR Greenfield) (Pkg 15E - Gujarat),Highways,Gujarat,Sadbhav Engineering,NHAI,MoRTH,2018-01-28,3220.9,35.4,42.8,-7.4,1.299,0,0.313,0.58,98.9,2.14,0.748,55.9,61.4,0.515,0.0,42,at_risk,1
NHSRCL-MAHSR-PKG-16F,Mumbai-Ahmedabad High Speed Rail Bullet Train (Pkg 16F - Gujarat),Railways,Gujarat,L&T Construction,NHSRCL,Ministry of Railways,2018-02-01,1608.2,37.5,55.8,-18.3,1.472,0,0.413,0.631,91.0,1.44,0.737,46.1,63.0,0.391,0.0,460,delayed,2
GMRC-AHM-PH2-PKG-16G,Ahmedabad Metro Phase II (Motera-Gandhinagar) (Pkg 16G - Gujarat),Urban Development,Gujarat,Afcons Infrastructure,GMRC,MoHUA / Gujarat PWD,2018-02-02,3856.6,33.0,36.7,-3.7,1.052,0,0.359,0.558,91.4,1.91,0.528,41.5,74.2,0.581,0.0,20,on_track,0
NHAI-AHM-DHO-PKG-16H,Ahmedabad-Dholera Expressway (SIR Greenfield) (Pkg 16H - Gujarat),Highways,Gujarat,Sadbhav Engineering,NHAI,MoRTH,2018-02-02,4001.3,77.1,80.4,-3.3,0.949,0,0.306,0.643,39.1,1.51,0.733,35.5,73.9,0.51,0.0,0,on_track,0
NHSRCL-MAHSR-PKG-17A,Mumbai-Ahmedabad High Speed Rail Bullet Train (Pkg 17A - Gujarat),Railways,Gujarat,L&T Construction,NHSRCL,Ministry of Railways,2018-02-03,5098.2,57.7,68.3,-10.6,1.346,6,0.373,0.58,64.2,1.17,0.727,56.6,66.0,0.465,0.0,106,delayed,2
GMRC-AHM-PH2-PKG-17B,Ahmedabad Metro Phase II (Motera-Gandhinagar) (Pkg 17B - Gujarat),Urban Development,Gujarat,Afcons Infrastructure,GMRC,MoHUA / Gujarat PWD,2018-02-03,2458.3,28.2,31.6,-3.4,1.093,2,0.403,0.648,74.8,1.05,0.743,20.1,56.7,0.55,0.0,20,on_track,0
NHAI-AHM-DHO-PKG-17C,Ahmedabad-Dholera Expressway (SIR Greenfield) (Pkg 17C - Gujarat),Highways,Gujarat,Sadbhav Engineering,NHAI,MoRTH,2018-02-04,2535.9,74.1,81.8,-7.7,1.297,0,0.283,0.505,34.3,1.57,0.776,26.8,74.8,0.418,0.0,56,at_risk,1
NHSRCL-MAHSR-PKG-18D,Mumbai-Ahmedabad High Speed Rail Bullet Train (Pkg 18D - Gujarat),Railways,Gujarat,L&T Construction,NHSRCL,Ministry of Railways,2018-02-04,2300.9,83.1,91.3,-8.2,1.361,6,0.35,0.497,68.0,1.01,0.797,59.7,66.5,0.405,0.0,37,at_risk,1
GMRC-AHM-PH2-PKG-18E,Ahmedabad Metro Phase II (Motera-Gandhinagar) (Pkg 18E - Gujarat),Urban Development,Gujarat,Afcons Infrastructure,GMRC,MoHUA / Gujarat PWD,2018-02-05,1275.3,73.4,79.4,-6.0,1.322,2,0.346,0.561,40.4,1.81,0.732,21.5,55.2,0.587,0.0,78,at_risk,1
NHAI-AHM-DHO-PKG-18F,Ahmedabad-Dholera Expressway (SIR Greenfield) (Pkg 18F - Gujarat),Highways,Gujarat,Sadbhav Engineering,NHAI,MoRTH,2018-02-05,568.0,32.9,38.7,-5.8,1.211,2,0.317,0.64,56.8,0.99,0.801,42.3,71.5,0.49,0.0,35,at_risk,1
NHSRCL-MAHSR-PKG-19G,Mumbai-Ahmedabad High Speed Rail Bullet Train (Pkg 19G - Gujarat),Railways,Gujarat,L&T Construction,NHSRCL,Ministry of Railways,2018-02-06,4600.3,32.2,37.0,-4.8,0.983,2,0.31,0.606,93.3,1.15,0.66,33.1,68.4,0.469,0.0,15,on_track,0
GMRC-AHM-PH2-PKG-19H,Ahmedabad Metro Phase II (Motera-Gandhinagar) (Pkg 19H - Gujarat),Urban Development,Gujarat,Afcons Infrastructure,GMRC,MoHUA / Gujarat PWD,2018-02-06,3097.6,79.7,77.0,2.7,0.911,0,0.383,0.564,82.1,2.16,0.473,40.9,63.8,0.479,0.0,2,on_track,0
NHAI-AHM-DHO-PKG-19A,Ahmedabad-Dholera Expressway (SIR Greenfield) (Pkg 19A - Gujarat),Highways,Gujarat,Sadbhav Engineering,NHAI,MoRTH,2018-02-06,1394.8,39.4,42.8,-3.4,1.012,2,0.31,0.562,37.9,1.54,0.796,39.5,55.8,0.458,0.0,21,on_track,0
NHSRCL-MAHSR-PKG-20B,Mumbai-Ahmedabad High Speed Rail Bullet Train (Pkg 20B - Gujarat),Railways,Gujarat,L&T Construction,NHSRCL,Ministry of Railways,2018-02-07,4710.8,78.2,94.7,-16.5,1.388,2,0.429,0.549,35.1,0.88,0.698,59.3,56.5,0.449,0.0,350,delayed,2
GMRC-AHM-PH2-PKG-20C,Ahmedabad Metro Phase II (Motera-Gandhinagar) (Pkg 20C - Gujarat),Urban Development,Gujarat,Afcons Infrastructure,GMRC,MoHUA / Gujarat PWD,2018-02-08,4759.1,52.1,51.9,0.2,1.006,6,0.358,0.57,88.9,1.11,0.576,35.6,61.3,0.621,0.0,14,on_track,0
NHAI-AHM-DHO-PKG-20D,Ahmedabad-Dholera Expressway (SIR Greenfield) (Pkg 20D - Gujarat),Highways,Gujarat,Sadbhav Engineering,NHAI,MoRTH,2018-02-08,1297.4,26.0,34.2,-8.2,1.352,6,0.391,0.712,97.5,0.76,0.768,53.8,56.1,0.589,0.0,70,at_risk,1
NHSRCL-MAHSR-PKG-21E,Mumbai-Ahmedabad High Speed Rail Bullet Train (Pkg 21E - Gujarat),Railways,Gujarat,L&T Construction,NHSRCL,Ministry of Railways,2018-02-09,4472.5,66.1,79.1,-13.0,1.073,6,0.319,0.553,80.3,1.53,0.797,31.1,69.8,0.458,0.0,75,at_risk,1
GMRC-AHM-PH2-PKG-21F,Ahmedabad Metro Phase II (Motera-Gandhinagar) (Pkg 21F - Gujarat),Urban Development,Gujarat,Afcons Infrastructure,GMRC,MoHUA / Gujarat PWD,2018-02-10,3480.4,82.5,93.8,-11.3,0.992,0,0.402,0.617,33.4,0.7,0.702,38.1,66.1,0.623,0.0,83,at_risk,1
NHAI-AHM-DHO-PKG-21G,Ahmedabad-Dholera Expressway (SIR Greenfield) (Pkg 21G - Gujarat),Highways,Gujarat,Sadbhav Engineering,NHAI,MoRTH,2018-02-10,4473.4,24.8,32.5,-7.7,1.164,0,0.374,0.499,40.1,1.73,0.71,43.4,57.8,0.414,0.0,68,at_risk,1
NHSRCL-MAHSR-PKG-22H,Mumbai-Ahmedabad High Speed Rail Bullet Train (Pkg 22H - Gujarat),Railways,Gujarat,L&T Construction,NHSRCL,Ministry of Railways,2018-02-11,735.7,46.9,52.5,-5.6,1.341,2,0.315,0.584,39.9,0.65,0.839,28.9,71.2,0.442,0.0,89,at_risk,1
GMRC-AHM-PH2-PKG-22A,Ahmedabad Metro Phase II (Motera-Gandhinagar) (Pkg 22A - Gujarat),Urban Development,Gujarat,Afcons Infrastructure,GMRC,MoHUA / Gujarat PWD,2018-02-11,2280.2,68.9,67.2,1.7,0.932,0,0.369,0.533,86.4,2.18,0.705,29.3,62.5,0.536,0.0,9,on_track,0
NHAI-AHM-DHO-PKG-22B,Ahmedabad-Dholera Expressway (SIR Greenfield) (Pkg 22B - Gujarat),Highways,Gujarat,Sadbhav Engineering,NHAI,MoRTH,2018-02-11,1268.3,52.1,57.9,-5.8,1.098,0,0.385,0.603,57.4,1.76,0.621,42.9,68.2,0.401,0.0,24,on_track,0
NHAI-DWR-EXP-PKG-01A,Dwarka Expressway Gurugram Sector 84-113 (Pkg 1A - Haryana),Highways,Haryana,L&T Construction,NHAI,MoRTH,2018-02-13,1428.4,31.2,36.7,-5.5,1.178,0,0.286,0.295,94.7,1.01,0.688,43.1,70.0,0.545,0.0,66,at_risk,1
DFCCIL-WDFC-PKG-01B,Western DFC Rewari-Palwal Overpass Section (Pkg 1B - Haryana),Railways,Haryana,L&T Construction,DFCCIL,Ministry of Railways,2018-02-13,1616.2,57.1,69.7,-12.6,1.237,0,0.267,0.33,70.7,1.5,0.762,43.2,59.4,0.477,0.0,65,at_risk,1
NHAI-DWR-EXP-PKG-02C,Dwarka Expressway Gurugram Sector 84-113 (Pkg 2C - Haryana),Highways,Haryana,L&T Construction,NHAI,MoRTH,2018-02-15,1033.1,92.1,91.6,0.5,0.881,2,0.273,0.268,76.9,1.14,0.723,55.7,62.6,0.351,0.0,6,on_track,0
DFCCIL-WDFC-PKG-02D,Western DFC Rewari-Palwal Overpass Section (Pkg 2D - Haryana),Railways,Haryana,L&T Construction,DFCCIL,Ministry of Railways,2018-02-15,678.3,40.8,50.2,-9.4,1.05,24,0.225,0.216,93.4,1.53,0.789,41.2,62.1,0.495,0.0,83,at_risk,1
NHAI-DWR-EXP-PKG-03E,Dwarka Expressway Gurugram Sector 84-113 (Pkg 3E - Haryana),Highways,Haryana,L&T Construction,NHAI,MoRTH,2018-02-15,2540.0,46.7,49.8,-3.1,0.995,0,0.181,0.216,87.0,0.71,0.712,44.2,65.6,0.524,0.0,12,on_track,0
DFCCIL-WDFC-PKG-03F,Western DFC Rewari-Palwal Overpass Section (Pkg 3F - Haryana),Railways,Haryana,L&T Construction,DFCCIL,Ministry of Railways,2018-02-16,1293.0,67.9,93.4,-25.5,1.486,12,0.21,0.321,64.6,0.83,0.873,37.9,55.3,0.459,0.0,386,delayed,2
NHAI-DWR-EXP-PKG-04G,Dwarka Expressway Gurugram Sector 84-113 (Pkg 4G - Haryana),Highways,Haryana,L&T Construction,NHAI,MoRTH,2018-02-16,3673.3,44.2,47.2,-3.0,0.899,6,0.163,0.374,91.7,1.28,0.57,21.5,60.8,0.536,0.0,17,on_track,0
DFCCIL-WDFC-PKG-04H,Western DFC Rewari-Palwal Overpass Section (Pkg 4H - Haryana),Railways,Haryana,L&T Construction,DFCCIL,Ministry of Railways,2018-02-17,3901.7,99.8,92.3,7.5,1.044,2,0.185,0.304,75.8,1.25,0.858,27.1,67.9,0.396,0.0,16,on_track,0
NHAI-DWR-EXP-PKG-05A,Dwarka Expressway Gurugram Sector 84-113 (Pkg 5A - Haryana),Highways,Haryana,L&T Construction,NHAI,MoRTH,2018-02-17,3541.8,95.4,90.9,4.5,0.993,2,0.31,0.298,96.1,1.4,0.692,49.9,66.4,0.439,0.0,6,on_track,0
DFCCIL-WDFC-PKG-05B,Western DFC Rewari-Palwal Overpass Section (Pkg 5B - Haryana),Railways,Haryana,L&T Construction,DFCCIL,Ministry of Railways,2018-02-18,1433.2,74.0,88.9,-14.9,1.648,2,0.315,0.326,45.5,1.07,0.754,27.1,71.1,0.373,0.0,393,delayed,2
NHAI-DWR-EXP-PKG-06C,Dwarka Expressway Gurugram Sector 84-113 (Pkg 6C - Haryana),Highways,Haryana,L&T Construction,NHAI,MoRTH,2018-02-19,1514.1,84.5,93.0,-8.5,1.246,6,0.221,0.382,72.6,1.84,0.656,37.5,63.9,0.468,0.0,84,at_risk,1
DFCCIL-WDFC-PKG-06D,Western DFC Rewari-Palwal Overpass Section (Pkg 6D - Haryana),Railways,Haryana,L&T Construction,DFCCIL,Ministry of Railways,2018-02-20,4600.9,53.2,60.5,-7.3,1.087,0,0.222,0.319,87.5,1.84,0.82,39.4,66.9,0.366,0.0,12,on_track,0
NHAI-DWR-EXP-PKG-07E,Dwarka Expressway Gurugram Sector 84-113 (Pkg 7E - Haryana),Highways,Haryana,L&T Construction,NHAI,MoRTH,2018-02-22,3261.7,34.7,35.2,-0.5,1.081,6,0.151,0.28,93.1,0.9,0.833,25.9,62.6,0.496,0.0,3,on_track,0
DFCCIL-WDFC-PKG-07F,Western DFC Rewari-Palwal Overpass Section (Pkg 7F - Haryana),Railways,Haryana,L&T Construction,DFCCIL,Ministry of Railways,2018-02-23,2794.9,52.6,66.2,-13.6,1.186,2,0.267,0.34,48.3,2.17,0.718,30.6,73.0,0.439,0.0,67,at_risk,1
NHAI-DWR-EXP-PKG-08G,Dwarka Expressway Gurugram Sector 84-113 (Pkg 8G - Haryana),Highways,Haryana,L&T Construction,NHAI,MoRTH,2018-02-23,2813.1,41.9,47.1,-5.2,1.281,6,0.245,0.309,79.6,0.96,0.695,45.1,59.2,0.363,0.0,65,at_risk,1
DFCCIL-WDFC-PKG-08H,Western DFC Rewari-Palwal Overpass Section (Pkg 8H - Haryana),Railways,Haryana,L&T Construction,DFCCIL,Ministry of Railways,2018-02-24,1179.2,36.9,43.7,-6.8,1.125,18,0.189,0.321,72.6,1.52,0.716,51.6,74.2,0.347,0.0,80,at_risk,1
NHAI-DWR-EXP-PKG-09A,Dwarka Expressway Gurugram Sector 84-113 (Pkg 9A - Haryana),Highways,Haryana,L&T Construction,NHAI,MoRTH,2018-02-24,1013.8,49.7,52.4,-2.7,1.234,18,0.215,0.314,69.8,1.21,0.715,30.0,70.1,0.452,0.0,43,at_risk,1
DFCCIL-WDFC-PKG-09B,Western DFC Rewari-Palwal Overpass Section (Pkg 9B - Haryana),Railways,Haryana,L&T Construction,DFCCIL,Ministry of Railways,2018-02-24,1189.3,79.0,82.1,-3.1,0.887,12,0.142,0.219,49.0,1.77,0.716,35.7,59.1,0.457,0.0,8,on_track,0
NHAI-DWR-EXP-PKG-10C,Dwarka Expressway Gurugram Sector 84-113 (Pkg 10C - Haryana),Highways,Haryana,L&T Construction,NHAI,MoRTH,2018-02-24,3311.2,50.2,53.3,-3.1,1.012,2,0.219,0.331,86.4,1.2,0.734,29.6,67.8,0.436,0.0,14,on_track,0
DFCCIL-WDFC-PKG-10D,Western DFC Rewari-Palwal Overpass Section (Pkg 10D - Haryana),Railways,Haryana,L&T Construction,DFCCIL,Ministry of Railways,2018-02-25,1861.2,55.6,59.4,-3.8,1.242,24,0.294,0.297,92.2,0.81,0.728,59.0,69.9,0.387,0.0,42,at_risk,1
NHAI-DWR-EXP-PKG-11E,Dwarka Expressway Gurugram Sector 84-113 (Pkg 11E - Haryana),Highways,Haryana,L&T Construction,NHAI,MoRTH,2018-02-26,3399.3,21.7,36.9,-15.2,1.22,0,0.174,0.248,63.6,1.51,0.554,30.0,67.6,0.436,0.0,64,at_risk,1
DFCCIL-WDFC-PKG-11F,Western DFC Rewari-Palwal Overpass Section (Pkg 11F - Haryana),Railways,Haryana,L&T Construction,DFCCIL,Ministry of Railways,2018-02-28,499.6,63.4,69.4,-6.0,1.21,0,0.213,0.29,68.9,1.78,0.739,64.3,65.7,0.392,0.0,39,at_risk,1
NHAI-DWR-EXP-PKG-12G,Dwarka Expressway Gurugram Sector 84-113 (Pkg 12G - Haryana),Highways,Haryana,L&T Construction,NHAI,MoRTH,2018-02-28,3866.5,74.1,78.2,-4.1,1.165,2,0.299,0.174,89.5,1.01,0.747,34.0,59.8,0.36,0.0,2,on_track,0
DFCCIL-WDFC-PKG-12H,Western DFC Rewari-Palwal Overpass Section (Pkg 12H - Haryana),Railways,Haryana,L&T Construction,DFCCIL,Ministry of Railways,2018-02-28,713.0,61.1,92.4,-31.3,1.446,12,0.182,0.274,72.3,0.96,0.77,56.4,64.9,0.4,0.0,106,delayed,2
NHAI-DWR-EXP-PKG-13A,Dwarka Expressway Gurugram Sector 84-113 (Pkg 13A - Haryana),Highways,Haryana,L&T Construction,NHAI,MoRTH,2018-03-01,1790.3,30.3,40.7,-10.4,1.254,12,0.205,0.356,71.6,1.88,0.66,44.8,74.8,0.431,0.0,66,at_risk,1
DFCCIL-WDFC-PKG-13B,Western DFC Rewari-Palwal Overpass Section (Pkg 13B - Haryana),Railways,Haryana,L&T Construction,DFCCIL,Ministry of Railways,2018-03-01,618.6,35.0,51.1,-16.1,1.027,0,0.212,0.318,77.7,0.75,0.787,65.7,62.9,0.292,0.0,72,at_risk,1
NHAI-DWR-EXP-PKG-14C,Dwarka Expressway Gurugram Sector 84-113 (Pkg 14C - Haryana),Highways,Haryana,L&T Construction,NHAI,MoRTH,2018-03-02,1678.7,49.5,58.0,-8.5,1.125,6,0.242,0.274,38.0,1.12,0.781,33.8,70.6,0.381,0.0,62,at_risk,1
DFCCIL-WDFC-PKG-14D,Western DFC Rewari-Palwal Overpass Section (Pkg 14D - Haryana),Railways,Haryana,L&T Construction,DFCCIL,Ministry of Railways,2018-03-02,4123.5,79.1,75.7,3.4,1.097,2,0.26,0.259,84.8,2.14,0.9,42.9,57.5,0.26,0.0,6,on_track,0
NHAI-DWR-EXP-PKG-15E,Dwarka Expressway Gurugram Sector 84-113 (Pkg 15E - Haryana),Highways,Haryana,L&T Construction,NHAI,MoRTH,2018-03-03,2071.9,33.7,34.4,-0.7,1.003,6,0.215,0.264,93.7,2.17,0.666,25.7,59.0,0.38,0.0,16,on_track,0
DFCCIL-WDFC-PKG-15F,Western DFC Rewari-Palwal Overpass Section (Pkg 15F - Haryana),Railways,Haryana,L&T Construction,DFCCIL,Ministry of Railways,2018-03-04,909.8,29.1,36.3,-7.2,1.586,2,0.269,0.345,53.5,0.97,0.754,38.5,62.6,0.329,0.0,306,delayed,2
NHAI-DWR-EXP-PKG-16G,Dwarka Expressway Gurugram Sector 84-113 (Pkg 16G - Haryana),Highways,Haryana,L&T Construction,NHAI,MoRTH,2018-03-05,5017.2,78.2,89.4,-11.2,1.284,6,0.231,0.254,60.5,2.12,0.657,51.6,64.4,0.532,0.0,77,at_risk,1
DFCCIL-WDFC-PKG-16H,Western DFC Rewari-Palwal Overpass Section (Pkg 16H - Haryana),Railways,Haryana,L&T Construction,DFCCIL,Ministry of Railways,2018-03-06,4720.7,72.8,80.7,-7.9,1.024,0,0.204,0.288,92.8,1.19,0.804,40.3,66.0,0.414,0.0,5,on_track,0
NHAI-DWR-EXP-PKG-17A,Dwarka Expressway Gurugram Sector 84-113 (Pkg 17A - Haryana),Highways,Haryana,L&T Construction,NHAI,MoRTH,2018-03-07,3181.9,85.8,81.9,3.9,0.912,0,0.234,0.251,93.6,0.81,0.815,21.2,56.0,0.374,0.0,14,on_track,0
DFCCIL-WDFC-PKG-17B,Western DFC Rewari-Palwal Overpass Section (Pkg 17B - Haryana),Railways,Haryana,L&T Construction,DFCCIL,Ministry of Railways,2018-03-08,3444.2,34.2,43.4,-9.2,1.16,12,0.266,0.34,94.5,2.17,0.794,51.4,55.2,0.464,0.0,70,at_risk,1
NHAI-DWR-EXP-PKG-18C,Dwarka Expressway Gurugram Sector 84-113 (Pkg 18C - Haryana),Highways,Haryana,L&T Construction,NHAI,MoRTH,2018-03-08,3276.2,72.1,80.7,-8.6,1.104,2,0.197,0.268,63.3,2.05,0.852,32.2,55.7,0.541,0.0,82,at_risk,1
DFCCIL-WDFC-PKG-18D,Western DFC Rewari-Palwal Overpass Section (Pkg 18D - Haryana),Railways,Haryana,L&T Construction,DFCCIL,Ministry of Railways,2018-03-09,2859.1,53.0,52.3,0.7,1.024,2,0.228,0.307,82.0,1.44,0.724,41.9,63.4,0.454,0.0,10,on_track,0
NHAI-DWR-EXP-PKG-19E,Dwarka Expressway Gurugram Sector 84-113 (Pkg 19E - Haryana),Highways,Haryana,L&T Construction,NHAI,MoRTH,2018-03-09,2730.8,5.0,40.0,-36.4,1.395,12,0.158,0.214,36.5,1.46,0.725,50.1,71.7,0.458,0.0,432,delayed,2
DFCCIL-WDFC-PKG-19F,Western DFC Rewari-Palwal Overpass Section (Pkg 19F - Haryana),Railways,Haryana,L&T Construction,DFCCIL,Ministry of Railways,2018-03-09,5079.2,90.7,93.9,-3.2,0.916,2,0.22,0.255,63.4,1.07,0.636,50.6,55.6,0.305,0.0,22,on_track,0
NHAI-DWR-EXP-PKG-20G,Dwarka Expressway Gurugram Sector 84-113 (Pkg 20G - Haryana),Highways,Haryana,L&T Construction,NHAI,MoRTH,2018-03-10,729.1,52.1,49.4,2.7,0.998,0,0.312,0.318,77.1,1.74,0.638,52.6,66.2,0.438,0.0,3,on_track,0
DFCCIL-WDFC-PKG-20H,Western DFC Rewari-Palwal Overpass Section (Pkg 20H - Haryana),Railways,Haryana,L&T Construction,DFCCIL,Ministry of Railways,2018-03-10,810.2,40.5,55.8,-15.3,1.469,12,0.268,0.374,68.8,0.93,0.765,65.9,64.4,0.444,0.0,198,delayed,2
NHAI-DWR-EXP-PKG-21A,Dwarka Expressway Gurugram Sector 84-113 (Pkg 21A - Haryana),Highways,Haryana,L&T Construction,NHAI,MoRTH,2018-03-10,2991.4,80.1,82.3,-2.2,1.232,6,0.238,0.363,88.3,1.19,0.687,37.5,72.8,0.511,0.0,71,at_risk,1
DFCCIL-WDFC-PKG-21B,Western DFC Rewari-Palwal Overpass Section (Pkg 21B - Haryana),Railways,Haryana,L&T Construction,DFCCIL,Ministry of Railways,2018-03-10,1895.3,75.5,88.7,-13.2,1.203,6,0.291,0.198,70.7,1.25,0.681,34.7,58.4,0.294,0.0,108,delayed,2
NHAI-DWR-EXP-PKG-22C,Dwarka Expressway Gurugram Sector 84-113 (Pkg 22C - Haryana),Highways,Haryana,L&T Construction,NHAI,MoRTH,2018-03-12,1717.4,66.3,77.3,-11.0,1.257,6,0.316,0.334,50.4,1.38,0.571,47.8,74.1,0.511,0.0,35,at_risk,1
DFCCIL-WDFC-PKG-22D,Western DFC Rewari-Palwal Overpass Section (Pkg 22D - Haryana),Railways,Haryana,L&T Construction,DFCCIL,Ministry of Railways,2018-03-15,798.9,68.4,71.0,-2.6,1.057,2,0.24,0.354,44.7,0.66,0.969,46.6,59.8,0.345,0.0,18,on_track,0
NHAI-DWR-EXP-PKG-23E,Dwarka Expressway Gurugram Sector 84-113 (Pkg 23E - Haryana),Highways,Haryana,L&T Construction,NHAI,MoRTH,2018-03-15,4745.3,71.4,78.5,-7.1,0.975,0,0.261,0.265,63.1,1.63,0.663,35.7,73.2,0.502,0.0,27,on_track,0
DFCCIL-WDFC-PKG-23F,Western DFC Rewari-Palwal Overpass Section (Pkg 23F - Haryana),Railways,Haryana,L&T Construction,DFCCIL,Ministry of Railways,2018-03-16,2794.5,39.2,43.3,-4.1,0.925,2,0.176,0.302,48.9,0.97,0.771,42.7,68.1,0.433,0.0,13,on_track,0
NHAI-DWR-EXP-PKG-24G,Dwarka Expressway Gurugram Sector 84-113 (Pkg 24G - Haryana),Highways,Haryana,L&T Construction,NHAI,MoRTH,2018-03-16,4485.0,54.6,57.8,-3.2,1.263,6,0.251,0.34,94.3,2.06,0.687,27.9,69.8,0.478,0.0,70,at_risk,1
DFCCIL-WDFC-PKG-24H,Western DFC Rewari-Palwal Overpass Section (Pkg 24H - Haryana),Railways,Haryana,L&T Construction,DFCCIL,Ministry of Railways,2018-03-17,5013.6,51.8,58.8,-7.0,1.381,0,0.215,0.343,31.1,0.99,0.563,43.8,60.6,0.406,0.0,59,at_risk,1
NHAI-DWR-EXP-PKG-25A,Dwarka Expressway Gurugram Sector 84-113 (Pkg 25A - Haryana),Highways,Haryana,L&T Construction,NHAI,MoRTH,2018-03-17,1317.3,28.6,34.0,-5.4,0.9,2,0.219,0.322,64.3,0.82,0.727,32.1,63.4,0.454,0.0,23,on_track,0
DFCCIL-WDFC-PKG-25B,Western DFC Rewari-Palwal Overpass Section (Pkg 25B - Haryana),Railways,Haryana,L&T Construction,DFCCIL,Ministry of Railways,2018-03-17,3227.8,47.8,56.6,-8.8,1.28,0,0.248,0.264,49.6,2.16,0.638,56.0,58.1,0.386,0.0,51,at_risk,1
NHAI-DWR-EXP-PKG-26C,Dwarka Expressway Gurugram Sector 84-113 (Pkg 26C - Haryana),Highways,Haryana,L&T Construction,NHAI,MoRTH,2018-03-17,2360.7,32.0,44.6,-12.6,1.326,2,0.229,0.245,48.4,1.2,0.769,38.1,58.3,0.517,0.0,38,at_risk,1
DFCCIL-WDFC-PKG-26D,Western DFC Rewari-Palwal Overpass Section (Pkg 26D - Haryana),Railways,Haryana,L&T Construction,DFCCIL,Ministry of Railways,2018-03-17,1907.1,86.0,89.5,-3.5,1.233,18,0.228,0.354,31.3,1.51,0.894,47.9,70.7,0.35,0.0,34,at_risk,1
NHAI-DWR-EXP-PKG-27E,Dwarka Expressway Gurugram Sector 84-113 (Pkg 27E - Haryana),Highways,Haryana,L&T Construction,NHAI,MoRTH,2018-03-18,2096.0,65.0,72.5,-7.5,1.321,12,0.172,0.349,86.2,1.96,0.711,54.9,57.3,0.472,0.0,72,at_risk,1
DFCCIL-WDFC-PKG-27F,Western DFC Rewari-Palwal Overpass Section (Pkg 27F - Haryana),Railways,Haryana,L&T Construction,DFCCIL,Ministry of Railways,2018-03-19,3394.9,49.4,63.3,-13.9,1.158,18,0.259,0.281,75.9,2.02,0.81,48.0,64.7,0.297,0.0,46,at_risk,1
NHAI-DWR-EXP-PKG-28G,Dwarka Expressway Gurugram Sector 84-113 (Pkg 28G - Haryana),Highways,Haryana,L&T Construction,NHAI,MoRTH,2018-03-20,1779.2,36.5,46.1,-9.6,0.986,36,0.214,0.256,48.8,1.16,0.678,31.3,68.2,0.424,0.0,61,at_risk,1
DFCCIL-WDFC-PKG-28H,Western DFC Rewari-Palwal Overpass Section (Pkg 28H - Haryana),Railways,Haryana,L&T Construction,DFCCIL,Ministry of Railways,2018-03-20,4292.5,48.6,62.4,-13.8,1.01,2,0.145,0.317,77.0,1.96,0.819,42.1,55.2,0.414,0.0,89,at_risk,1
NHAI-DWR-EXP-PKG-29A,Dwarka Expressway Gurugram Sector 84-113 (Pkg 29A - Haryana),Highways,Haryana,L&T Construction,NHAI,MoRTH,2018-03-21,4738.4,73.6,78.4,-4.8,0.98,6,0.24,0.295,87.6,2.01,0.718,43.1,64.8,0.4,0.0,22,on_track,0
DFCCIL-WDFC-PKG-29B,Western DFC Rewari-Palwal Overpass Section (Pkg 29B - Haryana),Railways,Haryana,L&T Construction,DFCCIL,Ministry of Railways,2018-03-21,4420.5,58.5,64.9,-6.4,1.154,12,0.225,0.301,31.4,1.59,0.673,61.4,60.5,0.459,0.0,77,at_risk,1
RVNL-BHN-BIL-PKG-01A,Bhanupali-Bilaspur-Beri New Rail Line (63 km) (Pkg 1A - Himachal Pradesh),Railways,Himachal Pradesh,Megha Engineering (MEIL),RVNL,Ministry of Railways,2018-03-21,2360.5,49.1,81.5,-32.4,1.104,12,0.896,0.782,68.9,2.12,0.677,62.5,65.1,0.309,0.0,547,delayed,2
NHAI-KLK-SHM-PKG-01B,Kalka-Shimla 4-Laning (NH-5 Parwanoo-Solan) (Pkg 1B - Himachal Pradesh),Highways,Himachal Pradesh,GR Infraprojects,NHAI,MoRTH,2018-03-21,1456.1,73.3,85.9,-12.6,1.472,6,0.947,0.737,45.0,0.96,0.71,29.0,63.3,0.341,0.0,343,delayed,2
SJVN-LUH-HYD-PKG-01C,Luhri Hydro Electric Project (210 MW Nirath) (Pkg 1C - Himachal Pradesh),Power,Himachal Pradesh,Patel Engineering,SJVN Limited,Ministry of Power,2018-03-22,1531.1,43.9,59.0,-15.1,1.094,2,0.901,0.774,98.2,0.66,0.688,33.7,73.0,0.288,0.0,85,at_risk,1
RVNL-BHN-BIL-PKG-02D,Bhanupali-Bilaspur-Beri New Rail Line (63 km) (Pkg 2D - Himachal Pradesh),Railways,Himachal Pradesh,Megha Engineering (MEIL),RVNL,Ministry of Railways,2018-03-22,1035.1,83.4,89.2,-5.8,1.084,0,0.863,0.795,30.6,1.9,0.926,50.7,58.5,0.456,0.0,3,on_track,0
NHAI-KLK-SHM-PKG-02E,Kalka-Shimla 4-Laning (NH-5 Parwanoo-Solan) (Pkg 2E - Himachal Pradesh),Highways,Himachal Pradesh,GR Infraprojects,NHAI,MoRTH,2018-03-24,3341.7,50.9,55.5,-4.6,1.068,0,0.902,0.901,85.3,0.67,0.672,21.2,60.9,0.44,0.0,47,at_risk,1
SJVN-LUH-HYD-PKG-02F,Luhri Hydro Electric Project (210 MW Nirath) (Pkg 2F - Himachal Pradesh),Power,Himachal Pradesh,Patel Engineering,SJVN Limited,Ministry of Power,2018-03-27,5138.8,79.5,84.7,-5.2,1.227,6,0.85,0.782,65.2,0.76,0.512,30.9,69.5,0.408,0.0,83,at_risk,1
RVNL-BHN-BIL-PKG-03G,Bhanupali-Bilaspur-Beri New Rail Line (63 km) (Pkg 3G - Himachal Pradesh),Railways,Himachal Pradesh,Megha Engineering (MEIL),RVNL,Ministry of Railways,2018-03-27,4961.0,30.8,36.1,-5.3,1.097,12,0.898,0.767,77.8,1.74,0.813,64.8,69.5,0.466,0.0,88,at_risk,1
NHAI-KLK-SHM-PKG-03H,Kalka-Shimla 4-Laning (NH-5 Parwanoo-Solan) (Pkg 3H - Himachal Pradesh),Highways,Himachal Pradesh,GR Infraprojects,NHAI,MoRTH,2018-03-28,587.5,56.1,59.2,-3.1,0.938,2,0.858,0.737,57.0,2.17,0.788,23.8,62.8,0.461,0.0,27,on_track,0
SJVN-LUH-HYD-PKG-03A,Luhri Hydro Electric Project (210 MW Nirath) (Pkg 3A - Himachal Pradesh),Power,Himachal Pradesh,Patel Engineering,SJVN Limited,Ministry of Power,2018-03-28,614.2,25.6,36.7,-11.1,1.108,0,0.911,0.736,73.2,1.83,0.731,33.7,64.6,0.401,0.0,58,at_risk,1
RVNL-BHN-BIL-PKG-04B,Bhanupali-Bilaspur-Beri New Rail Line (63 km) (Pkg 4B - Himachal Pradesh),Railways,Himachal Pradesh,Megha Engineering (MEIL),RVNL,Ministry of Railways,2018-03-28,981.1,58.4,75.2,-16.8,1.211,0,0.835,0.778,77.0,1.46,0.662,32.1,73.0,0.434,0.0,167,delayed,2
NHAI-KLK-SHM-PKG-04C,Kalka-Shimla 4-Laning (NH-5 Parwanoo-Solan) (Pkg 4C - Himachal Pradesh),Highways,Himachal Pradesh,GR Infraprojects,NHAI,MoRTH,2018-03-29,3447.8,69.9,73.6,-3.7,1.26,2,0.858,0.779,79.3,1.18,0.667,30.7,57.2,0.523,0.0,83,at_risk,1
SJVN-LUH-HYD-PKG-04D,Luhri Hydro Electric Project (210 MW Nirath) (Pkg 4D - Himachal Pradesh),Power,Himachal Pradesh,Patel Engineering,SJVN Limited,Ministry of Power,2018-03-29,3126.4,25.3,50.1,-24.8,1.188,6,0.956,0.755,36.1,1.69,0.382,14.5,72.9,0.376,0.0,82,at_risk,1
RVNL-BHN-BIL-PKG-05E,Bhanupali-Bilaspur-Beri New Rail Line (63 km) (Pkg 5E - Himachal Pradesh),Railways,Himachal Pradesh,Megha Engineering (MEIL),RVNL,Ministry of Railways,2018-03-30,5131.3,48.6,56.5,-7.9,1.137,2,0.899,0.75,53.7,0.88,0.706,56.8,66.0,0.357,0.0,46,at_risk,1
NHAI-KLK-SHM-PKG-05F,Kalka-Shimla 4-Laning (NH-5 Parwanoo-Solan) (Pkg 5F - Himachal Pradesh),Highways,Himachal Pradesh,GR Infraprojects,NHAI,MoRTH,2018-03-30,3503.0,29.8,41.4,-11.6,1.222,6,0.828,0.759,79.7,1.56,0.797,41.2,62.1,0.412,0.0,52,at_risk,1
SJVN-LUH-HYD-PKG-05G,Luhri Hydro Electric Project (210 MW Nirath) (Pkg 5G - Himachal Pradesh),Power,Himachal Pradesh,Patel Engineering,SJVN Limited,Ministry of Power,2018-03-31,1870.1,62.1,73.2,-11.1,1.19,2,0.807,0.714,88.9,1.55,0.551,27.6,56.2,0.415,0.0,83,at_risk,1
RVNL-BHN-BIL-PKG-06H,Bhanupali-Bilaspur-Beri New Rail Line (63 km) (Pkg 6H - Himachal Pradesh),Railways,Himachal Pradesh,Megha Engineering (MEIL),RVNL,Ministry of Railways,2018-04-01,581.3,53.5,74.8,-21.3,2.026,12,0.856,0.759,31.3,1.79,0.827,52.8,73.7,0.365,0.0,127,delayed,2
NHAI-KLK-SHM-PKG-06A,Kalka-Shimla 4-Laning (NH-5 Parwanoo-Solan) (Pkg 6A - Himachal Pradesh),Highways,Himachal Pradesh,GR Infraprojects,NHAI,MoRTH,2018-04-02,448.1,43.5,57.0,-13.5,1.73,2,0.885,0.779,72.6,0.81,0.757,29.4,64.1,0.483,0.0,175,delayed,2
SJVN-LUH-HYD-PKG-06B,Luhri Hydro Electric Project (210 MW Nirath) (Pkg 6B - Himachal Pradesh),Power,Himachal Pradesh,Patel Engineering,SJVN Limited,Ministry of Power,2018-04-04,1287.6,73.6,91.2,-17.6,1.247,18,0.802,0.714,39.4,1.69,0.755,33.5,55.1,0.282,0.0,43,at_risk,1
RVNL-BHN-BIL-PKG-07C,Bhanupali-Bilaspur-Beri New Rail Line (63 km) (Pkg 7C - Himachal Pradesh),Railways,Himachal Pradesh,Megha Engineering (MEIL),RVNL,Ministry of Railways,2018-04-05,3785.7,92.1,92.6,-0.5,1.004,0,0.803,0.712,57.7,0.92,0.786,37.7,72.0,0.553,0.0,1,on_track,0
NHAI-KLK-SHM-PKG-07D,Kalka-Shimla 4-Laning (NH-5 Parwanoo-Solan) (Pkg 7D - Himachal Pradesh),Highways,Himachal Pradesh,GR Infraprojects,NHAI,MoRTH,2018-04-05,3068.3,68.1,88.1,-20.0,1.517,6,0.883,0.81,74.7,1.62,0.834,55.5,66.1,0.502,0.0,360,delayed,2
SJVN-LUH-HYD-PKG-07E,Luhri Hydro Electric Project (210 MW Nirath) (Pkg 7E - Himachal Pradesh),Power,Himachal Pradesh,Patel Engineering,SJVN Limited,Ministry of Power,2018-04-07,933.0,50.0,53.8,-3.8,1.044,6,0.883,0.797,37.7,1.99,0.794,27.6,71.8,0.351,0.0,73,at_risk,1
RVNL-BHN-BIL-PKG-08F,Bhanupali-Bilaspur-Beri New Rail Line (63 km) (Pkg 8F - Himachal Pradesh),Railways,Himachal Pradesh,Megha Engineering (MEIL),RVNL,Ministry of Railways,2018-04-08,2533.4,27.5,30.1,-2.6,0.943,2,0.859,0.805,75.0,0.79,0.701,41.5,72.9,0.377,0.0,27,on_track,0
NHAI-KLK-SHM-PKG-08G,Kalka-Shimla 4-Laning (NH-5 Parwanoo-Solan) (Pkg 8G - Himachal Pradesh),Highways,Himachal Pradesh,GR Infraprojects,NHAI,MoRTH,2018-04-08,3643.6,57.5,62.4,-4.9,1.186,0,0.856,0.82,87.8,2.18,0.627,30.7,66.1,0.429,0.0,34,at_risk,1
SJVN-LUH-HYD-PKG-08H,Luhri Hydro Electric Project (210 MW Nirath) (Pkg 8H - Himachal Pradesh),Power,Himachal Pradesh,Patel Engineering,SJVN Limited,Ministry of Power,2018-04-08,2886.3,51.0,66.5,-15.5,1.737,12,0.863,0.748,43.4,1.64,0.559,34.2,68.1,0.39,0.0,227,delayed,2
RVNL-BHN-BIL-PKG-09A,Bhanupali-Bilaspur-Beri New Rail Line (63 km) (Pkg 9A - Himachal Pradesh),Railways,Himachal Pradesh,Megha Engineering (MEIL),RVNL,Ministry of Railways,2018-04-08,1653.8,29.1,39.8,-10.7,1.835,0,0.818,0.813,60.1,1.51,0.67,55.5,61.6,0.471,0.0,298,delayed,2
NHAI-KLK-SHM-PKG-09B,Kalka-Shimla 4-Laning (NH-5 Parwanoo-Solan) (Pkg 9B - Himachal Pradesh),Highways,Himachal Pradesh,GR Infraprojects,NHAI,MoRTH,2018-04-09,2631.4,24.1,41.7,-17.6,1.178,12,0.845,0.853,78.2,1.44,0.647,43.5,64.2,0.487,0.0,502,delayed,2
SJVN-LUH-HYD-PKG-09C,Luhri Hydro Electric Project (210 MW Nirath) (Pkg 9C - Himachal Pradesh),Power,Himachal Pradesh,Patel Engineering,SJVN Limited,Ministry of Power,2018-04-12,873.8,88.8,88.3,0.5,1.163,6,0.882,0.823,60.5,1.63,0.645,19.8,61.8,0.513,0.0,13,on_track,0
RVNL-BHN-BIL-PKG-10D,Bhanupali-Bilaspur-Beri New Rail Line (63 km) (Pkg 10D - Himachal Pradesh),Railways,Himachal Pradesh,Megha Engineering (MEIL),RVNL,Ministry of Railways,2018-04-12,1774.3,90.0,93.3,-3.3,0.979,2,0.859,0.809,50.5,1.71,0.887,29.9,70.9,0.344,0.0,57,at_risk,1
NHAI-KLK-SHM-PKG-10E,Kalka-Shimla 4-Laning (NH-5 Parwanoo-Solan) (Pkg 10E - Himachal Pradesh),Highways,Himachal Pradesh,GR Infraprojects,NHAI,MoRTH,2018-04-14,2983.4,65.6,77.6,-12.0,0.999,6,0.805,0.734,55.5,1.94,0.653,46.2,64.1,0.491,0.0,52,at_risk,1
SJVN-LUH-HYD-PKG-10F,Luhri Hydro Electric Project (210 MW Nirath) (Pkg 10F - Himachal Pradesh),Power,Himachal Pradesh,Patel Engineering,SJVN Limited,Ministry of Power,2018-04-14,855.3,26.6,37.7,-11.1,1.119,2,0.814,0.773,60.3,2.19,0.819,20.0,73.6,0.381,0.0,53,at_risk,1
RVNL-BHN-BIL-PKG-11G,Bhanupali-Bilaspur-Beri New Rail Line (63 km) (Pkg 11G - Himachal Pradesh),Railways,Himachal Pradesh,Megha Engineering (MEIL),RVNL,Ministry of Railways,2018-04-17,5017.8,91.8,92.3,-0.5,1.015,2,0.859,0.848,62.5,1.04,0.742,26.5,65.1,0.492,0.0,6,on_track,0
NHAI-KLK-SHM-PKG-11H,Kalka-Shimla 4-Laning (NH-5 Parwanoo-Solan) (Pkg 11H - Himachal Pradesh),Highways,Himachal Pradesh,GR Infraprojects,NHAI,MoRTH,2018-04-18,1680.6,8.3,34.2,-25.9,1.798,12,0.952,0.831,82.3,1.33,0.788,42.9,69.7,0.471,0.0,333,delayed,2
SJVN-LUH-HYD-PKG-11A,Luhri Hydro Electric Project (210 MW Nirath) (Pkg 11A - Himachal Pradesh),Power,Himachal Pradesh,Patel Engineering,SJVN Limited,Ministry of Power,2018-04-20,740.9,59.4,75.7,-16.3,1.448,6,0.879,0.741,65.9,2.0,0.637,15.1,60.8,0.386,0.0,189,delayed,2
RVNL-BHN-BIL-PKG-12B,Bhanupali-Bilaspur-Beri New Rail Line (63 km) (Pkg 12B - Himachal Pradesh),Railways,Himachal Pradesh,Megha Engineering (MEIL),RVNL,Ministry of Railways,2018-04-20,2949.3,19.0,39.3,-20.3,1.156,12,0.87,0.809,60.3,1.41,0.764,54.8,60.3,0.363,0.0,202,delayed,2
NHAI-KLK-SHM-PKG-12C,Kalka-Shimla 4-Laning (NH-5 Parwanoo-Solan) (Pkg 12C - Himachal Pradesh),Highways,Himachal Pradesh,GR Infraprojects,NHAI,MoRTH,2018-04-21,1787.7,85.3,91.3,-6.0,1.219,18,0.886,0.782,90.4,2.03,0.701,44.0,64.4,0.502,0.0,89,at_risk,1
SJVN-LUH-HYD-PKG-12D,Luhri Hydro Electric Project (210 MW Nirath) (Pkg 12D - Himachal Pradesh),Power,Himachal Pradesh,Patel Engineering,SJVN Limited,Ministry of Power,2018-04-21,1152.0,22.7,37.1,-14.4,1.35,6,0.887,0.792,77.5,1.04,0.519,30.7,66.7,0.437,0.0,57,at_risk,1
RVNL-BHN-BIL-PKG-13E,Bhanupali-Bilaspur-Beri New Rail Line (63 km) (Pkg 13E - Himachal Pradesh),Railways,Himachal Pradesh,Megha Engineering (MEIL),RVNL,Ministry of Railways,2018-04-22,3146.8,62.9,88.3,-25.4,1.651,2,0.95,0.784,54.9,1.28,0.764,48.1,63.2,0.587,0.0,263,delayed,2
NHAI-KLK-SHM-PKG-13F,Kalka-Shimla 4-Laning (NH-5 Parwanoo-Solan) (Pkg 13F - Himachal Pradesh),Highways,Himachal Pradesh,GR Infraprojects,NHAI,MoRTH,2018-04-22,2627.1,34.0,36.3,-2.3,1.022,0,0.828,0.747,69.0,0.82,0.636,32.7,73.7,0.449,0.0,9,on_track,0
SJVN-LUH-HYD-PKG-13G,Luhri Hydro Electric Project (210 MW Nirath) (Pkg 13G - Himachal Pradesh),Power,Himachal Pradesh,Patel Engineering,SJVN Limited,Ministry of Power,2018-04-22,544.9,59.4,61.4,-2.0,1.14,0,0.843,0.73,89.9,0.7,0.6,19.2,56.5,0.308,0.0,78,at_risk,1
RVNL-BHN-BIL-PKG-14H,Bhanupali-Bilaspur-Beri New Rail Line (63 km) (Pkg 14H - Himachal Pradesh),Railways,Himachal Pradesh,Megha Engineering (MEIL),RVNL,Ministry of Railways,2018-04-24,4311.8,76.3,92.1,-15.8,1.544,36,0.863,0.757,45.9,1.13,0.939,60.1,74.7,0.551,0.0,100,delayed,2
NHAI-KLK-SHM-PKG-14A,Kalka-Shimla 4-Laning (NH-5 Parwanoo-Solan) (Pkg 14A - Himachal Pradesh),Highways,Himachal Pradesh,GR Infraprojects,NHAI,MoRTH,2018-04-24,4241.5,59.8,78.2,-18.4,1.265,24,0.89,0.759,77.5,1.53,0.673,36.5,73.9,0.597,0.0,365,delayed,2
SJVN-LUH-HYD-PKG-14B,Luhri Hydro Electric Project (210 MW Nirath) (Pkg 14B - Himachal Pradesh),Power,Himachal Pradesh,Patel Engineering,SJVN Limited,Ministry of Power,2018-04-24,1458.3,73.8,74.7,-0.9,0.933,0,0.854,0.85,74.2,1.57,0.671,23.1,61.4,0.396,0.0,11,on_track,0
RVNL-BHN-BIL-PKG-15C,Bhanupali-Bilaspur-Beri New Rail Line (63 km) (Pkg 15C - Himachal Pradesh),Railways,Himachal Pradesh,Megha Engineering (MEIL),RVNL,Ministry of Railways,2018-04-25,2102.2,18.7,39.2,-20.5,1.54,18,0.811,0.792,94.9,1.27,0.766,41.3,72.8,0.503,0.0,197,delayed,2
NHAI-KLK-SHM-PKG-15D,Kalka-Shimla 4-Laning (NH-5 Parwanoo-Solan) (Pkg 15D - Himachal Pradesh),Highways,Himachal Pradesh,GR Infraprojects,NHAI,MoRTH,2018-04-26,2995.9,57.3,63.2,-5.9,0.982,2,0.838,0.738,31.0,1.95,0.691,25.9,65.3,0.432,0.0,28,on_track,0
SJVN-LUH-HYD-PKG-15E,Luhri Hydro Electric Project (210 MW Nirath) (Pkg 15E - Himachal Pradesh),Power,Himachal Pradesh,Patel Engineering,SJVN Limited,Ministry of Power,2018-04-28,3478.8,51.0,57.7,-6.7,1.144,6,0.874,0.777,47.4,1.12,0.597,20.4,70.4,0.319,0.0,53,at_risk,1
RVNL-BHN-BIL-PKG-16F,Bhanupali-Bilaspur-Beri New Rail Line (63 km) (Pkg 16F - Himachal Pradesh),Railways,Himachal Pradesh,Megha Engineering (MEIL),RVNL,Ministry of Railways,2018-04-28,3270.7,63.5,76.7,-13.2,1.334,6,0.939,0.73,85.0,1.53,0.738,38.6,74.1,0.441,0.0,37,at_risk,1
NHAI-KLK-SHM-PKG-16G,Kalka-Shimla 4-Laning (NH-5 Parwanoo-Solan) (Pkg 16G - Himachal Pradesh),Highways,Himachal Pradesh,GR Infraprojects,NHAI,MoRTH,2018-04-30,3746.6,82.2,91.6,-9.4,1.839,0,0.843,0.842,67.9,0.69,0.727,35.6,56.6,0.461,0.0,134,delayed,2
SJVN-LUH-HYD-PKG-16H,Luhri Hydro Electric Project (210 MW Nirath) (Pkg 16H - Himachal Pradesh),Power,Himachal Pradesh,Patel Engineering,SJVN Limited,Ministry of Power,2018-04-30,1941.6,87.2,87.9,-0.7,1.183,2,0.857,0.903,76.8,1.63,0.562,25.1,55.4,0.31,0.0,57,at_risk,1
RVNL-BHN-BIL-PKG-17A,Bhanupali-Bilaspur-Beri New Rail Line (63 km) (Pkg 17A - Himachal Pradesh),Railways,Himachal Pradesh,Megha Engineering (MEIL),RVNL,Ministry of Railways,2018-04-30,979.4,73.5,81.1,-7.6,1.052,6,0.864,0.75,41.5,1.19,0.708,39.9,60.3,0.485,0.0,86,at_risk,1
NHAI-KLK-SHM-PKG-17B,Kalka-Shimla 4-Laning (NH-5 Parwanoo-Solan) (Pkg 17B - Himachal Pradesh),Highways,Himachal Pradesh,GR Infraprojects,NHAI,MoRTH,2018-05-01,4096.3,47.4,55.2,-7.8,1.405,36,0.85,0.779,62.4,0.77,0.913,50.5,74.5,0.38,0.0,507,delayed,2
SJVN-LUH-HYD-PKG-17C,Luhri Hydro Electric Project (210 MW Nirath) (Pkg 17C - Himachal Pradesh),Power,Himachal Pradesh,Patel Engineering,SJVN Limited,Ministry of Power,2018-05-01,1506.7,90.1,94.2,-4.1,1.314,6,0.829,0.755,98.3,1.13,0.746,28.0,64.2,0.359,0.0,46,at_risk,1
RVNL-BHN-BIL-PKG-18D,Bhanupali-Bilaspur-Beri New Rail Line (63 km) (Pkg 18D - Himachal Pradesh),Railways,Himachal Pradesh,Megha Engineering (MEIL),RVNL,Ministry of Railways,2018-05-01,3628.1,14.3,34.6,-20.3,1.673,0,0.798,0.812,79.4,1.45,0.737,32.7,66.7,0.352,0.0,513,delayed,2
NHAI-KLK-SHM-PKG-18E,Kalka-Shimla 4-Laning (NH-5 Parwanoo-Solan) (Pkg 18E - Himachal Pradesh),Highways,Himachal Pradesh,GR Infraprojects,NHAI,MoRTH,2018-05-06,5073.3,49.9,58.9,-9.0,1.241,2,0.855,0.736,67.2,1.9,0.67,41.3,70.8,0.484,0.0,73,at_risk,1
SJVN-LUH-HYD-PKG-18F,Luhri Hydro Electric Project (210 MW Nirath) (Pkg 18F - Himachal Pradesh),Power,Himachal Pradesh,Patel Engineering,SJVN Limited,Ministry of Power,2018-05-06,4719.7,42.8,43.5,-0.7,0.94,0,0.889,0.82,91.5,1.91,0.77,20.7,68.3,0.358,0.0,22,on_track,0
NTPC-N-KARAN-PKG-01A,"North Karanpura Super Thermal Power Project (1,980 MW) (Pkg 1A - Jharkhand)",Power,Jharkhand,BHEL & L&T,NTPC,Ministry of Power,2018-05-08,1895.9,71.4,82.3,-10.9,1.226,2,0.719,0.541,39.0,1.47,0.627,17.2,62.9,0.316,0.0,42,at_risk,1
NHAI-RNC-JSR-PKG-01B,Ranchi-Jamshedpur 4-Laning (NH-33 Saherbera) (Pkg 1B - Jharkhand),Highways,Jharkhand,Madhucon Infra,NHAI,MoRTH,2018-05-09,4522.4,35.9,50.9,-15.0,1.321,2,0.643,0.557,35.0,1.58,0.744,39.5,60.3,0.498,0.0,37,at_risk,1
NTPC-N-KARAN-PKG-02C,"North Karanpura Super Thermal Power Project (1,980 MW) (Pkg 2C - Jharkhand)",Power,Jharkhand,BHEL & L&T,NTPC,Ministry of Power,2018-05-09,1753.3,65.4,65.3,0.1,0.934,0,0.653,0.585,94.7,1.2,0.691,35.2,68.2,0.255,0.0,21,on_track,0
NHAI-RNC-JSR-PKG-02D,Ranchi-Jamshedpur 4-Laning (NH-33 Saherbera) (Pkg 2D - Jharkhand),Highways,Jharkhand,Madhucon Infra,NHAI,MoRTH,2018-05-09,4386.3,31.3,33.9,-2.6,1.048,0,0.702,0.567,63.3,0.72,0.69,46.1,74.4,0.379,0.0,3,on_track,0
NTPC-N-KARAN-PKG-03E,"North Karanpura Super Thermal Power Project (1,980 MW) (Pkg 3E - Jharkhand)",Power,Jharkhand,BHEL & L&T,NTPC,Ministry of Power,2018-05-11,3749.2,37.1,44.7,-7.6,0.85,0,0.601,0.538,77.1,1.93,0.668,35.0,61.1,0.315,0.0,25,on_track,0
NHAI-RNC-JSR-PKG-03F,Ranchi-Jamshedpur 4-Laning (NH-33 Saherbera) (Pkg 3F - Jharkhand),Highways,Jharkhand,Madhucon Infra,NHAI,MoRTH,2018-05-11,1262.4,68.2,79.9,-11.7,1.675,12,0.688,0.676,44.5,2.07,0.692,55.3,71.3,0.428,0.0,391,delayed,2
NTPC-N-KARAN-PKG-04G,"North Karanpura Super Thermal Power Project (1,980 MW) (Pkg 4G - Jharkhand)",Power,Jharkhand,BHEL & L&T,NTPC,Ministry of Power,2018-05-11,4137.4,50.5,60.3,-9.8,1.044,0,0.663,0.594,30.2,1.32,0.734,27.2,65.1,0.289,0.0,35,at_risk,1
NHAI-RNC-JSR-PKG-04H,Ranchi-Jamshedpur 4-Laning (NH-33 Saherbera) (Pkg 4H - Jharkhand),Highways,Jharkhand,Madhucon Infra,NHAI,MoRTH,2018-05-13,822.3,56.8,68.6,-11.8,1.186,2,0.696,0.577,36.7,2.12,0.657,40.1,74.6,0.411,0.0,73,at_risk,1
NTPC-N-KARAN-PKG-05A,"North Karanpura Super Thermal Power Project (1,980 MW) (Pkg 5A - Jharkhand)",Power,Jharkhand,BHEL & L&T,NTPC,Ministry of Power,2018-05-13,3572.2,48.3,54.5,-6.2,1.123,0,0.717,0.654,62.9,1.77,0.729,21.9,65.6,0.255,0.0,83,at_risk,1
NHAI-RNC-JSR-PKG-05B,Ranchi-Jamshedpur 4-Laning (NH-33 Saherbera) (Pkg 5B - Jharkhand),Highways,Jharkhand,Madhucon Infra,NHAI,MoRTH,2018-05-13,1435.8,55.8,73.8,-18.0,1.41,24,0.593,0.647,40.9,1.0,0.654,21.7,59.5,0.548,0.0,355,delayed,2
NTPC-N-KARAN-PKG-06C,"North Karanpura Super Thermal Power Project (1,980 MW) (Pkg 6C - Jharkhand)",Power,Jharkhand,BHEL & L&T,NTPC,Ministry of Power,2018-05-13,1495.9,40.6,50.9,-10.3,1.265,0,0.659,0.526,62.8,1.17,0.647,16.4,57.1,0.319,0.0,183,delayed,2
NHAI-RNC-JSR-PKG-06D,Ranchi-Jamshedpur 4-Laning (NH-33 Saherbera) (Pkg 6D - Jharkhand),Highways,Jharkhand,Madhucon Infra,NHAI,MoRTH,2018-05-15,3101.5,33.4,43.2,-9.8,1.299,12,0.714,0.655,88.7,1.55,0.723,44.1,60.0,0.521,0.0,31,at_risk,1
NTPC-N-KARAN-PKG-07E,"North Karanpura Super Thermal Power Project (1,980 MW) (Pkg 7E - Jharkhand)",Power,Jharkhand,BHEL & L&T,NTPC,Ministry of Power,2018-05-15,1681.3,62.2,67.6,-5.4,1.057,0,0.674,0.554,80.3,1.8,0.679,18.1,56.0,0.247,0.0,21,on_track,0
NHAI-RNC-JSR-PKG-07F,Ranchi-Jamshedpur 4-Laning (NH-33 Saherbera) (Pkg 7F - Jharkhand),Highways,Jharkhand,Madhucon Infra,NHAI,MoRTH,2018-05-15,5141.9,61.2,72.3,-11.1,1.587,6,0.727,0.505,79.6,0.89,0.697,23.3,73.3,0.453,0.0,370,delayed,2
NTPC-N-KARAN-PKG-08G,"North Karanpura Super Thermal Power Project (1,980 MW) (Pkg 8G - Jharkhand)",Power,Jharkhand,BHEL & L&T,NTPC,Ministry of Power,2018-05-15,1677.7,73.4,80.6,-7.2,1.016,0,0.679,0.648,81.6,1.73,0.684,33.1,59.9,0.398,0.0,69,at_risk,1
NHAI-RNC-JSR-PKG-08H,Ranchi-Jamshedpur 4-Laning (NH-33 Saherbera) (Pkg 8H - Jharkhand),Highways,Jharkhand,Madhucon Infra,NHAI,MoRTH,2018-05-15,1898.9,40.7,54.5,-13.8,1.276,2,0.657,0.622,69.4,1.89,0.715,29.2,63.5,0.479,0.0,32,at_risk,1
NTPC-N-KARAN-PKG-09A,"North Karanpura Super Thermal Power Project (1,980 MW) (Pkg 9A - Jharkhand)",Power,Jharkhand,BHEL & L&T,NTPC,Ministry of Power,2018-05-15,2822.7,93.5,95.0,-1.5,1.214,0,0.678,0.563,63.9,1.43,0.77,16.1,61.4,0.285,0.0,37,at_risk,1
NHAI-RNC-JSR-PKG-09B,Ranchi-Jamshedpur 4-Laning (NH-33 Saherbera) (Pkg 9B - Jharkhand),Highways,Jharkhand,Madhucon Infra,NHAI,MoRTH,2018-05-16,3339.5,74.4,72.5,1.9,0.932,2,0.601,0.611,78.9,2.08,0.721,52.6,62.5,0.41,0.0,3,on_track,0
NTPC-N-KARAN-PKG-10C,"North Karanpura Super Thermal Power Project (1,980 MW) (Pkg 10C - Jharkhand)",Power,Jharkhand,BHEL & L&T,NTPC,Ministry of Power,2018-05-17,3856.2,57.2,68.9,-11.7,1.299,2,0.719,0.615,78.9,1.25,0.698,22.0,58.2,0.356,0.0,80,at_risk,1
NHAI-RNC-JSR-PKG-10D,Ranchi-Jamshedpur 4-Laning (NH-33 Saherbera) (Pkg 10D - Jharkhand),Highways,Jharkhand,Madhucon Infra,NHAI,MoRTH,2018-05-19,3809.7,27.5,33.9,-6.4,1.024,0,0.643,0.462,30.7,1.08,0.638,44.1,57.2,0.516,0.0,25,on_track,0
NTPC-N-KARAN-PKG-11E,"North Karanpura Super Thermal Power Project (1,980 MW) (Pkg 11E - Jharkhand)",Power,Jharkhand,BHEL & L&T,NTPC,Ministry of Power,2018-05-19,5005.8,78.7,87.1,-8.4,1.065,12,0.689,0.664,84.7,0.98,0.568,30.8,69.3,0.321,0.0,40,at_risk,1
NHAI-RNC-JSR-PKG-11F,Ranchi-Jamshedpur 4-Laning (NH-33 Saherbera) (Pkg 11F - Jharkhand),Highways,Jharkhand,Madhucon Infra,NHAI,MoRTH,2018-05-19,4519.2,44.5,53.7,-9.2,1.334,2,0.68,0.611,40.3,1.39,0.625,46.7,55.3,0.462,0.0,74,at_risk,1
NTPC-N-KARAN-PKG-12G,"North Karanpura Super Thermal Power Project (1,980 MW) (Pkg 12G - Jharkhand)",Power,Jharkhand,BHEL & L&T,NTPC,Ministry of Power,2018-05-20,806.1,87.1,91.7,-4.6,1.188,0,0.72,0.625,97.6,1.92,0.634,17.3,59.1,0.449,0.0,48,at_risk,1
NHAI-RNC-JSR-PKG-12H,Ranchi-Jamshedpur 4-Laning (NH-33 Saherbera) (Pkg 12H - Jharkhand),Highways,Jharkhand,Madhucon Infra,NHAI,MoRTH,2018-05-22,4166.7,11.0,30.7,-19.7,1.567,6,0.751,0.511,59.8,1.36,0.849,50.1,65.4,0.375,0.0,424,delayed,2
NTPC-N-KARAN-PKG-13A,"North Karanpura Super Thermal Power Project (1,980 MW) (Pkg 13A - Jharkhand)",Power,Jharkhand,BHEL & L&T,NTPC,Ministry of Power,2018-05-23,2253.6,44.3,51.0,-6.7,1.163,6,0.679,0.531,45.5,1.07,0.677,35.0,59.9,0.27,0.0,85,at_risk,1
NHAI-RNC-JSR-PKG-13B,Ranchi-Jamshedpur 4-Laning (NH-33 Saherbera) (Pkg 13B - Jharkhand),Highways,Jharkhand,Madhucon Infra,NHAI,MoRTH,2018-05-23,3700.8,55.4,61.0,-5.6,0.871,0,0.611,0.552,77.7,1.48,0.783,30.0,65.3,0.445,0.0,3,on_track,0
NTPC-N-KARAN-PKG-14C,"North Karanpura Super Thermal Power Project (1,980 MW) (Pkg 14C - Jharkhand)",Power,Jharkhand,BHEL & L&T,NTPC,Ministry of Power,2018-05-23,3770.7,36.1,52.1,-16.0,1.096,2,0.695,0.588,83.8,0.79,0.622,24.2,59.2,0.351,0.0,68,at_risk,1
NHAI-RNC-JSR-PKG-14D,Ranchi-Jamshedpur 4-Laning (NH-33 Saherbera) (Pkg 14D - Jharkhand),Highways,Jharkhand,Madhucon Infra,NHAI,MoRTH,2018-05-25,1201.1,78.8,91.5,-12.7,1.189,24,0.664,0.618,62.6,1.12,0.663,31.7,63.6,0.485,0.0,80,at_risk,1
NTPC-N-KARAN-PKG-15E,"North Karanpura Super Thermal Power Project (1,980 MW) (Pkg 15E - Jharkhand)",Power,Jharkhand,BHEL & L&T,NTPC,Ministry of Power,2018-05-25,2712.7,79.0,84.0,-5.0,1.177,6,0.659,0.615,97.0,1.73,0.537,23.3,66.9,0.272,0.0,84,at_risk,1
NHAI-RNC-JSR-PKG-15F,Ranchi-Jamshedpur 4-Laning (NH-33 Saherbera) (Pkg 15F - Jharkhand),Highways,Jharkhand,Madhucon Infra,NHAI,MoRTH,2018-05-27,2590.4,56.6,66.7,-10.1,1.316,2,0.623,0.574,84.0,1.67,0.837,52.3,63.2,0.433,0.0,52,at_risk,1
NTPC-N-KARAN-PKG-16G,"North Karanpura Super Thermal Power Project (1,980 MW) (Pkg 16G - Jharkhand)",Power,Jharkhand,BHEL & L&T,NTPC,Ministry of Power,2018-05-28,731.6,30.9,34.2,-3.3,1.148,12,0.701,0.628,87.1,0.78,0.787,13.3,67.5,0.362,0.0,75,at_risk,1
NHAI-RNC-JSR-PKG-16H,Ranchi-Jamshedpur 4-Laning (NH-33 Saherbera) (Pkg 16H - Jharkhand),Highways,Jharkhand,Madhucon Infra,NHAI,MoRTH,2018-05-29,3238.7,53.8,65.8,-12.0,1.112,6,0.636,0.625,98.5,1.78,0.558,32.7,67.9,0.408,0.0,87,at_risk,1
NTPC-N-KARAN-PKG-17A,"North Karanpura Super Thermal Power Project (1,980 MW) (Pkg 17A - Jharkhand)",Power,Jharkhand,BHEL & L&T,NTPC,Ministry of Power,2018-05-29,4582.1,52.7,59.5,-6.8,1.201,0,0.648,0.59,56.1,1.77,0.492,22.5,66.1,0.408,0.0,82,at_risk,1
NHAI-RNC-JSR-PKG-17B,Ranchi-Jamshedpur 4-Laning (NH-33 Saherbera) (Pkg 17B - Jharkhand),Highways,Jharkhand,Madhucon Infra,NHAI,MoRTH,2018-05-30,2849.7,41.6,66.4,-24.8,1.421,36,0.628,0.548,86.1,1.81,0.672,54.9,70.9,0.364,0.0,451,delayed,2
NTPC-N-KARAN-PKG-18C,"North Karanpura Super Thermal Power Project (1,980 MW) (Pkg 18C - Jharkhand)",Power,Jharkhand,BHEL & L&T,NTPC,Ministry of Power,2018-05-30,3412.6,63.0,74.9,-11.9,1.134,2,0.713,0.586,89.1,0.65,0.701,13.9,58.4,0.334,0.0,87,at_risk,1
NHAI-RNC-JSR-PKG-18D,Ranchi-Jamshedpur 4-Laning (NH-33 Saherbera) (Pkg 18D - Jharkhand),Highways,Jharkhand,Madhucon Infra,NHAI,MoRTH,2018-05-31,849.3,25.5,48.0,-22.5,1.428,18,0.653,0.573,51.3,1.49,0.76,39.3,55.4,0.373,0.0,106,delayed,2
NTPC-N-KARAN-PKG-19E,"North Karanpura Super Thermal Power Project (1,980 MW) (Pkg 19E - Jharkhand)",Power,Jharkhand,BHEL & L&T,NTPC,Ministry of Power,2018-06-02,4604.0,35.1,40.4,-5.3,0.995,12,0.76,0.565,82.4,2.1,0.549,13.5,56.1,0.408,0.0,21,on_track,0
NHAI-RNC-JSR-PKG-19F,Ranchi-Jamshedpur 4-Laning (NH-33 Saherbera) (Pkg 19F - Jharkhand),Highways,Jharkhand,Madhucon Infra,NHAI,MoRTH,2018-06-02,2769.5,69.0,75.0,-6.0,1.036,2,0.715,0.617,54.8,1.89,0.73,32.1,63.9,0.502,0.0,71,at_risk,1
NTPC-N-KARAN-PKG-20G,"North Karanpura Super Thermal Power Project (1,980 MW) (Pkg 20G - Jharkhand)",Power,Jharkhand,BHEL & L&T,NTPC,Ministry of Power,2018-06-03,2345.4,72.8,75.1,-2.3,0.879,2,0.656,0.716,64.4,1.53,0.603,15.6,69.3,0.374,0.0,2,on_track,0
NHAI-RNC-JSR-PKG-20H,Ranchi-Jamshedpur 4-Laning (NH-33 Saherbera) (Pkg 20H - Jharkhand),Highways,Jharkhand,Madhucon Infra,NHAI,MoRTH,2018-06-03,1578.7,29.2,36.9,-7.7,0.956,2,0.618,0.533,76.6,1.33,0.743,42.3,74.1,0.443,0.0,14,on_track,0
NTPC-N-KARAN-PKG-21A,"North Karanpura Super Thermal Power Project (1,980 MW) (Pkg 21A - Jharkhand)",Power,Jharkhand,BHEL & L&T,NTPC,Ministry of Power,2018-06-03,1947.5,55.1,58.3,-3.2,1.033,0,0.733,0.574,90.0,2.04,0.605,21.9,73.9,0.274,0.0,13,on_track,0
NHAI-RNC-JSR-PKG-21B,Ranchi-Jamshedpur 4-Laning (NH-33 Saherbera) (Pkg 21B - Jharkhand),Highways,Jharkhand,Madhucon Infra,NHAI,MoRTH,2018-06-04,3049.9,46.2,67.0,-20.8,1.442,6,0.673,0.554,79.2,1.58,0.708,22.1,64.8,0.377,0.0,146,delayed,2
NTPC-N-KARAN-PKG-22C,"North Karanpura Super Thermal Power Project (1,980 MW) (Pkg 22C - Jharkhand)",Power,Jharkhand,BHEL & L&T,NTPC,Ministry of Power,2018-06-04,3648.6,85.2,82.6,2.6,1.085,0,0.65,0.552,93.7,0.66,0.755,16.5,69.7,0.42,0.0,10,on_track,0
NHAI-RNC-JSR-PKG-22D,Ranchi-Jamshedpur 4-Laning (NH-33 Saherbera) (Pkg 22D - Jharkhand),Highways,Jharkhand,Madhucon Infra,NHAI,MoRTH,2018-06-06,3796.7,45.9,65.5,-19.6,1.698,36,0.65,0.583,30.8,1.11,0.809,37.4,67.5,0.432,0.0,129,delayed,2
NTPC-N-KARAN-PKG-23E,"North Karanpura Super Thermal Power Project (1,980 MW) (Pkg 23E - Jharkhand)",Power,Jharkhand,BHEL & L&T,NTPC,Ministry of Power,2018-06-07,4321.3,40.2,50.6,-10.4,1.138,2,0.672,0.622,63.4,1.34,0.56,24.8,70.5,0.299,0.0,38,at_risk,1
NHAI-RNC-JSR-PKG-23F,Ranchi-Jamshedpur 4-Laning (NH-33 Saherbera) (Pkg 23F - Jharkhand),Highways,Jharkhand,Madhucon Infra,NHAI,MoRTH,2018-06-09,1782.3,90.3,94.6,-4.3,0.948,6,0.753,0.605,93.0,1.92,0.693,27.7,74.8,0.435,0.0,18,on_track,0
NTPC-N-KARAN-PKG-24G,"North Karanpura Super Thermal Power Project (1,980 MW) (Pkg 24G - Jharkhand)",Power,Jharkhand,BHEL & L&T,NTPC,Ministry of Power,2018-06-10,4417.8,52.6,53.4,-0.8,1.21,24,0.653,0.576,71.2,1.51,0.657,24.1,68.1,0.327,0.0,81,at_risk,1
NHAI-RNC-JSR-PKG-24H,Ranchi-Jamshedpur 4-Laning (NH-33 Saherbera) (Pkg 24H - Jharkhand),Highways,Jharkhand,Madhucon Infra,NHAI,MoRTH,2018-06-10,1168.7,70.4,71.6,-1.2,1.026,2,0.649,0.526,98.5,2.15,0.614,30.3,63.3,0.386,0.0,17,on_track,0
NTPC-N-KARAN-PKG-25A,"North Karanpura Super Thermal Power Project (1,980 MW) (Pkg 25A - Jharkhand)",Power,Jharkhand,BHEL & L&T,NTPC,Ministry of Power,2018-06-10,2116.8,42.3,43.1,-0.8,1.086,0,0.64,0.616,65.8,1.15,0.577,19.0,58.4,0.349,0.0,7,on_track,0
NHAI-RNC-JSR-PKG-25B,Ranchi-Jamshedpur 4-Laning (NH-33 Saherbera) (Pkg 25B - Jharkhand),Highways,Jharkhand,Madhucon Infra,NHAI,MoRTH,2018-06-11,3677.9,57.8,62.1,-4.3,1.373,0,0.735,0.59,75.2,1.32,0.703,24.8,59.0,0.388,0.0,74,at_risk,1
NTPC-N-KARAN-PKG-26C,"North Karanpura Super Thermal Power Project (1,980 MW) (Pkg 26C - Jharkhand)",Power,Jharkhand,BHEL & L&T,NTPC,Ministry of Power,2018-06-13,3655.2,31.8,30.0,1.8,0.993,2,0.661,0.583,94.7,1.27,0.658,30.4,67.5,0.44,0.0,17,on_track,0
NHAI-RNC-JSR-PKG-26D,Ranchi-Jamshedpur 4-Laning (NH-33 Saherbera) (Pkg 26D - Jharkhand),Highways,Jharkhand,Madhucon Infra,NHAI,MoRTH,2018-06-14,610.4,59.0,77.9,-18.9,1.123,2,0.627,0.409,48.0,1.22,0.573,25.6,63.7,0.531,0.0,48,at_risk,1
BMRCL-SUB-RL-PKG-01A,Bengaluru Suburban Rail Project (Mallige Corridor) (Pkg 1A - Karnataka),Railways,Karnataka,L&T Construction,K-RIDE,Ministry of Railways,2018-06-14,1164.6,31.2,56.5,-25.3,1.137,2,0.448,0.602,62.0,1.45,0.724,46.8,57.8,0.366,0.0,258,delayed,2
BMRCL-PH2-RT-PKG-01B,Bengaluru Namma Metro Phase 2 Airport Line (Blue Line) (Pkg 1B - Karnataka),Urban Development,Karnataka,Afcons Infrastructure,BMRCL,MoHUA / Karnataka,2018-06-15,1357.7,53.1,62.5,-9.4,1.217,18,0.468,0.568,53.3,0.88,0.62,17.2,56.9,0.473,0.0,51,at_risk,1
KNNL-UPP-BHA-PKG-01C,Upper Bhadra National Irrigation Scheme (Pkg 1C - Karnataka),Water,Karnataka,Megha Engineering (MEIL),KNNL / CWC,Ministry of Jal Shakti,2018-06-15,4085.4,50.5,60.9,-10.4,1.313,6,0.527,0.667,44.1,1.01,0.594,29.3,65.4,0.229,0.0,41,at_risk,1
BMRCL-SUB-RL-PKG-02D,Bengaluru Suburban Rail Project (Mallige Corridor) (Pkg 2D - Karnataka),Railways,Karnataka,L&T Construction,K-RIDE,Ministry of Railways,2018-06-15,2137.3,69.7,93.7,-24.0,1.494,12,0.554,0.691,77.7,2.04,0.506,66.2,72.8,0.401,0.0,430,delayed,2
BMRCL-PH2-RT-PKG-02E,Bengaluru Namma Metro Phase 2 Airport Line (Blue Line) (Pkg 2E - Karnataka),Urban Development,Karnataka,Afcons Infrastructure,BMRCL,MoHUA / Karnataka,2018-06-17,391.3,46.9,76.1,-29.2,1.763,24,0.567,0.696,48.2,0.68,0.552,36.6,65.9,0.584,0.0,383,delayed,2
KNNL-UPP-BHA-PKG-02F,Upper Bhadra National Irrigation Scheme (Pkg 2F - Karnataka),Water,Karnataka,Megha Engineering (MEIL),KNNL / CWC,Ministry of Jal Shakti,2018-06-20,2587.1,34.3,39.5,-5.2,0.929,0,0.563,0.674,54.3,1.3,0.676,36.7,55.3,0.303,0.0,10,on_track,0
BMRCL-SUB-RL-PKG-03G,Bengaluru Suburban Rail Project (Mallige Corridor) (Pkg 3G - Karnataka),Railways,Karnataka,L&T Construction,K-RIDE,Ministry of Railways,2018-06-20,3911.7,25.5,33.0,-7.5,1.292,0,0.546,0.643,71.2,1.43,0.872,28.7,72.5,0.47,0.0,36,at_risk,1
BMRCL-PH2-RT-PKG-03H,Bengaluru Namma Metro Phase 2 Airport Line (Blue Line) (Pkg 3H - Karnataka),Urban Development,Karnataka,Afcons Infrastructure,BMRCL,MoHUA / Karnataka,2018-06-20,1920.0,18.9,35.0,-16.1,1.053,6,0.5,0.716,64.8,0.71,0.642,18.2,66.7,0.626,0.0,78,at_risk,1
KNNL-UPP-BHA-PKG-03A,Upper Bhadra National Irrigation Scheme (Pkg 3A - Karnataka),Water,Karnataka,Megha Engineering (MEIL),KNNL / CWC,Ministry of Jal Shakti,2018-06-21,4910.3,67.7,76.5,-8.8,1.259,2,0.484,0.642,40.1,1.46,0.665,34.8,55.1,0.421,0.0,37,at_risk,1
BMRCL-SUB-RL-PKG-04B,Bengaluru Suburban Rail Project (Mallige Corridor) (Pkg 4B - Karnataka),Railways,Karnataka,L&T Construction,K-RIDE,Ministry of Railways,2018-06-23,4858.5,19.4,37.3,-17.9,1.446,0,0.545,0.608,79.9,0.66,0.668,25.4,55.9,0.338,0.0,172,delayed,2
BMRCL-PH2-RT-PKG-04C,Bengaluru Namma Metro Phase 2 Airport Line (Blue Line) (Pkg 4C - Karnataka),Urban Development,Karnataka,Afcons Infrastructure,BMRCL,MoHUA / Karnataka,2018-06-25,3723.2,39.8,42.8,-3.0,0.858,0,0.448,0.782,79.4,0.95,0.55,23.9,66.1,0.506,0.0,14,on_track,0
KNNL-UPP-BHA-PKG-04D,Upper Bhadra National Irrigation Scheme (Pkg 4D - Karnataka),Water,Karnataka,Megha Engineering (MEIL),KNNL / CWC,Ministry of Jal Shakti,2018-06-26,4866.4,72.1,89.5,-17.4,1.314,0,0.537,0.571,32.7,0.88,0.778,60.7,73.3,0.257,0.0,376,delayed,2
BMRCL-SUB-RL-PKG-05E,Bengaluru Suburban Rail Project (Mallige Corridor) (Pkg 5E - Karnataka),Railways,Karnataka,L&T Construction,K-RIDE,Ministry of Railways,2018-06-27,1466.0,58.9,65.7,-6.8,0.983,18,0.537,0.612,60.4,1.41,0.98,47.1,73.5,0.375,0.0,70,at_risk,1
BMRCL-PH2-RT-PKG-05F,Bengaluru Namma Metro Phase 2 Airport Line (Blue Line) (Pkg 5F - Karnataka),Urban Development,Karnataka,Afcons Infrastructure,BMRCL,MoHUA / Karnataka,2018-06-27,2308.2,45.6,56.9,-11.3,1.41,6,0.507,0.725,41.0,1.8,0.697,18.4,67.0,0.517,0.0,168,delayed,2
KNNL-UPP-BHA-PKG-05G,Upper Bhadra National Irrigation Scheme (Pkg 5G - Karnataka),Water,Karnataka,Megha Engineering (MEIL),KNNL / CWC,Ministry of Jal Shakti,2018-06-28,4054.0,31.4,45.6,-14.2,1.221,2,0.571,0.567,55.6,2.05,0.68,40.5,65.1,0.308,0.0,56,at_risk,1
BMRCL-SUB-RL-PKG-06H,Bengaluru Suburban Rail Project (Mallige Corridor) (Pkg 6H - Karnataka),Railways,Karnataka,L&T Construction,K-RIDE,Ministry of Railways,2018-06-28,2045.9,31.0,30.4,0.6,1.166,0,0.557,0.554,87.8,0.87,0.714,49.1,61.2,0.399,0.0,20,on_track,0
BMRCL-PH2-RT-PKG-06A,Bengaluru Namma Metro Phase 2 Airport Line (Blue Line) (Pkg 6A - Karnataka),Urban Development,Karnataka,Afcons Infrastructure,BMRCL,MoHUA / Karnataka,2018-06-29,4151.3,84.3,94.0,-9.7,1.51,2,0.608,0.654,64.4,0.92,0.562,21.2,60.6,0.507,0.0,393,delayed,2
KNNL-UPP-BHA-PKG-06B,Upper Bhadra National Irrigation Scheme (Pkg 6B - Karnataka),Water,Karnataka,Megha Engineering (MEIL),KNNL / CWC,Ministry of Jal Shakti,2018-06-29,1368.0,60.4,58.4,2.0,0.946,2,0.563,0.604,56.8,0.89,0.631,43.2,67.9,0.29,0.0,9,on_track,0
BMRCL-SUB-RL-PKG-07C,Bengaluru Suburban Rail Project (Mallige Corridor) (Pkg 7C - Karnataka),Railways,Karnataka,L&T Construction,K-RIDE,Ministry of Railways,2018-06-29,2434.4,60.3,65.2,-4.9,1.06,12,0.501,0.696,37.3,1.95,0.745,28.7,58.1,0.531,0.0,54,at_risk,1
BMRCL-PH2-RT-PKG-07D,Bengaluru Namma Metro Phase 2 Airport Line (Blue Line) (Pkg 7D - Karnataka),Urban Development,Karnataka,Afcons Infrastructure,BMRCL,MoHUA / Karnataka,2018-06-29,4813.0,36.8,37.6,-0.8,0.999,18,0.44,0.663,73.6,1.18,0.576,24.2,58.1,0.59,0.0,13,on_track,0
KNNL-UPP-BHA-PKG-07E,Upper Bhadra National Irrigation Scheme (Pkg 7E - Karnataka),Water,Karnataka,Megha Engineering (MEIL),KNNL / CWC,Ministry of Jal Shakti,2018-07-02,3688.3,14.6,31.3,-16.7,1.381,0,0.513,0.717,55.9,0.68,0.716,42.0,65.5,0.301,0.0,63,at_risk,1
BMRCL-SUB-RL-PKG-08F,Bengaluru Suburban Rail Project (Mallige Corridor) (Pkg 8F - Karnataka),Railways,Karnataka,L&T Construction,K-RIDE,Ministry of Railways,2018-07-03,714.5,19.4,36.7,-17.3,1.361,0,0.478,0.674,62.3,2.06,0.852,46.1,61.5,0.349,0.0,261,delayed,2
BMRCL-PH2-RT-PKG-08G,Bengaluru Namma Metro Phase 2 Airport Line (Blue Line) (Pkg 8G - Karnataka),Urban Development,Karnataka,Afcons Infrastructure,BMRCL,MoHUA / Karnataka,2018-07-03,2997.5,30.7,31.5,-0.8,1.283,0,0.526,0.717,31.8,1.88,0.607,36.7,67.0,0.434,0.0,53,at_risk,1
KNNL-UPP-BHA-PKG-08H,Upper Bhadra National Irrigation Scheme (Pkg 8H - Karnataka),Water,Karnataka,Megha Engineering (MEIL),KNNL / CWC,Ministry of Jal Shakti,2018-07-03,838.0,57.5,62.9,-5.4,0.907,2,0.495,0.574,79.9,1.07,0.503,43.9,57.4,0.262,0.0,6,on_track,0
BMRCL-SUB-RL-PKG-09A,Bengaluru Suburban Rail Project (Mallige Corridor) (Pkg 9A - Karnataka),Railways,Karnataka,L&T Construction,K-RIDE,Ministry of Railways,2018-07-04,2041.8,77.0,80.3,-3.3,1.263,0,0.564,0.659,95.9,1.58,0.789,29.0,74.8,0.392,0.0,57,at_risk,1
BMRCL-PH2-RT-PKG-09B,Bengaluru Namma Metro Phase 2 Airport Line (Blue Line) (Pkg 9B - Karnataka),Urban Development,Karnataka,Afcons Infrastructure,BMRCL,MoHUA / Karnataka,2018-07-04,1904.9,41.0,54.2,-13.2,1.063,0,0.552,0.579,36.3,1.52,0.753,19.7,64.6,0.637,0.0,50,at_risk,1
KNNL-UPP-BHA-PKG-09C,Upper Bhadra National Irrigation Scheme (Pkg 9C - Karnataka),Water,Karnataka,Megha Engineering (MEIL),KNNL / CWC,Ministry of Jal Shakti,2018-07-06,3165.7,81.1,92.3,-11.2,1.137,2,0.567,0.725,44.8,1.24,0.708,40.6,65.9,0.248,0.0,76,at_risk,1
BMRCL-SUB-RL-PKG-10D,Bengaluru Suburban Rail Project (Mallige Corridor) (Pkg 10D - Karnataka),Railways,Karnataka,L&T Construction,K-RIDE,Ministry of Railways,2018-07-07,5129.5,29.8,32.5,-2.7,0.864,2,0.552,0.689,95.0,1.56,0.817,60.7,67.6,0.342,0.0,20,on_track,0
BMRCL-PH2-RT-PKG-10E,Bengaluru Namma Metro Phase 2 Airport Line (Blue Line) (Pkg 10E - Karnataka),Urban Development,Karnataka,Afcons Infrastructure,BMRCL,MoHUA / Karnataka,2018-07-08,5148.1,37.2,41.6,-4.4,0.97,0,0.557,0.67,42.9,1.24,0.579,17.1,72.9,0.671,0.0,2,on_track,0
KNNL-UPP-BHA-PKG-10F,Upper Bhadra National Irrigation Scheme (Pkg 10F - Karnataka),Water,Karnataka,Megha Engineering (MEIL),KNNL / CWC,Ministry of Jal Shakti,2018-07-08,2027.1,21.8,36.4,-14.6,1.211,2,0.533,0.679,47.8,1.98,0.783,43.6,69.0,0.253,0.0,66,at_risk,1
BMRCL-SUB-RL-PKG-11G,Bengaluru Suburban Rail Project (Mallige Corridor) (Pkg 11G - Karnataka),Railways,Karnataka,L&T Construction,K-RIDE,Ministry of Railways,2018-07-11,1753.6,51.9,57.9,-6.0,1.063,0,0.514,0.67,94.6,1.3,0.865,26.2,74.3,0.325,0.0,39,at_risk,1
BMRCL-PH2-RT-PKG-11H,Bengaluru Namma Metro Phase 2 Airport Line (Blue Line) (Pkg 11H - Karnataka),Urban Development,Karnataka,Afcons Infrastructure,BMRCL,MoHUA / Karnataka,2018-07-11,4513.6,45.5,60.9,-15.4,1.096,12,0.456,0.689,39.4,0.92,0.602,24.9,62.2,0.599,0.0,45,at_risk,1
KNNL-UPP-BHA-PKG-11A,Upper Bhadra National Irrigation Scheme (Pkg 11A - Karnataka),Water,Karnataka,Megha Engineering (MEIL),KNNL / CWC,Ministry of Jal Shakti,2018-07-13,3579.4,54.2,61.5,-7.3,1.096,2,0.512,0.655,70.5,1.61,0.75,34.4,63.1,0.327,0.0,61,at_risk,1
BMRCL-SUB-RL-PKG-12B,Bengaluru Suburban Rail Project (Mallige Corridor) (Pkg 12B - Karnataka),Railways,Karnataka,L&T Construction,K-RIDE,Ministry of Railways,2018-07-13,2528.6,31.8,36.9,-5.1,1.149,2,0.556,0.696,96.2,0.98,0.793,62.6,56.5,0.427,0.0,89,at_risk,1
BMRCL-PH2-RT-PKG-12C,Bengaluru Namma Metro Phase 2 Airport Line (Blue Line) (Pkg 12C - Karnataka),Urban Development,Karnataka,Afcons Infrastructure,BMRCL,MoHUA / Karnataka,2018-07-14,3606.0,47.6,65.4,-17.8,1.611,0,0.621,0.646,67.9,1.08,0.68,40.1,69.6,0.606,0.0,117,delayed,2
KNNL-UPP-BHA-PKG-12D,Upper Bhadra National Irrigation Scheme (Pkg 12D - Karnataka),Water,Karnataka,Megha Engineering (MEIL),KNNL / CWC,Ministry of Jal Shakti,2018-07-16,4006.5,24.6,33.9,-9.3,1.095,0,0.479,0.618,31.0,1.85,0.631,46.1,72.5,0.264,0.0,55,at_risk,1
BMRCL-SUB-RL-PKG-13E,Bengaluru Suburban Rail Project (Mallige Corridor) (Pkg 13E - Karnataka),Railways,Karnataka,L&T Construction,K-RIDE,Ministry of Railways,2018-07-17,4342.3,72.1,78.5,-6.4,1.156,0,0.542,0.628,99.4,0.71,0.798,34.6,57.6,0.411,0.0,34,at_risk,1
BMRCL-PH2-RT-PKG-13F,Bengaluru Namma Metro Phase 2 Airport Line (Blue Line) (Pkg 13F - Karnataka),Urban Development,Karnataka,Afcons Infrastructure,BMRCL,MoHUA / Karnataka,2018-07-17,4776.4,65.8,75.1,-9.3,1.219,6,0.468,0.659,67.7,1.68,0.532,32.3,57.3,0.566,0.0,80,at_risk,1
KNNL-UPP-BHA-PKG-13G,Upper Bhadra National Irrigation Scheme (Pkg 13G - Karnataka),Water,Karnataka,Megha Engineering (MEIL),KNNL / CWC,Ministry of Jal Shakti,2018-07-17,3399.6,93.9,94.3,-0.4,1.04,2,0.538,0.643,55.6,2.12,0.661,26.4,61.6,0.315,0.0,63,at_risk,1
BMRCL-SUB-RL-PKG-14H,Bengaluru Suburban Rail Project (Mallige Corridor) (Pkg 14H - Karnataka),Railways,Karnataka,L&T Construction,K-RIDE,Ministry of Railways,2018-07-19,411.6,63.5,74.9,-11.4,1.252,2,0.575,0.672,55.5,0.98,0.828,45.6,70.5,0.36,0.0,57,at_risk,1
BMRCL-PH2-RT-PKG-14A,Bengaluru Namma Metro Phase 2 Airport Line (Blue Line) (Pkg 14A - Karnataka),Urban Development,Karnataka,Afcons Infrastructure,BMRCL,MoHUA / Karnataka,2018-07-19,4420.6,77.4,91.2,-13.8,1.478,2,0.416,0.721,91.4,2.0,0.753,17.2,64.0,0.471,0.0,539,delayed,2
KNNL-UPP-BHA-PKG-14B,Upper Bhadra National Irrigation Scheme (Pkg 14B - Karnataka),Water,Karnataka,Megha Engineering (MEIL),KNNL / CWC,Ministry of Jal Shakti,2018-07-19,2096.0,46.8,61.2,-14.4,1.149,0,0.447,0.606,75.2,0.83,0.748,31.3,74.0,0.3,0.0,35,at_risk,1
BMRCL-SUB-RL-PKG-15C,Bengaluru Suburban Rail Project (Mallige Corridor) (Pkg 15C - Karnataka),Railways,Karnataka,L&T Construction,K-RIDE,Ministry of Railways,2018-07-20,1108.2,48.4,70.8,-22.4,1.715,12,0.562,0.608,44.2,2.14,0.863,63.7,65.0,0.458,0.0,151,delayed,2
BMRCL-PH2-RT-PKG-15D,Bengaluru Namma Metro Phase 2 Airport Line (Blue Line) (Pkg 15D - Karnataka),Urban Development,Karnataka,Afcons Infrastructure,BMRCL,MoHUA / Karnataka,2018-07-20,2424.7,50.8,53.1,-2.3,0.96,6,0.485,0.598,47.7,0.68,0.647,34.9,69.0,0.593,0.0,10,on_track,0
KNNL-UPP-BHA-PKG-15E,Upper Bhadra National Irrigation Scheme (Pkg 15E - Karnataka),Water,Karnataka,Megha Engineering (MEIL),KNNL / CWC,Ministry of Jal Shakti,2018-07-21,3144.9,46.7,52.0,-5.3,1.272,2,0.571,0.62,75.1,1.82,0.731,54.5,57.4,0.402,0.0,38,at_risk,1
BMRCL-SUB-RL-PKG-16F,Bengaluru Suburban Rail Project (Mallige Corridor) (Pkg 16F - Karnataka),Railways,Karnataka,L&T Construction,K-RIDE,Ministry of Railways,2018-07-22,1219.0,82.0,86.0,-4.0,1.198,0,0.569,0.637,87.2,1.67,0.697,39.6,65.1,0.484,0.0,39,at_risk,1
BMRCL-PH2-RT-PKG-16G,Bengaluru Namma Metro Phase 2 Airport Line (Blue Line) (Pkg 16G - Karnataka),Urban Development,Karnataka,Afcons Infrastructure,BMRCL,MoHUA / Karnataka,2018-07-22,2147.7,59.7,70.9,-11.2,1.003,12,0.506,0.757,63.0,2.0,0.621,20.4,60.8,0.615,0.0,71,at_risk,1
KNNL-UPP-BHA-PKG-16H,Upper Bhadra National Irrigation Scheme (Pkg 16H - Karnataka),Water,Karnataka,Megha Engineering (MEIL),KNNL / CWC,Ministry of Jal Shakti,2018-07-23,1231.6,43.9,76.4,-32.5,1.549,2,0.503,0.663,69.0,1.29,0.65,27.2,64.2,0.257,0.0,300,delayed,2
BMRCL-SUB-RL-PKG-17A,Bengaluru Suburban Rail Project (Mallige Corridor) (Pkg 17A - Karnataka),Railways,Karnataka,L&T Construction,K-RIDE,Ministry of Railways,2018-07-23,858.8,62.1,67.5,-5.4,0.968,2,0.527,0.619,49.7,2.06,0.706,44.1,61.1,0.406,0.0,59,at_risk,1
BMRCL-PH2-RT-PKG-17B,Bengaluru Namma Metro Phase 2 Airport Line (Blue Line) (Pkg 17B - Karnataka),Urban Development,Karnataka,Afcons Infrastructure,BMRCL,MoHUA / Karnataka,2018-07-24,881.2,36.8,34.2,2.6,0.874,6,0.57,0.672,75.1,1.01,0.493,24.0,69.6,0.582,0.0,18,on_track,0
KNNL-UPP-BHA-PKG-17C,Upper Bhadra National Irrigation Scheme (Pkg 17C - Karnataka),Water,Karnataka,Megha Engineering (MEIL),KNNL / CWC,Ministry of Jal Shakti,2018-07-25,740.9,58.9,62.9,-4.0,0.974,0,0.504,0.634,66.0,1.56,0.566,47.7,70.8,0.405,0.0,4,on_track,0
BMRCL-SUB-RL-PKG-18D,Bengaluru Suburban Rail Project (Mallige Corridor) (Pkg 18D - Karnataka),Railways,Karnataka,L&T Construction,K-RIDE,Ministry of Railways,2018-07-26,2927.6,55.0,60.1,-5.1,1.338,0,0.506,0.717,47.8,1.61,0.757,27.7,65.7,0.414,0.0,45,at_risk,1
BMRCL-PH2-RT-PKG-18E,Bengaluru Namma Metro Phase 2 Airport Line (Blue Line) (Pkg 18E - Karnataka),Urban Development,Karnataka,Afcons Infrastructure,BMRCL,MoHUA / Karnataka,2018-07-26,2972.6,81.3,82.9,-1.6,1.193,12,0.488,0.685,59.4,1.54,0.502,41.0,72.5,0.517,0.0,37,at_risk,1
KNNL-UPP-BHA-PKG-18F,Upper Bhadra National Irrigation Scheme (Pkg 18F - Karnataka),Water,Karnataka,Megha Engineering (MEIL),KNNL / CWC,Ministry of Jal Shakti,2018-07-26,1304.5,18.8,30.2,-11.4,1.251,0,0.495,0.647,47.0,1.15,0.772,57.4,74.3,0.343,0.0,73,at_risk,1
BMRCL-SUB-RL-PKG-19G,Bengaluru Suburban Rail Project (Mallige Corridor) (Pkg 19G - Karnataka),Railways,Karnataka,L&T Construction,K-RIDE,Ministry of Railways,2018-07-26,4516.5,58.0,71.3,-13.3,1.11,6,0.509,0.703,69.0,1.97,0.604,47.2,61.3,0.387,0.0,85,at_risk,1
BMRCL-PH2-RT-PKG-19H,Bengaluru Namma Metro Phase 2 Airport Line (Blue Line) (Pkg 19H - Karnataka),Urban Development,Karnataka,Afcons Infrastructure,BMRCL,MoHUA / Karnataka,2018-07-27,4288.5,66.3,65.3,1.0,1.133,0,0.537,0.58,94.6,0.65,0.46,41.5,72.9,0.619,0.0,3,on_track,0
KNNL-UPP-BHA-PKG-19A,Upper Bhadra National Irrigation Scheme (Pkg 19A - Karnataka),Water,Karnataka,Megha Engineering (MEIL),KNNL / CWC,Ministry of Jal Shakti,2018-07-27,1878.5,73.1,89.5,-16.4,1.425,0,0.507,0.693,45.0,0.71,0.772,55.9,55.9,0.376,0.0,339,delayed,2
BMRCL-SUB-RL-PKG-20B,Bengaluru Suburban Rail Project (Mallige Corridor) (Pkg 20B - Karnataka),Railways,Karnataka,L&T Construction,K-RIDE,Ministry of Railways,2018-07-29,4525.1,84.8,93.9,-9.1,1.149,0,0.556,0.66,69.5,1.48,0.816,50.0,57.8,0.38,0.0,45,at_risk,1
BMRCL-PH2-RT-PKG-20C,Bengaluru Namma Metro Phase 2 Airport Line (Blue Line) (Pkg 20C - Karnataka),Urban Development,Karnataka,Afcons Infrastructure,BMRCL,MoHUA / Karnataka,2018-07-29,742.8,34.1,44.1,-10.0,1.066,2,0.509,0.698,90.2,1.46,0.611,41.8,58.9,0.527,0.0,83,at_risk,1
KNNL-UPP-BHA-PKG-20D,Upper Bhadra National Irrigation Scheme (Pkg 20D - Karnataka),Water,Karnataka,Megha Engineering (MEIL),KNNL / CWC,Ministry of Jal Shakti,2018-07-30,3217.7,19.8,35.9,-16.1,1.711,0,0.529,0.714,49.1,0.65,0.671,50.5,63.3,0.213,0.0,326,delayed,2
KMRL-KOC-PH2-PKG-01A,Kochi Metro Phase II Pink Line (JLN-Kakkanad Infopark) (Pkg 1A - Kerala),Urban Development,Kerala,Afcons Infrastructure,KMRL,MoHUA / Kerala PWD,2018-07-31,4913.5,63.0,78.0,-15.0,1.294,6,0.669,0.911,55.8,1.76,0.507,27.6,55.8,0.53,0.0,473,delayed,2
NHAI-KAS-KNK-PKG-01B,NH-66 6-Laning Thalassery-Mahe Bypass (Pkg 1B - Kerala),Highways,Kerala,EKK Infrastructure,NHAI,MoRTH,2018-07-31,830.2,39.9,48.7,-8.8,1.142,0,0.737,0.823,37.6,1.04,0.681,46.2,60.4,0.458,0.0,80,at_risk,1
VIST-VIZ-PRT-PKG-01C,Vizhinjam International Seaport Dedicated Rail Link (Pkg 1C - Kerala),Railways,Kerala,Konkan Railway Corp,KRCL / Adani Ports,Ministry of Ports & Railways,2018-07-31,1915.8,56.8,66.8,-10.0,1.212,0,0.776,0.945,93.8,1.22,0.586,37.8,55.9,0.449,0.0,57,at_risk,1
KMRL-KOC-PH2-PKG-02D,Kochi Metro Phase II Pink Line (JLN-Kakkanad Infopark) (Pkg 2D - Kerala),Urban Development,Kerala,Afcons Infrastructure,KMRL,MoHUA / Kerala PWD,2018-08-01,4661.5,60.0,69.8,-9.8,0.976,2,0.534,0.848,83.9,0.81,0.436,36.1,70.4,0.603,0.0,44,at_risk,1
NHAI-KAS-KNK-PKG-02E,NH-66 6-Laning Thalassery-Mahe Bypass (Pkg 2E - Kerala),Highways,Kerala,EKK Infrastructure,NHAI,MoRTH,2018-08-01,4995.2,78.3,85.2,-6.9,1.16,12,0.696,0.847,81.2,2.18,0.668,51.6,60.5,0.526,0.0,33,at_risk,1
VIST-VIZ-PRT-PKG-02F,Vizhinjam International Seaport Dedicated Rail Link (Pkg 2F - Kerala),Railways,Kerala,Konkan Railway Corp,KRCL / Adani Ports,Ministry of Ports & Railways,2018-08-01,1347.0,68.4,89.2,-20.8,1.731,2,0.652,0.902,90.3,2.13,0.856,32.4,63.5,0.377,0.0,490,delayed,2
KMRL-KOC-PH2-PKG-03G,Kochi Metro Phase II Pink Line (JLN-Kakkanad Infopark) (Pkg 3G - Kerala),Urban Development,Kerala,Afcons Infrastructure,KMRL,MoHUA / Kerala PWD,2018-08-02,2108.6,58.5,64.3,-5.8,1.164,0,0.618,0.933,74.4,0.68,0.511,40.2,69.4,0.42,0.0,86,at_risk,1
NHAI-KAS-KNK-PKG-03H,NH-66 6-Laning Thalassery-Mahe Bypass (Pkg 3H - Kerala),Highways,Kerala,EKK Infrastructure,NHAI,MoRTH,2018-08-03,2778.7,27.8,31.9,-4.1,1.142,6,0.674,0.819,55.5,1.87,0.692,25.1,57.4,0.388,0.0,71,at_risk,1
VIST-VIZ-PRT-PKG-03A,Vizhinjam International Seaport Dedicated Rail Link (Pkg 3A - Kerala),Railways,Kerala,Konkan Railway Corp,KRCL / Adani Ports,Ministry of Ports & Railways,2018-08-03,4513.7,74.5,87.9,-13.4,1.18,2,0.586,0.966,88.2,1.13,0.88,32.7,73.9,0.471,0.0,74,at_risk,1
KMRL-KOC-PH2-PKG-04B,Kochi Metro Phase II Pink Line (JLN-Kakkanad Infopark) (Pkg 4B - Kerala),Urban Development,Kerala,Afcons Infrastructure,KMRL,MoHUA / Kerala PWD,2018-08-04,4069.8,75.4,76.6,-1.2,1.055,0,0.638,0.949,34.5,1.62,0.454,34.2,63.3,0.513,0.0,13,on_track,0
NHAI-KAS-KNK-PKG-04C,NH-66 6-Laning Thalassery-Mahe Bypass (Pkg 4C - Kerala),Highways,Kerala,EKK Infrastructure,NHAI,MoRTH,2018-08-04,3717.4,69.7,73.6,-3.9,1.25,6,0.663,0.903,32.2,1.77,0.861,48.8,73.1,0.502,0.0,39,at_risk,1
VIST-VIZ-PRT-PKG-04D,Vizhinjam International Seaport Dedicated Rail Link (Pkg 4D - Kerala),Railways,Kerala,Konkan Railway Corp,KRCL / Adani Ports,Ministry of Ports & Railways,2018-08-04,448.5,34.4,31.1,3.3,0.875,6,0.67,0.873,43.2,1.53,0.765,58.1,69.8,0.407,0.0,27,on_track,0
KMRL-KOC-PH2-PKG-05E,Kochi Metro Phase II Pink Line (JLN-Kakkanad Infopark) (Pkg 5E - Kerala),Urban Development,Kerala,Afcons Infrastructure,KMRL,MoHUA / Kerala PWD,2018-08-04,2034.4,86.1,93.8,-7.7,1.153,18,0.665,0.912,84.4,1.0,0.635,27.5,55.5,0.506,0.0,53,at_risk,1
NHAI-KAS-KNK-PKG-05F,NH-66 6-Laning Thalassery-Mahe Bypass (Pkg 5F - Kerala),Highways,Kerala,EKK Infrastructure,NHAI,MoRTH,2018-08-04,3650.6,74.7,91.4,-16.7,1.502,18,0.645,0.895,50.0,1.31,0.671,38.3,57.0,0.385,0.0,532,delayed,2
VIST-VIZ-PRT-PKG-05G,Vizhinjam International Seaport Dedicated Rail Link (Pkg 5G - Kerala),Railways,Kerala,Konkan Railway Corp,KRCL / Adani Ports,Ministry of Ports & Railways,2018-08-05,4895.0,29.7,41.7,-12.0,1.554,12,0.633,0.817,72.7,0.82,0.98,33.0,67.6,0.466,0.0,352,delayed,2
KMRL-KOC-PH2-PKG-06H,Kochi Metro Phase II Pink Line (JLN-Kakkanad Infopark) (Pkg 6H - Kerala),Urban Development,Kerala,Afcons Infrastructure,KMRL,MoHUA / Kerala PWD,2018-08-05,2207.1,54.6,62.6,-8.0,1.209,0,0.637,0.886,84.1,1.39,0.502,26.9,62.0,0.561,0.0,77,at_risk,1
NHAI-KAS-KNK-PKG-06A,NH-66 6-Laning Thalassery-Mahe Bypass (Pkg 6A - Kerala),Highways,Kerala,EKK Infrastructure,NHAI,MoRTH,2018-08-06,4134.1,67.4,73.7,-6.3,1.112,12,0.573,0.951,58.0,0.7,0.623,40.1,71.4,0.403,0.0,43,at_risk,1
VIST-VIZ-PRT-PKG-06B,Vizhinjam International Seaport Dedicated Rail Link (Pkg 6B - Kerala),Railways,Kerala,Konkan Railway Corp,KRCL / Adani Ports,Ministry of Ports & Railways,2018-08-07,2717.8,49.8,65.5,-15.7,1.35,0,0.632,0.907,39.7,1.12,0.712,50.6,60.6,0.434,0.0,200,delayed,2
KMRL-KOC-PH2-PKG-07C,Kochi Metro Phase II Pink Line (JLN-Kakkanad Infopark) (Pkg 7C - Kerala),Urban Development,Kerala,Afcons Infrastructure,KMRL,MoHUA / Kerala PWD,2018-08-07,1057.1,71.2,73.1,-1.9,0.913,0,0.661,0.941,33.7,1.6,0.62,34.0,55.9,0.54,0.0,17,on_track,0
NHAI-KAS-KNK-PKG-07D,NH-66 6-Laning Thalassery-Mahe Bypass (Pkg 7D - Kerala),Highways,Kerala,EKK Infrastructure,NHAI,MoRTH,2018-08-08,428.5,95.0,94.5,0.5,1.065,2,0.645,0.844,43.8,1.5,0.771,21.8,57.3,0.476,0.0,20,on_track,0
VIST-VIZ-PRT-PKG-07E,Vizhinjam International Seaport Dedicated Rail Link (Pkg 7E - Kerala),Railways,Kerala,Konkan Railway Corp,KRCL / Adani Ports,Ministry of Ports & Railways,2018-08-09,3782.3,21.1,30.9,-9.8,1.36,0,0.638,0.893,88.7,1.78,0.88,30.7,68.3,0.438,0.0,149,delayed,2
KMRL-KOC-PH2-PKG-08F,Kochi Metro Phase II Pink Line (JLN-Kakkanad Infopark) (Pkg 8F - Kerala),Urban Development,Kerala,Afcons Infrastructure,KMRL,MoHUA / Kerala PWD,2018-08-09,2849.2,73.5,86.3,-12.8,1.178,0,0.671,0.809,90.1,1.28,0.651,21.6,63.0,0.607,0.0,50,at_risk,1
NHAI-KAS-KNK-PKG-08G,NH-66 6-Laning Thalassery-Mahe Bypass (Pkg 8G - Kerala),Highways,Kerala,EKK Infrastructure,NHAI,MoRTH,2018-08-11,584.0,38.3,48.1,-9.8,1.114,2,0.697,0.889,80.7,0.94,0.745,35.1,74.3,0.425,0.0,34,at_risk,1
VIST-VIZ-PRT-PKG-08H,Vizhinjam International Seaport Dedicated Rail Link (Pkg 8H - Kerala),Railways,Kerala,Konkan Railway Corp,KRCL / Adani Ports,Ministry of Ports & Railways,2018-08-12,2607.6,74.0,84.1,-10.1,1.114,2,0.703,0.941,98.7,1.19,0.707,64.4,73.4,0.444,0.0,56,at_risk,1
KMRL-KOC-PH2-PKG-09A,Kochi Metro Phase II Pink Line (JLN-Kakkanad Infopark) (Pkg 9A - Kerala),Urban Development,Kerala,Afcons Infrastructure,KMRL,MoHUA / Kerala PWD,2018-08-12,3824.8,90.4,85.4,5.0,1.093,6,0.658,0.892,90.8,1.24,0.493,27.5,61.3,0.485,0.0,1,on_track,0
NHAI-KAS-KNK-PKG-09B,NH-66 6-Laning Thalassery-Mahe Bypass (Pkg 9B - Kerala),Highways,Kerala,EKK Infrastructure,NHAI,MoRTH,2018-08-13,2713.6,30.8,39.9,-9.1,1.411,6,0.714,0.866,78.2,1.15,0.784,26.2,65.9,0.511,0.0,36,at_risk,1
VIST-VIZ-PRT-PKG-09C,Vizhinjam International Seaport Dedicated Rail Link (Pkg 9C - Kerala),Railways,Kerala,Konkan Railway Corp,KRCL / Adani Ports,Ministry of Ports & Railways,2018-08-15,3301.7,22.7,35.0,-12.3,1.307,0,0.688,0.867,87.6,1.7,0.924,53.9,56.8,0.492,0.0,51,at_risk,1
KMRL-KOC-PH2-PKG-10D,Kochi Metro Phase II Pink Line (JLN-Kakkanad Infopark) (Pkg 10D - Kerala),Urban Development,Kerala,Afcons Infrastructure,KMRL,MoHUA / Kerala PWD,2018-08-16,3551.7,54.1,58.5,-4.4,1.209,6,0.655,0.861,30.5,1.39,0.579,34.4,58.9,0.548,0.0,55,at_risk,1
NHAI-KAS-KNK-PKG-10E,NH-66 6-Laning Thalassery-Mahe Bypass (Pkg 10E - Kerala),Highways,Kerala,EKK Infrastructure,NHAI,MoRTH,2018-08-16,2041.4,52.4,60.5,-8.1,1.548,18,0.577,0.86,36.9,0.83,0.787,54.6,61.0,0.574,0.0,338,delayed,2
VIST-VIZ-PRT-PKG-10F,Vizhinjam International Seaport Dedicated Rail Link (Pkg 10F - Kerala),Railways,Kerala,Konkan Railway Corp,KRCL / Adani Ports,Ministry of Ports & Railways,2018-08-16,4734.7,68.1,92.5,-24.4,1.224,36,0.605,0.896,37.0,1.31,0.753,63.2,61.1,0.378,0.0,374,delayed,2
KMRL-KOC-PH2-PKG-11G,Kochi Metro Phase II Pink Line (JLN-Kakkanad Infopark) (Pkg 11G - Kerala),Urban Development,Kerala,Afcons Infrastructure,KMRL,MoHUA / Kerala PWD,2018-08-17,4964.4,32.2,34.5,-2.3,1.221,6,0.663,0.892,48.4,1.65,0.575,28.0,72.0,0.568,0.0,72,at_risk,1
NHAI-KAS-KNK-PKG-11H,NH-66 6-Laning Thalassery-Mahe Bypass (Pkg 11H - Kerala),Highways,Kerala,EKK Infrastructure,NHAI,MoRTH,2018-08-18,3124.2,63.5,69.7,-6.2,1.025,12,0.602,0.854,72.2,1.25,0.811,41.2,66.2,0.43,0.0,82,at_risk,1
VIST-VIZ-PRT-PKG-11A,Vizhinjam International Seaport Dedicated Rail Link (Pkg 11A - Kerala),Railways,Kerala,Konkan Railway Corp,KRCL / Adani Ports,Ministry of Ports & Railways,2018-08-19,5093.3,38.4,51.0,-12.6,1.25,6,0.653,0.908,97.8,1.89,0.779,39.8,57.7,0.432,0.0,51,at_risk,1
KMRL-KOC-PH2-PKG-12B,Kochi Metro Phase II Pink Line (JLN-Kakkanad Infopark) (Pkg 12B - Kerala),Urban Development,Kerala,Afcons Infrastructure,KMRL,MoHUA / Kerala PWD,2018-08-21,4550.5,77.3,86.4,-9.1,1.24,2,0.636,0.842,88.8,2.02,0.702,26.3,58.2,0.531,0.0,32,at_risk,1
NHAI-KAS-KNK-PKG-12C,NH-66 6-Laning Thalassery-Mahe Bypass (Pkg 12C - Kerala),Highways,Kerala,EKK Infrastructure,NHAI,MoRTH,2018-08-21,4616.0,34.1,38.3,-4.2,1.136,0,0.603,0.881,86.3,1.89,0.725,35.1,73.7,0.562,0.0,48,at_risk,1
VIST-VIZ-PRT-PKG-12D,Vizhinjam International Seaport Dedicated Rail Link (Pkg 12D - Kerala),Railways,Kerala,Konkan Railway Corp,KRCL / Adani Ports,Ministry of Ports & Railways,2018-08-24,2290.4,31.3,36.5,-5.2,1.387,6,0.662,0.91,98.0,0.78,0.877,30.5,73.0,0.464,0.0,34,at_risk,1
KMRL-KOC-PH2-PKG-13E,Kochi Metro Phase II Pink Line (JLN-Kakkanad Infopark) (Pkg 13E - Kerala),Urban Development,Kerala,Afcons Infrastructure,KMRL,MoHUA / Kerala PWD,2018-08-25,4596.1,53.4,68.6,-15.2,1.571,2,0.618,0.961,37.1,0.76,0.562,25.2,64.2,0.557,0.0,99,delayed,2
NHAI-KAS-KNK-PKG-13F,NH-66 6-Laning Thalassery-Mahe Bypass (Pkg 13F - Kerala),Highways,Kerala,EKK Infrastructure,NHAI,MoRTH,2018-08-28,4829.0,32.9,36.4,-3.5,1.008,12,0.69,0.961,87.5,0.84,0.881,35.5,72.0,0.484,0.0,84,at_risk,1
VIST-VIZ-PRT-PKG-13G,Vizhinjam International Seaport Dedicated Rail Link (Pkg 13G - Kerala),Railways,Kerala,Konkan Railway Corp,KRCL / Adani Ports,Ministry of Ports & Railways,2018-08-28,2281.2,5.0,35.5,-30.5,1.551,12,0.654,0.896,66.4,1.77,0.788,26.7,62.3,0.437,0.0,532,delayed,2
KMRL-KOC-PH2-PKG-14H,Kochi Metro Phase II Pink Line (JLN-Kakkanad Infopark) (Pkg 14H - Kerala),Urban Development,Kerala,Afcons Infrastructure,KMRL,MoHUA / Kerala PWD,2018-08-28,1902.4,63.3,65.3,-2.0,1.171,6,0.639,0.944,59.0,0.72,0.71,35.8,70.7,0.606,0.0,38,at_risk,1
NHAI-KAS-KNK-PKG-14A,NH-66 6-Laning Thalassery-Mahe Bypass (Pkg 14A - Kerala),Highways,Kerala,EKK Infrastructure,NHAI,MoRTH,2018-09-01,577.9,82.7,89.4,-6.7,1.077,0,0.618,0.944,79.0,1.05,0.691,25.5,73.5,0.441,0.0,39,at_risk,1
VIST-VIZ-PRT-PKG-14B,Vizhinjam International Seaport Dedicated Rail Link (Pkg 14B - Kerala),Railways,Kerala,Konkan Railway Corp,KRCL / Adani Ports,Ministry of Ports & Railways,2018-09-01,3924.7,62.3,70.9,-8.6,1.35,18,0.632,0.895,46.7,0.97,0.749,26.3,74.4,0.36,0.0,504,delayed,2
NWDA-KEN-BET-PKG-01A,Ken-Betwa River Interlinking Link Canal & Daudhan Dam (Pkg 1A - Madhya Pradesh),Water,Madhya Pradesh,L&T Construction,NWDA / KBLPA,Ministry of Jal Shakti,2018-09-03,1787.2,19.6,46.2,-26.6,1.521,0,0.535,0.492,85.4,1.58,0.657,40.2,66.5,0.194,0.0,226,delayed,2
MPMRCL-BHO-MET-PKG-01B,Bhopal-Indore Metro Rail Orange Line (Pkg 1B - Madhya Pradesh),Urban Development,Madhya Pradesh,Dilip Buildcon Ltd.,MPMRCL,MoHUA / MP PWD,2018-09-04,1216.1,65.4,67.1,-1.7,0.978,2,0.519,0.503,73.0,1.62,0.658,28.0,64.6,0.65,0.0,23,on_track,0
NWDA-KEN-BET-PKG-02C,Ken-Betwa River Interlinking Link Canal & Daudhan Dam (Pkg 2C - Madhya Pradesh),Water,Madhya Pradesh,L&T Construction,NWDA / KBLPA,Ministry of Jal Shakti,2018-09-04,3640.3,55.4,75.1,-19.7,1.674,0,0.58,0.535,47.6,1.24,0.647,58.9,65.0,0.391,0.0,406,delayed,2
MPMRCL-BHO-MET-PKG-02D,Bhopal-Indore Metro Rail Orange Line (Pkg 2D - Madhya Pradesh),Urban Development,Madhya Pradesh,Dilip Buildcon Ltd.,MPMRCL,MoHUA / MP PWD,2018-09-04,2418.1,46.6,52.7,-6.1,0.857,2,0.521,0.489,88.3,1.72,0.696,26.2,55.4,0.525,0.0,16,on_track,0
NWDA-KEN-BET-PKG-03E,Ken-Betwa River Interlinking Link Canal & Daudhan Dam (Pkg 3E - Madhya Pradesh),Water,Madhya Pradesh,L&T Construction,NWDA / KBLPA,Ministry of Jal Shakti,2018-09-05,2261.0,46.2,53.3,-7.1,1.104,0,0.425,0.574,92.1,0.96,0.666,33.5,70.0,0.309,0.0,74,at_risk,1
MPMRCL-BHO-MET-PKG-03F,Bhopal-Indore Metro Rail Orange Line (Pkg 3F - Madhya Pradesh),Urban Development,Madhya Pradesh,Dilip Buildcon Ltd.,MPMRCL,MoHUA / MP PWD,2018-09-05,2975.7,46.1,70.7,-24.6,1.478,12,0.522,0.555,33.1,0.91,0.567,21.8,57.3,0.553,0.0,253,delayed,2
NWDA-KEN-BET-PKG-04G,Ken-Betwa River Interlinking Link Canal & Daudhan Dam (Pkg 4G - Madhya Pradesh),Water,Madhya Pradesh,L&T Construction,NWDA / KBLPA,Ministry of Jal Shakti,2018-09-06,1008.1,29.4,43.5,-14.1,1.186,6,0.462,0.499,96.5,2.19,0.615,45.6,62.5,0.401,0.0,85,at_risk,1
MPMRCL-BHO-MET-PKG-04H,Bhopal-Indore Metro Rail Orange Line (Pkg 4H - Madhya Pradesh),Urban Development,Madhya Pradesh,Dilip Buildcon Ltd.,MPMRCL,MoHUA / MP PWD,2018-09-08,2785.5,78.0,90.4,-12.4,1.247,6,0.455,0.49,83.3,0.74,0.639,44.1,55.4,0.58,0.0,57,at_risk,1
NWDA-KEN-BET-PKG-05A,Ken-Betwa River Interlinking Link Canal & Daudhan Dam (Pkg 5A - Madhya Pradesh),Water,Madhya Pradesh,L&T Construction,NWDA / KBLPA,Ministry of Jal Shakti,2018-09-09,2592.7,73.5,76.9,-3.4,1.123,2,0.49,0.424,79.6,1.62,0.599,49.9,67.9,0.229,0.0,18,on_track,0
MPMRCL-BHO-MET-PKG-05B,Bhopal-Indore Metro Rail Orange Line (Pkg 5B - Madhya Pradesh),Urban Development,Madhya Pradesh,Dilip Buildcon Ltd.,MPMRCL,MoHUA / MP PWD,2018-09-10,3972.7,52.3,79.1,-26.8,1.599,12,0.483,0.554,53.3,0.78,0.61,31.3,73.9,0.571,0.0,243,delayed,2
NWDA-KEN-BET-PKG-06C,Ken-Betwa River Interlinking Link Canal & Daudhan Dam (Pkg 6C - Madhya Pradesh),Water,Madhya Pradesh,L&T Construction,NWDA / KBLPA,Ministry of Jal Shakti,2018-09-11,3160.2,54.4,70.6,-16.2,1.285,0,0.489,0.499,99.1,1.12,0.714,43.5,57.5,0.351,0.0,50,at_risk,1
MPMRCL-BHO-MET-PKG-06D,Bhopal-Indore Metro Rail Orange Line (Pkg 6D - Madhya Pradesh),Urban Development,Madhya Pradesh,Dilip Buildcon Ltd.,MPMRCL,MoHUA / MP PWD,2018-09-15,1692.5,72.0,75.3,-3.3,1.171,6,0.54,0.533,76.2,1.0,0.564,40.5,63.5,0.622,0.0,89,at_risk,1
NWDA-KEN-BET-PKG-07E,Ken-Betwa River Interlinking Link Canal & Daudhan Dam (Pkg 7E - Madhya Pradesh),Water,Madhya Pradesh,L&T Construction,NWDA / KBLPA,Ministry of Jal Shakti,2018-09-17,4729.2,53.8,64.9,-11.1,1.114,0,0.495,0.443,57.7,0.92,0.707,37.0,62.3,0.265,0.0,32,at_risk,1
MPMRCL-BHO-MET-PKG-07F,Bhopal-Indore Metro Rail Orange Line (Pkg 7F - Madhya Pradesh),Urban Development,Madhya Pradesh,Dilip Buildcon Ltd.,MPMRCL,MoHUA / MP PWD,2018-09-17,3780.5,57.1,65.6,-8.5,1.123,0,0.453,0.539,60.1,1.56,0.717,22.1,73.2,0.531,0.0,70,at_risk,1
NWDA-KEN-BET-PKG-08G,Ken-Betwa River Interlinking Link Canal & Daudhan Dam (Pkg 8G - Madhya Pradesh),Water,Madhya Pradesh,L&T Construction,NWDA / KBLPA,Ministry of Jal Shakti,2018-09-17,4136.3,40.8,54.7,-13.9,1.693,18,0.525,0.554,67.3,0.81,0.682,52.4,66.8,0.29,0.0,266,delayed,2
MPMRCL-BHO-MET-PKG-08H,Bhopal-Indore Metro Rail Orange Line (Pkg 8H - Madhya Pradesh),Urban Development,Madhya Pradesh,Dilip Buildcon Ltd.,MPMRCL,MoHUA / MP PWD,2018-09-20,406.6,12.2,33.1,-20.9,1.529,24,0.441,0.546,93.2,1.87,0.424,32.6,63.1,0.51,0.0,179,delayed,2
NWDA-KEN-BET-PKG-09A,Ken-Betwa River Interlinking Link Canal & Daudhan Dam (Pkg 9A - Madhya Pradesh),Water,Madhya Pradesh,L&T Construction,NWDA / KBLPA,Ministry of Jal Shakti,2018-09-22,5058.0,70.1,81.4,-11.3,1.478,36,0.557,0.591,57.9,1.16,0.833,54.2,67.5,0.238,0.0,262,delayed,2
MPMRCL-BHO-MET-PKG-09B,Bhopal-Indore Metro Rail Orange Line (Pkg 9B - Madhya Pradesh),Urban Development,Madhya Pradesh,Dilip Buildcon Ltd.,MPMRCL,MoHUA / MP PWD,2018-09-22,3792.8,82.3,82.8,-0.5,1.052,2,0.492,0.62,54.5,1.34,0.536,39.1,56.3,0.535,0.0,3,on_track,0
NWDA-KEN-BET-PKG-10C,Ken-Betwa River Interlinking Link Canal & Daudhan Dam (Pkg 10C - Madhya Pradesh),Water,Madhya Pradesh,L&T Construction,NWDA / KBLPA,Ministry of Jal Shakti,2018-09-22,3539.8,78.7,89.0,-10.3,1.149,6,0.567,0.485,84.6,1.39,0.694,23.2,63.6,0.342,0.0,68,at_risk,1
MPMRCL-BHO-MET-PKG-10D,Bhopal-Indore Metro Rail Orange Line (Pkg 10D - Madhya Pradesh),Urban Development,Madhya Pradesh,Dilip Buildcon Ltd.,MPMRCL,MoHUA / MP PWD,2018-09-23,1293.9,87.6,83.1,4.5,1.013,0,0.492,0.519,78.3,1.53,0.568,21.4,56.5,0.478,0.0,3,on_track,0
NWDA-KEN-BET-PKG-11E,Ken-Betwa River Interlinking Link Canal & Daudhan Dam (Pkg 11E - Madhya Pradesh),Water,Madhya Pradesh,L&T Construction,NWDA / KBLPA,Ministry of Jal Shakti,2018-09-23,490.5,71.7,83.9,-12.2,1.191,0,0.466,0.49,82.6,1.22,0.613,26.5,58.5,0.276,0.0,73,at_risk,1
MPMRCL-BHO-MET-PKG-11F,Bhopal-Indore Metro Rail Orange Line (Pkg 11F - Madhya Pradesh),Urban Development,Madhya Pradesh,Dilip Buildcon Ltd.,MPMRCL,MoHUA / MP PWD,2018-09-23,2173.9,43.5,51.1,-7.6,1.197,6,0.49,0.535,96.8,1.44,0.622,43.9,73.3,0.522,0.0,34,at_risk,1
NWDA-KEN-BET-PKG-12G,Ken-Betwa River Interlinking Link Canal & Daudhan Dam (Pkg 12G - Madhya Pradesh),Water,Madhya Pradesh,L&T Construction,NWDA / KBLPA,Ministry of Jal Shakti,2018-09-24,1453.8,69.9,75.8,-5.9,0.995,2,0.41,0.587,61.1,1.03,0.764,56.0,68.6,0.276,0.0,8,on_track,0
MPMRCL-BHO-MET-PKG-12H,Bhopal-Indore Metro Rail Orange Line (Pkg 12H - Madhya Pradesh),Urban Development,Madhya Pradesh,Dilip Buildcon Ltd.,MPMRCL,MoHUA / MP PWD,2018-09-24,524.1,62.2,60.8,1.4,1.039,0,0.534,0.485,67.3,0.82,0.565,33.3,62.8,0.502,0.0,6,on_track,0
NWDA-KEN-BET-PKG-13A,Ken-Betwa River Interlinking Link Canal & Daudhan Dam (Pkg 13A - Madhya Pradesh),Water,Madhya Pradesh,L&T Construction,NWDA / KBLPA,Ministry of Jal Shakti,2018-09-24,2342.3,26.7,30.6,-3.9,1.258,0,0.471,0.601,97.7,2.18,0.757,25.5,66.0,0.306,0.0,56,at_risk,1
MPMRCL-BHO-MET-PKG-13B,Bhopal-Indore Metro Rail Orange Line (Pkg 13B - Madhya Pradesh),Urban Development,Madhya Pradesh,Dilip Buildcon Ltd.,MPMRCL,MoHUA / MP PWD,2018-09-25,2439.0,58.2,69.4,-11.2,1.097,2,0.502,0.572,98.5,2.14,0.584,41.6,61.6,0.526,0.0,73,at_risk,1
NWDA-KEN-BET-PKG-14C,Ken-Betwa River Interlinking Link Canal & Daudhan Dam (Pkg 14C - Madhya Pradesh),Water,Madhya Pradesh,L&T Construction,NWDA / KBLPA,Ministry of Jal Shakti,2018-09-25,1493.7,60.4,64.8,-4.4,1.3,6,0.549,0.469,86.5,1.11,0.674,48.2,65.2,0.283,0.0,63,at_risk,1
MPMRCL-BHO-MET-PKG-14D,Bhopal-Indore Metro Rail Orange Line (Pkg 14D - Madhya Pradesh),Urban Development,Madhya Pradesh,Dilip Buildcon Ltd.,MPMRCL,MoHUA / MP PWD,2018-09-25,707.6,91.7,93.3,-1.6,1.251,2,0.47,0.572,46.7,1.97,0.61,22.6,66.1,0.46,0.0,62,at_risk,1
NWDA-KEN-BET-PKG-15E,Ken-Betwa River Interlinking Link Canal & Daudhan Dam (Pkg 15E - Madhya Pradesh),Water,Madhya Pradesh,L&T Construction,NWDA / KBLPA,Ministry of Jal Shakti,2018-09-27,4806.8,39.3,39.6,-0.3,1.148,6,0.485,0.507,66.6,2.04,0.551,42.2,69.5,0.203,0.0,2,on_track,0
MPMRCL-BHO-MET-PKG-15F,Bhopal-Indore Metro Rail Orange Line (Pkg 15F - Madhya Pradesh),Urban Development,Madhya Pradesh,Dilip Buildcon Ltd.,MPMRCL,MoHUA / MP PWD,2018-09-28,3258.6,60.7,59.6,1.1,0.996,0,0.54,0.514,98.4,1.99,0.658,29.8,61.5,0.483,0.0,18,on_track,0
NWDA-KEN-BET-PKG-16G,Ken-Betwa River Interlinking Link Canal & Daudhan Dam (Pkg 16G - Madhya Pradesh),Water,Madhya Pradesh,L&T Construction,NWDA / KBLPA,Ministry of Jal Shakti,2018-09-28,4200.3,68.8,80.3,-11.5,1.009,2,0.536,0.582,77.0,0.7,0.59,43.8,66.7,0.265,0.0,83,at_risk,1
MPMRCL-BHO-MET-PKG-16H,Bhopal-Indore Metro Rail Orange Line (Pkg 16H - Madhya Pradesh),Urban Development,Madhya Pradesh,Dilip Buildcon Ltd.,MPMRCL,MoHUA / MP PWD,2018-09-30,1684.7,25.6,45.2,-19.6,1.326,12,0.515,0.492,73.2,0.94,0.568,41.2,58.5,0.599,0.0,367,delayed,2
NWDA-KEN-BET-PKG-17A,Ken-Betwa River Interlinking Link Canal & Daudhan Dam (Pkg 17A - Madhya Pradesh),Water,Madhya Pradesh,L&T Construction,NWDA / KBLPA,Ministry of Jal Shakti,2018-10-01,1231.3,78.7,85.2,-6.5,1.321,12,0.455,0.57,60.6,2.15,0.694,52.2,74.1,0.322,0.0,40,at_risk,1
MPMRCL-BHO-MET-PKG-17B,Bhopal-Indore Metro Rail Orange Line (Pkg 17B - Madhya Pradesh),Urban Development,Madhya Pradesh,Dilip Buildcon Ltd.,MPMRCL,MoHUA / MP PWD,2018-10-01,3774.6,18.2,32.5,-14.3,1.217,0,0.495,0.554,61.8,1.57,0.66,26.0,74.5,0.539,0.0,67,at_risk,1
NWDA-KEN-BET-PKG-18C,Ken-Betwa River Interlinking Link Canal & Daudhan Dam (Pkg 18C - Madhya Pradesh),Water,Madhya Pradesh,L&T Construction,NWDA / KBLPA,Ministry of Jal Shakti,2018-10-02,2162.7,97.5,91.9,5.6,0.992,0,0.521,0.58,46.3,2.01,0.614,31.5,71.7,0.314,0.0,25,on_track,0
MPMRCL-BHO-MET-PKG-18D,Bhopal-Indore Metro Rail Orange Line (Pkg 18D - Madhya Pradesh),Urban Development,Madhya Pradesh,Dilip Buildcon Ltd.,MPMRCL,MoHUA / MP PWD,2018-10-03,4423.2,29.8,33.4,-3.6,0.914,0,0.448,0.51,39.1,1.04,0.605,30.4,63.6,0.574,0.0,26,on_track,0
NWDA-KEN-BET-PKG-19E,Ken-Betwa River Interlinking Link Canal & Daudhan Dam (Pkg 19E - Madhya Pradesh),Water,Madhya Pradesh,L&T Construction,NWDA / KBLPA,Ministry of Jal Shakti,2018-10-07,2937.6,49.3,52.1,-2.8,1.07,12,0.56,0.525,70.9,1.27,0.717,32.2,73.9,0.374,0.0,17,on_track,0
MPMRCL-BHO-MET-PKG-19F,Bhopal-Indore Metro Rail Orange Line (Pkg 19F - Madhya Pradesh),Urban Development,Madhya Pradesh,Dilip Buildcon Ltd.,MPMRCL,MoHUA / MP PWD,2018-10-08,1559.5,80.1,82.6,-2.5,1.155,0,0.488,0.583,72.4,1.4,0.691,24.6,57.1,0.557,0.0,88,at_risk,1
NWDA-KEN-BET-PKG-20G,Ken-Betwa River Interlinking Link Canal & Daudhan Dam (Pkg 20G - Madhya Pradesh),Water,Madhya Pradesh,L&T Construction,NWDA / KBLPA,Ministry of Jal Shakti,2018-10-09,911.9,54.2,62.4,-8.2,0.997,12,0.508,0.552,34.1,2.05,0.674,32.5,58.8,0.372,0.0,35,at_risk,1
MPMRCL-BHO-MET-PKG-20H,Bhopal-Indore Metro Rail Orange Line (Pkg 20H - Madhya Pradesh),Urban Development,Madhya Pradesh,Dilip Buildcon Ltd.,MPMRCL,MoHUA / MP PWD,2018-10-09,4105.3,81.5,89.3,-7.8,1.046,2,0.54,0.549,99.4,2.17,0.492,29.2,67.7,0.67,0.0,0,on_track,0
NWDA-KEN-BET-PKG-21A,Ken-Betwa River Interlinking Link Canal & Daudhan Dam (Pkg 21A - Madhya Pradesh),Water,Madhya Pradesh,L&T Construction,NWDA / KBLPA,Ministry of Jal Shakti,2018-10-10,3455.2,78.6,82.2,-3.6,0.983,0,0.495,0.456,53.5,1.24,0.733,40.5,64.3,0.273,0.0,18,on_track,0
MPMRCL-BHO-MET-PKG-21B,Bhopal-Indore Metro Rail Orange Line (Pkg 21B - Madhya Pradesh),Urban Development,Madhya Pradesh,Dilip Buildcon Ltd.,MPMRCL,MoHUA / MP PWD,2018-10-13,4278.0,63.2,68.5,-5.3,1.3,6,0.488,0.545,92.9,1.17,0.598,19.7,74.8,0.54,0.0,70,at_risk,1
NWDA-KEN-BET-PKG-22C,Ken-Betwa River Interlinking Link Canal & Daudhan Dam (Pkg 22C - Madhya Pradesh),Water,Madhya Pradesh,L&T Construction,NWDA / KBLPA,Ministry of Jal Shakti,2018-10-13,2753.2,59.5,80.6,-21.1,1.415,0,0.478,0.457,78.6,1.15,0.575,59.2,66.4,0.341,0.0,183,delayed,2
MPMRCL-BHO-MET-PKG-22D,Bhopal-Indore Metro Rail Orange Line (Pkg 22D - Madhya Pradesh),Urban Development,Madhya Pradesh,Dilip Buildcon Ltd.,MPMRCL,MoHUA / MP PWD,2018-10-13,1926.3,43.7,43.8,-0.1,1.094,0,0.495,0.584,94.7,0.77,0.473,36.6,73.6,0.488,0.0,0,on_track,0
NWDA-KEN-BET-PKG-23E,Ken-Betwa River Interlinking Link Canal & Daudhan Dam (Pkg 23E - Madhya Pradesh),Water,Madhya Pradesh,L&T Construction,NWDA / KBLPA,Ministry of Jal Shakti,2018-10-13,2477.7,33.7,40.1,-6.4,0.85,0,0.506,0.544,81.0,1.65,0.789,30.9,74.7,0.329,0.0,16,on_track,0
MPMRCL-BHO-MET-PKG-23F,Bhopal-Indore Metro Rail Orange Line (Pkg 23F - Madhya Pradesh),Urban Development,Madhya Pradesh,Dilip Buildcon Ltd.,MPMRCL,MoHUA / MP PWD,2018-10-15,793.7,71.1,76.1,-5.0,0.919,0,0.439,0.519,92.4,1.41,0.623,19.5,67.0,0.584,0.0,15,on_track,0
NWDA-KEN-BET-PKG-24G,Ken-Betwa River Interlinking Link Canal & Daudhan Dam (Pkg 24G - Madhya Pradesh),Water,Madhya Pradesh,L&T Construction,NWDA / KBLPA,Ministry of Jal Shakti,2018-10-15,399.1,27.8,31.5,-3.7,1.141,12,0.511,0.519,53.0,1.31,0.69,23.5,68.4,0.306,0.0,46,at_risk,1
MPMRCL-BHO-MET-PKG-24H,Bhopal-Indore Metro Rail Orange Line (Pkg 24H - Madhya Pradesh),Urban Development,Madhya Pradesh,Dilip Buildcon Ltd.,MPMRCL,MoHUA / MP PWD,2018-10-15,3837.2,16.7,37.8,-21.1,1.503,24,0.444,0.517,39.8,1.56,0.636,38.9,59.0,0.531,0.0,172,delayed,2
NWDA-KEN-BET-PKG-25A,Ken-Betwa River Interlinking Link Canal & Daudhan Dam (Pkg 25A - Madhya Pradesh),Water,Madhya Pradesh,L&T Construction,NWDA / KBLPA,Ministry of Jal Shakti,2018-10-16,4295.7,49.7,64.7,-15.0,1.034,2,0.536,0.546,78.5,0.96,0.613,36.1,74.5,0.32,0.0,64,at_risk,1
MPMRCL-BHO-MET-PKG-25B,Bhopal-Indore Metro Rail Orange Line (Pkg 25B - Madhya Pradesh),Urban Development,Madhya Pradesh,Dilip Buildcon Ltd.,MPMRCL,MoHUA / MP PWD,2018-10-16,4507.1,78.7,79.1,-0.4,0.97,0,0.508,0.549,62.5,1.85,0.652,34.5,61.7,0.558,0.0,14,on_track,0
NWDA-KEN-BET-PKG-26C,Ken-Betwa River Interlinking Link Canal & Daudhan Dam (Pkg 26C - Madhya Pradesh),Water,Madhya Pradesh,L&T Construction,NWDA / KBLPA,Ministry of Jal Shakti,2018-10-17,1270.4,51.6,68.7,-17.1,1.1,24,0.559,0.498,89.5,2.12,0.713,29.1,66.4,0.346,0.0,489,delayed,2
MPMRCL-BHO-MET-PKG-26D,Bhopal-Indore Metro Rail Orange Line (Pkg 26D - Madhya Pradesh),Urban Development,Madhya Pradesh,Dilip Buildcon Ltd.,MPMRCL,MoHUA / MP PWD,2018-10-18,4547.0,61.0,63.3,-2.3,1.0,2,0.471,0.553,97.1,1.05,0.54,43.1,68.7,0.6,0.0,37,at_risk,1
NWDA-KEN-BET-PKG-27E,Ken-Betwa River Interlinking Link Canal & Daudhan Dam (Pkg 27E - Madhya Pradesh),Water,Madhya Pradesh,L&T Construction,NWDA / KBLPA,Ministry of Jal Shakti,2018-10-18,612.4,68.6,75.2,-6.6,1.262,2,0.511,0.436,74.6,1.12,0.705,30.0,65.8,0.223,0.0,82,at_risk,1
MPMRCL-BHO-MET-PKG-27F,Bhopal-Indore Metro Rail Orange Line (Pkg 27F - Madhya Pradesh),Urban Development,Madhya Pradesh,Dilip Buildcon Ltd.,MPMRCL,MoHUA / MP PWD,2018-10-18,4782.5,33.6,33.3,0.3,0.987,12,0.513,0.529,55.7,2.17,0.524,21.0,63.7,0.668,0.0,63,at_risk,1
NWDA-KEN-BET-PKG-28G,Ken-Betwa River Interlinking Link Canal & Daudhan Dam (Pkg 28G - Madhya Pradesh),Water,Madhya Pradesh,L&T Construction,NWDA / KBLPA,Ministry of Jal Shakti,2018-10-19,3951.5,37.7,56.5,-18.8,1.586,6,0.546,0.523,43.2,0.75,0.596,23.4,63.5,0.213,0.0,280,delayed,2
MPMRCL-BHO-MET-PKG-28H,Bhopal-Indore Metro Rail Orange Line (Pkg 28H - Madhya Pradesh),Urban Development,Madhya Pradesh,Dilip Buildcon Ltd.,MPMRCL,MoHUA / MP PWD,2018-10-20,1602.6,74.6,94.1,-19.5,1.713,0,0.48,0.558,38.5,0.66,0.617,44.8,65.2,0.485,0.0,540,delayed,2
NWDA-KEN-BET-PKG-29A,Ken-Betwa River Interlinking Link Canal & Daudhan Dam (Pkg 29A - Madhya Pradesh),Water,Madhya Pradesh,L&T Construction,NWDA / KBLPA,Ministry of Jal Shakti,2018-10-21,4409.5,38.3,40.0,-1.7,1.134,2,0.556,0.536,55.1,0.78,0.725,55.9,69.6,0.37,0.0,56,at_risk,1
MPMRCL-BHO-MET-PKG-29B,Bhopal-Indore Metro Rail Orange Line (Pkg 29B - Madhya Pradesh),Urban Development,Madhya Pradesh,Dilip Buildcon Ltd.,MPMRCL,MoHUA / MP PWD,2018-10-21,2701.9,29.0,37.5,-8.5,1.112,6,0.486,0.628,77.6,1.1,0.684,35.9,61.6,0.48,0.0,45,at_risk,1
NWDA-KEN-BET-PKG-30C,Ken-Betwa River Interlinking Link Canal & Daudhan Dam (Pkg 30C - Madhya Pradesh),Water,Madhya Pradesh,L&T Construction,NWDA / KBLPA,Ministry of Jal Shakti,2018-10-21,4722.4,88.1,87.0,1.1,0.951,2,0.481,0.583,31.1,1.36,0.779,44.5,55.5,0.301,0.0,23,on_track,0
MPMRCL-BHO-MET-PKG-30D,Bhopal-Indore Metro Rail Orange Line (Pkg 30D - Madhya Pradesh),Urban Development,Madhya Pradesh,Dilip Buildcon Ltd.,MPMRCL,MoHUA / MP PWD,2018-10-22,5134.0,74.8,90.4,-15.6,1.159,12,0.456,0.598,86.5,0.68,0.62,35.1,58.7,0.557,0.0,77,at_risk,1
NMIA-NAV-MUM-PKG-01A,Navi Mumbai International Airport Runway & Terminal (Pkg 1A - Maharashtra),Urban Development,Maharashtra,Tata Projects,NMIAL / CIDCO,Ministry of Civil Aviation,2018-10-22,2760.9,65.8,70.6,-4.8,1.069,0,0.543,0.712,48.9,1.11,0.626,44.5,62.2,0.605,0.0,44,at_risk,1
MSRDC-SAM-MAH-PKG-01B,Samruddhi Mahamarg Phase 3 (Igatpuri-Thane) (Pkg 1B - Maharashtra),Highways,Maharashtra,Afcons Infrastructure,MSRDC,MoRTH / Maharashtra PWD,2018-10-23,2829.0,18.1,33.7,-15.6,1.027,0,0.619,0.752,30.1,1.6,0.701,27.7,58.8,0.423,0.0,46,at_risk,1
NMIA-NAV-MUM-PKG-02C,Navi Mumbai International Airport Runway & Terminal (Pkg 2C - Maharashtra),Urban Development,Maharashtra,Tata Projects,NMIAL / CIDCO,Ministry of Civil Aviation,2018-10-24,1761.9,45.9,66.7,-20.8,1.656,12,0.557,0.681,33.5,2.03,0.483,34.1,68.3,0.604,0.0,287,delayed,2
MSRDC-SAM-MAH-PKG-02D,Samruddhi Mahamarg Phase 3 (Igatpuri-Thane) (Pkg 2D - Maharashtra),Highways,Maharashtra,Afcons Infrastructure,MSRDC,MoRTH / Maharashtra PWD,2018-10-26,4867.4,49.9,62.1,-12.2,1.35,0,0.605,0.748,50.3,1.68,0.811,39.6,67.3,0.514,0.0,101,delayed,2
NMIA-NAV-MUM-PKG-03E,Navi Mumbai International Airport Runway & Terminal (Pkg 3E - Maharashtra),Urban Development,Maharashtra,Tata Projects,NMIAL / CIDCO,Ministry of Civil Aviation,2018-10-26,3652.3,79.2,80.9,-1.7,0.979,6,0.497,0.662,84.9,1.68,0.648,24.8,73.0,0.671,0.0,28,on_track,0
MSRDC-SAM-MAH-PKG-03F,Samruddhi Mahamarg Phase 3 (Igatpuri-Thane) (Pkg 3F - Maharashtra),Highways,Maharashtra,Afcons Infrastructure,MSRDC,MoRTH / Maharashtra PWD,2018-10-28,766.4,34.6,35.0,-0.4,1.156,0,0.546,0.638,86.1,2.07,0.787,49.8,70.1,0.408,0.0,7,on_track,0
NMIA-NAV-MUM-PKG-04G,Navi Mumbai International Airport Runway & Terminal (Pkg 4G - Maharashtra),Urban Development,Maharashtra,Tata Projects,NMIAL / CIDCO,Ministry of Civil Aviation,2018-10-29,1472.3,62.0,67.5,-5.5,1.161,2,0.504,0.786,57.4,0.79,0.583,30.7,67.5,0.444,0.0,63,at_risk,1
MSRDC-SAM-MAH-PKG-04H,Samruddhi Mahamarg Phase 3 (Igatpuri-Thane) (Pkg 4H - Maharashtra),Highways,Maharashtra,Afcons Infrastructure,MSRDC,MoRTH / Maharashtra PWD,2018-10-30,1429.5,73.9,80.9,-7.0,1.134,12,0.479,0.633,61.6,1.59,0.671,51.3,72.9,0.431,0.0,54,at_risk,1
NMIA-NAV-MUM-PKG-05A,Navi Mumbai International Airport Runway & Terminal (Pkg 5A - Maharashtra),Urban Development,Maharashtra,Tata Projects,NMIAL / CIDCO,Ministry of Civil Aviation,2018-10-31,4783.6,16.4,38.1,-21.7,1.469,2,0.602,0.754,91.2,1.77,0.553,32.6,67.9,0.648,0.0,383,delayed,2
MSRDC-SAM-MAH-PKG-05B,Samruddhi Mahamarg Phase 3 (Igatpuri-Thane) (Pkg 5B - Maharashtra),Highways,Maharashtra,Afcons Infrastructure,MSRDC,MoRTH / Maharashtra PWD,2018-11-01,3351.5,64.7,63.7,1.0,0.912,0,0.619,0.839,80.5,1.91,0.745,47.1,63.2,0.55,0.0,7,on_track,0
NMIA-NAV-MUM-PKG-06C,Navi Mumbai International Airport Runway & Terminal (Pkg 6C - Maharashtra),Urban Development,Maharashtra,Tata Projects,NMIAL / CIDCO,Ministry of Civil Aviation,2018-11-04,3578.1,62.4,85.3,-22.9,1.671,12,0.543,0.736,70.8,0.76,0.468,18.5,56.0,0.552,0.0,257,delayed,2
MSRDC-SAM-MAH-PKG-06D,Samruddhi Mahamarg Phase 3 (Igatpuri-Thane) (Pkg 6D - Maharashtra),Highways,Maharashtra,Afcons Infrastructure,MSRDC,MoRTH / Maharashtra PWD,2018-11-04,871.7,59.1,65.6,-6.5,1.268,12,0.602,0.65,83.1,1.15,0.664,23.5,57.1,0.46,0.0,67,at_risk,1
NMIA-NAV-MUM-PKG-07E,Navi Mumbai International Airport Runway & Terminal (Pkg 7E - Maharashtra),Urban Development,Maharashtra,Tata Projects,NMIAL / CIDCO,Ministry of Civil Aviation,2018-11-05,2669.5,56.7,77.5,-20.8,1.564,12,0.521,0.773,41.7,1.0,0.575,29.1,57.6,0.579,0.0,213,delayed,2
MSRDC-SAM-MAH-PKG-07F,Samruddhi Mahamarg Phase 3 (Igatpuri-Thane) (Pkg 7F - Maharashtra),Highways,Maharashtra,Afcons Infrastructure,MSRDC,MoRTH / Maharashtra PWD,2018-11-08,2377.1,84.7,88.5,-3.8,1.088,6,0.512,0.844,66.0,1.91,0.6,42.5,69.4,0.465,0.0,88,at_risk,1
NMIA-NAV-MUM-PKG-08G,Navi Mumbai International Airport Runway & Terminal (Pkg 8G - Maharashtra),Urban Development,Maharashtra,Tata Projects,NMIAL / CIDCO,Ministry of Civil Aviation,2018-11-09,4047.3,25.9,30.1,-4.2,1.049,0,0.562,0.728,44.1,1.88,0.61,30.1,69.9,0.518,0.0,6,on_track,0
MSRDC-SAM-MAH-PKG-08H,Samruddhi Mahamarg Phase 3 (Igatpuri-Thane) (Pkg 8H - Maharashtra),Highways,Maharashtra,Afcons Infrastructure,MSRDC,MoRTH / Maharashtra PWD,2018-11-09,3302.5,72.4,94.5,-22.1,1.537,6,0.629,0.756,34.1,1.52,0.703,52.6,56.7,0.467,0.0,477,delayed,2
NMIA-NAV-MUM-PKG-09A,Navi Mumbai International Airport Runway & Terminal (Pkg 9A - Maharashtra),Urban Development,Maharashtra,Tata Projects,NMIAL / CIDCO,Ministry of Civil Aviation,2018-11-10,3209.7,31.2,41.4,-10.2,1.145,0,0.523,0.695,57.4,1.52,0.609,43.8,68.7,0.594,0.0,63,at_risk,1
MSRDC-SAM-MAH-PKG-09B,Samruddhi Mahamarg Phase 3 (Igatpuri-Thane) (Pkg 9B - Maharashtra),Highways,Maharashtra,Afcons Infrastructure,MSRDC,MoRTH / Maharashtra PWD,2018-11-10,815.1,61.8,64.6,-2.8,1.303,0,0.541,0.715,32.0,0.86,0.764,22.9,58.5,0.509,0.0,82,at_risk,1
NMIA-NAV-MUM-PKG-10C,Navi Mumbai International Airport Runway & Terminal (Pkg 10C - Maharashtra),Urban Development,Maharashtra,Tata Projects,NMIAL / CIDCO,Ministry of Civil Aviation,2018-11-16,2169.1,48.2,50.9,-2.7,1.136,6,0.46,0.762,50.9,1.49,0.53,24.5,63.7,0.52,0.0,33,at_risk,1
MSRDC-SAM-MAH-PKG-10D,Samruddhi Mahamarg Phase 3 (Igatpuri-Thane) (Pkg 10D - Maharashtra),Highways,Maharashtra,Afcons Infrastructure,MSRDC,MoRTH / Maharashtra PWD,2018-11-16,956.2,61.1,59.0,2.1,1.087,0,0.504,0.627,94.7,1.83,0.642,44.8,64.6,0.467,0.0,14,on_track,0
NMIA-NAV-MUM-PKG-11E,Navi Mumbai International Airport Runway & Terminal (Pkg 11E - Maharashtra),Urban Development,Maharashtra,Tata Projects,NMIAL / CIDCO,Ministry of Civil Aviation,2018-11-16,2398.7,39.8,46.0,-6.2,1.142,2,0.621,0.717,98.4,0.9,0.649,30.6,67.0,0.505,0.0,19,on_track,0
MSRDC-SAM-MAH-PKG-11F,Samruddhi Mahamarg Phase 3 (Igatpuri-Thane) (Pkg 11F - Maharashtra),Highways,Maharashtra,Afcons Infrastructure,MSRDC,MoRTH / Maharashtra PWD,2018-11-17,4734.9,61.3,65.5,-4.2,1.019,0,0.472,0.757,87.2,1.93,0.693,32.3,59.7,0.6,0.0,7,on_track,0
NMIA-NAV-MUM-PKG-12G,Navi Mumbai International Airport Runway & Terminal (Pkg 12G - Maharashtra),Urban Development,Maharashtra,Tata Projects,NMIAL / CIDCO,Ministry of Civil Aviation,2018-11-19,3826.5,48.7,73.1,-24.4,1.343,36,0.557,0.625,42.5,2.17,0.743,22.4,62.5,0.469,0.0,390,delayed,2
MSRDC-SAM-MAH-PKG-12H,Samruddhi Mahamarg Phase 3 (Igatpuri-Thane) (Pkg 12H - Maharashtra),Highways,Maharashtra,Afcons Infrastructure,MSRDC,MoRTH / Maharashtra PWD,2018-11-21,3016.3,83.9,90.2,-6.3,1.153,0,0.539,0.697,59.2,1.12,0.682,53.2,68.1,0.375,0.0,40,at_risk,1
NMIA-NAV-MUM-PKG-13A,Navi Mumbai International Airport Runway & Terminal (Pkg 13A - Maharashtra),Urban Development,Maharashtra,Tata Projects,NMIAL / CIDCO,Ministry of Civil Aviation,2018-11-21,1244.7,80.8,86.3,-5.5,1.04,0,0.573,0.753,63.5,1.48,0.535,39.3,64.8,0.572,0.0,5,on_track,0
MSRDC-SAM-MAH-PKG-13B,Samruddhi Mahamarg Phase 3 (Igatpuri-Thane) (Pkg 13B - Maharashtra),Highways,Maharashtra,Afcons Infrastructure,MSRDC,MoRTH / Maharashtra PWD,2018-11-21,1055.4,80.7,83.1,-2.4,1.192,0,0.598,0.675,97.2,1.46,0.706,39.2,63.0,0.41,0.0,73,at_risk,1
NMIA-NAV-MUM-PKG-14C,Navi Mumbai International Airport Runway & Terminal (Pkg 14C - Maharashtra),Urban Development,Maharashtra,Tata Projects,NMIAL / CIDCO,Ministry of Civil Aviation,2018-11-22,554.3,51.0,55.8,-4.8,1.019,2,0.523,0.744,42.0,2.15,0.619,32.3,65.5,0.596,0.0,7,on_track,0
MSRDC-SAM-MAH-PKG-14D,Samruddhi Mahamarg Phase 3 (Igatpuri-Thane) (Pkg 14D - Maharashtra),Highways,Maharashtra,Afcons Infrastructure,MSRDC,MoRTH / Maharashtra PWD,2018-11-22,2619.0,66.7,85.9,-19.2,1.773,0,0.605,0.699,53.8,1.13,0.718,48.4,74.1,0.464,0.0,401,delayed,2
NMIA-NAV-MUM-PKG-15E,Navi Mumbai International Airport Runway & Terminal (Pkg 15E - Maharashtra),Urban Development,Maharashtra,Tata Projects,NMIAL / CIDCO,Ministry of Civil Aviation,2018-11-22,1166.0,38.3,45.7,-7.4,1.209,12,0.48,0.662,57.7,1.17,0.579,22.3,61.8,0.58,0.0,56,at_risk,1
MSRDC-SAM-MAH-PKG-15F,Samruddhi Mahamarg Phase 3 (Igatpuri-Thane) (Pkg 15F - Maharashtra),Highways,Maharashtra,Afcons Infrastructure,MSRDC,MoRTH / Maharashtra PWD,2018-11-23,3692.9,22.4,34.1,-11.7,1.698,36,0.559,0.774,38.2,1.97,0.724,34.6,65.0,0.416,0.0,489,delayed,2
NMIA-NAV-MUM-PKG-16G,Navi Mumbai International Airport Runway & Terminal (Pkg 16G - Maharashtra),Urban Development,Maharashtra,Tata Projects,NMIAL / CIDCO,Ministry of Civil Aviation,2018-11-24,472.3,37.8,44.5,-6.7,1.305,0,0.568,0.761,72.9,1.27,0.655,20.3,55.2,0.438,0.0,58,at_risk,1
MSRDC-SAM-MAH-PKG-16H,Samruddhi Mahamarg Phase 3 (Igatpuri-Thane) (Pkg 16H - Maharashtra),Highways,Maharashtra,Afcons Infrastructure,MSRDC,MoRTH / Maharashtra PWD,2018-11-26,2667.6,34.0,33.4,0.6,1.139,0,0.499,0.773,41.9,1.09,0.858,44.6,60.7,0.396,0.0,20,on_track,0
NMIA-NAV-MUM-PKG-17A,Navi Mumbai International Airport Runway & Terminal (Pkg 17A - Maharashtra),Urban Development,Maharashtra,Tata Projects,NMIAL / CIDCO,Ministry of Civil Aviation,2018-11-27,3717.8,48.8,52.1,-3.3,1.403,0,0.566,0.688,38.3,1.13,0.629,20.2,63.9,0.514,0.0,425,delayed,2
MSRDC-SAM-MAH-PKG-17B,Samruddhi Mahamarg Phase 3 (Igatpuri-Thane) (Pkg 17B - Maharashtra),Highways,Maharashtra,Afcons Infrastructure,MSRDC,MoRTH / Maharashtra PWD,2018-11-27,2177.3,42.4,51.0,-8.6,1.158,6,0.571,0.831,46.6,1.43,0.678,49.5,73.5,0.431,0.0,87,at_risk,1
NMIA-NAV-MUM-PKG-18C,Navi Mumbai International Airport Runway & Terminal (Pkg 18C - Maharashtra),Urban Development,Maharashtra,Tata Projects,NMIAL / CIDCO,Ministry of Civil Aviation,2018-11-27,4344.9,12.8,30.3,-17.5,1.438,12,0.546,0.714,35.4,1.2,0.683,20.1,73.0,0.508,0.0,104,delayed,2
MSRDC-SAM-MAH-PKG-18D,Samruddhi Mahamarg Phase 3 (Igatpuri-Thane) (Pkg 18D - Maharashtra),Highways,Maharashtra,Afcons Infrastructure,MSRDC,MoRTH / Maharashtra PWD,2018-11-28,1451.9,26.5,42.1,-15.6,1.427,12,0.515,0.758,55.7,0.72,0.749,21.6,74.5,0.441,0.0,340,delayed,2
NMIA-NAV-MUM-PKG-19E,Navi Mumbai International Airport Runway & Terminal (Pkg 19E - Maharashtra),Urban Development,Maharashtra,Tata Projects,NMIAL / CIDCO,Ministry of Civil Aviation,2018-11-29,4802.5,29.8,53.4,-23.6,1.647,36,0.567,0.808,81.5,0.98,0.596,28.4,71.9,0.541,0.0,383,delayed,2
MSRDC-SAM-MAH-PKG-19F,Samruddhi Mahamarg Phase 3 (Igatpuri-Thane) (Pkg 19F - Maharashtra),Highways,Maharashtra,Afcons Infrastructure,MSRDC,MoRTH / Maharashtra PWD,2018-11-30,4324.3,70.3,87.0,-16.7,1.157,2,0.559,0.756,30.2,0.71,0.745,27.5,59.0,0.399,0.0,31,at_risk,1
NMIA-NAV-MUM-PKG-20G,Navi Mumbai International Airport Runway & Terminal (Pkg 20G - Maharashtra),Urban Development,Maharashtra,Tata Projects,NMIAL / CIDCO,Ministry of Civil Aviation,2018-11-30,4062.5,31.2,34.5,-3.3,0.914,6,0.504,0.707,55.6,1.78,0.634,32.1,64.1,0.552,0.0,11,on_track,0
MSRDC-SAM-MAH-PKG-20H,Samruddhi Mahamarg Phase 3 (Igatpuri-Thane) (Pkg 20H - Maharashtra),Highways,Maharashtra,Afcons Infrastructure,MSRDC,MoRTH / Maharashtra PWD,2018-12-03,3954.2,83.9,89.9,-6.0,0.95,2,0.569,0.767,94.9,1.28,0.723,41.3,75.0,0.456,0.0,14,on_track,0
NMIA-NAV-MUM-PKG-21A,Navi Mumbai International Airport Runway & Terminal (Pkg 21A - Maharashtra),Urban Development,Maharashtra,Tata Projects,NMIAL / CIDCO,Ministry of Civil Aviation,2018-12-03,2688.6,37.8,56.8,-19.0,1.284,0,0.479,0.834,40.8,1.75,0.586,23.3,74.5,0.557,0.0,51,at_risk,1
MSRDC-SAM-MAH-PKG-21B,Samruddhi Mahamarg Phase 3 (Igatpuri-Thane) (Pkg 21B - Maharashtra),Highways,Maharashtra,Afcons Infrastructure,MSRDC,MoRTH / Maharashtra PWD,2018-12-03,1604.4,36.8,49.9,-13.1,1.392,24,0.539,0.759,73.8,1.92,0.615,50.4,68.1,0.448,0.0,237,delayed,2
NMIA-NAV-MUM-PKG-22C,Navi Mumbai International Airport Runway & Terminal (Pkg 22C - Maharashtra),Urban Development,Maharashtra,Tata Projects,NMIAL / CIDCO,Ministry of Civil Aviation,2018-12-04,4756.5,25.6,36.2,-10.6,1.164,6,0.52,0.737,71.8,1.08,0.623,44.1,60.1,0.57,0.0,75,at_risk,1
MSRDC-SAM-MAH-PKG-22D,Samruddhi Mahamarg Phase 3 (Igatpuri-Thane) (Pkg 22D - Maharashtra),Highways,Maharashtra,Afcons Infrastructure,MSRDC,MoRTH / Maharashtra PWD,2018-12-05,3254.3,33.1,41.9,-8.8,1.142,0,0.534,0.679,44.1,1.85,0.705,43.2,69.3,0.497,0.0,37,at_risk,1
NMIA-NAV-MUM-PKG-23E,Navi Mumbai International Airport Runway & Terminal (Pkg 23E - Maharashtra),Urban Development,Maharashtra,Tata Projects,NMIAL / CIDCO,Ministry of Civil Aviation,2018-12-05,2208.3,79.1,80.5,-1.4,1.02,6,0.548,0.706,69.7,0.95,0.645,36.0,68.1,0.566,0.0,19,on_track,0
MSRDC-SAM-MAH-PKG-23F,Samruddhi Mahamarg Phase 3 (Igatpuri-Thane) (Pkg 23F - Maharashtra),Highways,Maharashtra,Afcons Infrastructure,MSRDC,MoRTH / Maharashtra PWD,2018-12-05,535.6,88.2,88.5,-0.3,1.15,6,0.5,0.703,42.8,1.6,0.772,43.9,63.2,0.402,0.0,29,on_track,0
NMIA-NAV-MUM-PKG-24G,Navi Mumbai International Airport Runway & Terminal (Pkg 24G - Maharashtra),Urban Development,Maharashtra,Tata Projects,NMIAL / CIDCO,Ministry of Civil Aviation,2018-12-05,1259.4,47.2,51.7,-4.5,1.009,0,0.501,0.752,77.1,2.08,0.535,25.2,71.3,0.542,0.0,5,on_track,0
MSRDC-SAM-MAH-PKG-24H,Samruddhi Mahamarg Phase 3 (Igatpuri-Thane) (Pkg 24H - Maharashtra),Highways,Maharashtra,Afcons Infrastructure,MSRDC,MoRTH / Maharashtra PWD,2018-12-06,456.9,35.1,38.8,-3.7,1.228,0,0.505,0.803,52.3,0.73,0.902,27.6,62.9,0.559,0.0,60,at_risk,1
NMIA-NAV-MUM-PKG-25A,Navi Mumbai International Airport Runway & Terminal (Pkg 25A - Maharashtra),Urban Development,Maharashtra,Tata Projects,NMIAL / CIDCO,Ministry of Civil Aviation,2018-12-08,5141.7,82.9,90.2,-7.3,1.3,0,0.585,0.784,57.1,1.62,0.558,43.7,66.1,0.484,0.0,75,at_risk,1
MSRDC-SAM-MAH-PKG-25B,Samruddhi Mahamarg Phase 3 (Igatpuri-Thane) (Pkg 25B - Maharashtra),Highways,Maharashtra,Afcons Infrastructure,MSRDC,MoRTH / Maharashtra PWD,2018-12-09,5100.2,69.5,73.0,-3.5,0.997,0,0.551,0.729,69.8,1.52,0.804,55.9,72.0,0.32,0.0,67,at_risk,1
NMIA-NAV-MUM-PKG-26C,Navi Mumbai International Airport Runway & Terminal (Pkg 26C - Maharashtra),Urban Development,Maharashtra,Tata Projects,NMIAL / CIDCO,Ministry of Civil Aviation,2018-12-09,2511.9,67.3,68.1,-0.8,0.85,2,0.538,0.719,46.2,1.49,0.642,35.0,59.4,0.524,0.0,17,on_track,0
MSRDC-SAM-MAH-PKG-26D,Samruddhi Mahamarg Phase 3 (Igatpuri-Thane) (Pkg 26D - Maharashtra),Highways,Maharashtra,Afcons Infrastructure,MSRDC,MoRTH / Maharashtra PWD,2018-12-09,744.9,51.0,66.2,-15.2,1.224,0,0.535,0.798,59.9,2.17,0.757,52.4,70.7,0.359,0.0,34,at_risk,1
NMIA-NAV-MUM-PKG-27E,Navi Mumbai International Airport Runway & Terminal (Pkg 27E - Maharashtra),Urban Development,Maharashtra,Tata Projects,NMIAL / CIDCO,Ministry of Civil Aviation,2018-12-11,5142.9,17.8,40.7,-22.9,1.426,2,0.584,0.727,40.2,1.78,0.495,28.9,59.1,0.601,0.0,267,delayed,2
MSRDC-SAM-MAH-PKG-27F,Samruddhi Mahamarg Phase 3 (Igatpuri-Thane) (Pkg 27F - Maharashtra),Highways,Maharashtra,Afcons Infrastructure,MSRDC,MoRTH / Maharashtra PWD,2018-12-11,4416.8,68.8,77.1,-8.3,1.198,6,0.541,0.773,77.2,1.17,0.657,41.3,58.4,0.556,0.0,38,at_risk,1
NMIA-NAV-MUM-PKG-28G,Navi Mumbai International Airport Runway & Terminal (Pkg 28G - Maharashtra),Urban Development,Maharashtra,Tata Projects,NMIAL / CIDCO,Ministry of Civil Aviation,2018-12-12,4595.7,87.6,94.6,-7.0,1.083,0,0.547,0.727,42.9,1.1,0.615,36.0,60.0,0.47,0.0,48,at_risk,1
MSRDC-SAM-MAH-PKG-28H,Samruddhi Mahamarg Phase 3 (Igatpuri-Thane) (Pkg 28H - Maharashtra),Highways,Maharashtra,Afcons Infrastructure,MSRDC,MoRTH / Maharashtra PWD,2018-12-12,1069.2,46.9,52.2,-5.3,1.267,0,0.53,0.828,67.8,1.72,0.78,50.9,63.4,0.37,0.0,44,at_risk,1
NMIA-NAV-MUM-PKG-29A,Navi Mumbai International Airport Runway & Terminal (Pkg 29A - Maharashtra),Urban Development,Maharashtra,Tata Projects,NMIAL / CIDCO,Ministry of Civil Aviation,2018-12-12,2381.2,37.7,42.5,-4.8,1.109,6,0.552,0.731,61.1,2.11,0.615,34.7,71.5,0.519,0.0,86,at_risk,1
MSRDC-SAM-MAH-PKG-29B,Samruddhi Mahamarg Phase 3 (Igatpuri-Thane) (Pkg 29B - Maharashtra),Highways,Maharashtra,Afcons Infrastructure,MSRDC,MoRTH / Maharashtra PWD,2018-12-13,4176.7,24.8,30.8,-6.0,1.067,2,0.54,0.676,88.5,1.6,0.727,39.9,67.7,0.334,0.0,51,at_risk,1
NMIA-NAV-MUM-PKG-30C,Navi Mumbai International Airport Runway & Terminal (Pkg 30C - Maharashtra),Urban Development,Maharashtra,Tata Projects,NMIAL / CIDCO,Ministry of Civil Aviation,2018-12-14,3988.1,37.7,60.3,-22.6,1.234,0,0.512,0.75,63.6,2.03,0.666,35.9,66.3,0.438,0.0,381,delayed,2
MSRDC-SAM-MAH-PKG-30D,Samruddhi Mahamarg Phase 3 (Igatpuri-Thane) (Pkg 30D - Maharashtra),Highways,Maharashtra,Afcons Infrastructure,MSRDC,MoRTH / Maharashtra PWD,2018-12-14,2637.6,79.5,81.3,-1.8,0.984,2,0.567,0.801,77.6,1.66,0.757,27.4,55.8,0.386,0.0,8,on_track,0
NFR-JIR-IMP-PKG-01A,Jiribam-Imphal Broad Gauge Rail (Bridge 164) (Pkg 1A - Manipur),Railways,Manipur,HCC - Vensar JV,Northeast Frontier Railway,Ministry of Railways,2018-12-15,4038.8,33.8,46.7,-12.9,1.542,2,0.877,0.892,67.8,0.96,0.759,46.3,63.6,0.427,0.0,249,delayed,2
MORTH-IMP-RNG-PKG-01B,Imphal Urban Ring Road Bypass Package (Pkg 1B - Manipur),Highways,Manipur,BSCPL Infrastructure,NHIDCL,MoRTH,2018-12-15,1699.5,25.2,36.4,-11.2,1.467,2,0.818,0.835,46.1,1.39,0.668,51.6,63.1,0.526,0.0,266,delayed,2
NFR-JIR-IMP-PKG-02C,Jiribam-Imphal Broad Gauge Rail (Bridge 164) (Pkg 2C - Manipur),Railways,Manipur,HCC - Vensar JV,Northeast Frontier Railway,Ministry of Railways,2018-12-15,1114.5,72.2,75.4,-3.2,1.03,2,0.819,0.911,93.0,2.15,0.742,57.3,67.7,0.498,0.0,19,on_track,0
MORTH-IMP-RNG-PKG-02D,Imphal Urban Ring Road Bypass Package (Pkg 2D - Manipur),Highways,Manipur,BSCPL Infrastructure,NHIDCL,MoRTH,2018-12-16,4976.3,65.2,75.6,-10.4,0.958,0,0.878,0.863,58.3,1.51,0.787,46.3,73.8,0.541,0.0,70,at_risk,1
NFR-JIR-IMP-PKG-03E,Jiribam-Imphal Broad Gauge Rail (Bridge 164) (Pkg 3E - Manipur),Railways,Manipur,HCC - Vensar JV,Northeast Frontier Railway,Ministry of Railways,2018-12-17,2671.1,14.1,35.5,-21.4,1.351,6,0.816,0.737,91.8,0.94,0.715,30.3,71.8,0.395,0.0,414,delayed,2
MORTH-IMP-RNG-PKG-03F,Imphal Urban Ring Road Bypass Package (Pkg 3F - Manipur),Highways,Manipur,BSCPL Infrastructure,NHIDCL,MoRTH,2018-12-17,2331.2,31.0,32.8,-1.8,1.023,0,0.91,0.774,78.0,1.52,0.752,52.6,59.1,0.416,0.0,13,on_track,0
NFR-JIR-IMP-PKG-04G,Jiribam-Imphal Broad Gauge Rail (Bridge 164) (Pkg 4G - Manipur),Railways,Manipur,HCC - Vensar JV,Northeast Frontier Railway,Ministry of Railways,2018-12-20,1270.8,16.0,46.2,-30.2,1.57,2,0.87,0.82,56.5,1.81,0.81,56.9,73.3,0.384,0.0,324,delayed,2
MORTH-IMP-RNG-PKG-04H,Imphal Urban Ring Road Bypass Package (Pkg 4H - Manipur),Highways,Manipur,BSCPL Infrastructure,NHIDCL,MoRTH,2018-12-26,2952.9,75.4,87.6,-12.2,1.296,0,0.896,0.92,79.4,1.49,0.71,31.2,65.5,0.427,0.0,65,at_risk,1
NFR-JIR-IMP-PKG-05A,Jiribam-Imphal Broad Gauge Rail (Bridge 164) (Pkg 5A - Manipur),Railways,Manipur,HCC - Vensar JV,Northeast Frontier Railway,Ministry of Railways,2018-12-27,1265.2,41.0,60.8,-19.8,1.651,2,0.804,0.77,33.6,1.12,0.786,44.8,65.5,0.254,0.0,172,delayed,2
MORTH-IMP-RNG-PKG-05B,Imphal Urban Ring Road Bypass Package (Pkg 5B - Manipur),Highways,Manipur,BSCPL Infrastructure,NHIDCL,MoRTH,2018-12-29,2653.0,88.3,90.8,-2.5,1.289,12,0.842,0.761,99.4,1.47,0.738,29.3,68.7,0.517,0.0,67,at_risk,1
NFR-JIR-IMP-PKG-06C,Jiribam-Imphal Broad Gauge Rail (Bridge 164) (Pkg 6C - Manipur),Railways,Manipur,HCC - Vensar JV,Northeast Frontier Railway,Ministry of Railways,2018-12-30,1185.9,66.9,81.5,-14.6,1.382,12,0.904,0.777,94.9,1.74,0.787,46.4,59.9,0.384,0.0,344,delayed,2
MORTH-IMP-RNG-PKG-06D,Imphal Urban Ring Road Bypass Package (Pkg 6D - Manipur),Highways,Manipur,BSCPL Infrastructure,NHIDCL,MoRTH,2018-12-30,3328.1,65.0,82.5,-17.5,1.549,24,0.893,0.793,82.3,1.78,0.927,40.2,55.9,0.497,0.0,116,delayed,2
NFR-JIR-IMP-PKG-07E,Jiribam-Imphal Broad Gauge Rail (Bridge 164) (Pkg 7E - Manipur),Railways,Manipur,HCC - Vensar JV,Northeast Frontier Railway,Ministry of Railways,2018-12-30,1540.1,29.5,40.9,-11.4,1.287,12,0.822,0.819,34.2,1.14,0.756,42.9,74.8,0.46,0.0,88,at_risk,1
MORTH-IMP-RNG-PKG-07F,Imphal Urban Ring Road Bypass Package (Pkg 7F - Manipur),Highways,Manipur,BSCPL Infrastructure,NHIDCL,MoRTH,2018-12-30,922.8,52.7,59.6,-6.9,1.075,2,0.846,0.834,68.7,1.98,0.634,33.1,57.0,0.531,0.0,45,at_risk,1
NFR-JIR-IMP-PKG-08G,Jiribam-Imphal Broad Gauge Rail (Bridge 164) (Pkg 8G - Manipur),Railways,Manipur,HCC - Vensar JV,Northeast Frontier Railway,Ministry of Railways,2018-12-30,1424.4,29.2,34.6,-5.4,1.432,2,0.835,0.805,70.9,1.79,0.72,45.5,61.3,0.35,0.0,46,at_risk,1
MORTH-IMP-RNG-PKG-08H,Imphal Urban Ring Road Bypass Package (Pkg 8H - Manipur),Highways,Manipur,BSCPL Infrastructure,NHIDCL,MoRTH,2019-01-02,507.2,59.5,64.7,-5.2,0.862,2,0.921,0.765,97.8,1.69,0.804,25.7,58.1,0.488,0.0,17,on_track,0
NFR-JIR-IMP-PKG-09A,Jiribam-Imphal Broad Gauge Rail (Bridge 164) (Pkg 9A - Manipur),Railways,Manipur,HCC - Vensar JV,Northeast Frontier Railway,Ministry of Railways,2019-01-04,470.0,34.8,47.3,-12.5,1.414,2,0.863,0.766,55.2,0.74,0.831,49.1,67.8,0.353,0.0,472,delayed,2
MORTH-IMP-RNG-PKG-09B,Imphal Urban Ring Road Bypass Package (Pkg 9B - Manipur),Highways,Manipur,BSCPL Infrastructure,NHIDCL,MoRTH,2019-01-04,1522.6,74.6,81.6,-7.0,1.289,0,0.792,0.849,39.3,1.41,0.731,24.8,69.9,0.432,0.0,84,at_risk,1
NFR-JIR-IMP-PKG-10C,Jiribam-Imphal Broad Gauge Rail (Bridge 164) (Pkg 10C - Manipur),Railways,Manipur,HCC - Vensar JV,Northeast Frontier Railway,Ministry of Railways,2019-01-04,3531.4,54.3,64.8,-10.5,1.826,6,0.862,0.819,72.7,0.72,0.749,42.7,72.4,0.403,0.0,106,delayed,2
MORTH-IMP-RNG-PKG-10D,Imphal Urban Ring Road Bypass Package (Pkg 10D - Manipur),Highways,Manipur,BSCPL Infrastructure,NHIDCL,MoRTH,2019-01-05,4194.6,48.1,69.9,-21.8,1.784,2,0.811,0.807,75.2,1.51,0.878,42.4,67.9,0.503,0.0,139,delayed,2
NFR-JIR-IMP-PKG-11E,Jiribam-Imphal Broad Gauge Rail (Bridge 164) (Pkg 11E - Manipur),Railways,Manipur,HCC - Vensar JV,Northeast Frontier Railway,Ministry of Railways,2019-01-06,3089.2,35.1,47.9,-12.8,1.932,24,0.932,0.868,55.3,1.26,0.721,28.2,59.0,0.448,0.0,516,delayed,2
MORTH-IMP-RNG-PKG-11F,Imphal Urban Ring Road Bypass Package (Pkg 11F - Manipur),Highways,Manipur,BSCPL Infrastructure,NHIDCL,MoRTH,2019-01-07,4451.8,21.5,34.7,-13.2,1.436,6,0.904,0.79,83.1,2.2,0.711,53.4,73.0,0.479,0.0,436,delayed,2
NHIDCL-SHL-DWK-PKG-01A,Shillong-Dawki Highway (NH-40 JICA Corridor) (Pkg 1A - Meghalaya),Highways,Meghalaya,SS Infrastructure,NHIDCL,MoRTH,2019-01-08,1682.4,44.7,54.2,-9.5,1.323,24,0.744,0.936,89.5,1.96,0.743,48.6,65.2,0.374,0.0,246,delayed,2
NFR-BYR-SHL-PKG-01B,Byrnihat-Shillong Strategic Rail Connectivity (Pkg 1B - Meghalaya),Railways,Meghalaya,L&T Construction,Northeast Frontier Railway,Ministry of Railways,2019-01-08,3341.6,75.9,83.4,-7.5,1.084,0,0.922,0.99,57.2,1.82,0.779,61.5,56.5,0.513,0.0,70,at_risk,1
NHIDCL-SHL-DWK-PKG-02C,Shillong-Dawki Highway (NH-40 JICA Corridor) (Pkg 2C - Meghalaya),Highways,Meghalaya,SS Infrastructure,NHIDCL,MoRTH,2019-01-09,3645.8,24.4,33.7,-9.3,1.064,0,0.804,0.99,85.0,0.84,0.835,28.4,58.8,0.467,0.0,88,at_risk,1
NFR-BYR-SHL-PKG-02D,Byrnihat-Shillong Strategic Rail Connectivity (Pkg 2D - Meghalaya),Railways,Meghalaya,L&T Construction,Northeast Frontier Railway,Ministry of Railways,2019-01-13,427.9,52.6,76.2,-23.6,1.575,0,0.806,0.828,80.5,1.63,0.807,64.1,57.0,0.305,0.0,171,delayed,2
NHIDCL-SHL-DWK-PKG-03E,Shillong-Dawki Highway (NH-40 JICA Corridor) (Pkg 3E - Meghalaya),Highways,Meghalaya,SS Infrastructure,NHIDCL,MoRTH,2019-01-13,2024.7,80.3,92.3,-12.0,1.095,6,0.805,0.95,75.8,0.8,0.813,55.7,61.4,0.504,0.0,31,at_risk,1
NFR-BYR-SHL-PKG-03F,Byrnihat-Shillong Strategic Rail Connectivity (Pkg 3F - Meghalaya),Railways,Meghalaya,L&T Construction,Northeast Frontier Railway,Ministry of Railways,2019-01-13,1939.8,66.5,68.1,-1.6,1.232,12,0.803,0.959,84.2,2.1,0.706,41.0,57.8,0.442,0.0,70,at_risk,1
NHIDCL-SHL-DWK-PKG-04G,Shillong-Dawki Highway (NH-40 JICA Corridor) (Pkg 4G - Meghalaya),Highways,Meghalaya,SS Infrastructure,NHIDCL,MoRTH,2019-01-16,1428.1,70.4,82.8,-12.4,1.342,12,0.832,0.894,83.8,1.89,0.834,53.8,72.6,0.333,0.0,324,delayed,2
NFR-BYR-SHL-PKG-04H,Byrnihat-Shillong Strategic Rail Connectivity (Pkg 4H - Meghalaya),Railways,Meghalaya,L&T Construction,Northeast Frontier Railway,Ministry of Railways,2019-01-17,4427.1,64.5,77.8,-13.3,1.507,12,0.779,0.94,84.9,2.09,0.898,27.4,70.1,0.325,0.0,342,delayed,2
NHIDCL-SHL-DWK-PKG-05A,Shillong-Dawki Highway (NH-40 JICA Corridor) (Pkg 5A - Meghalaya),Highways,Meghalaya,SS Infrastructure,NHIDCL,MoRTH,2019-01-17,1510.8,51.0,50.7,0.3,0.988,0,0.877,0.954,57.7,1.07,0.646,25.3,60.8,0.418,0.0,27,on_track,0
NFR-BYR-SHL-PKG-05B,Byrnihat-Shillong Strategic Rail Connectivity (Pkg 5B - Meghalaya),Railways,Meghalaya,L&T Construction,Northeast Frontier Railway,Ministry of Railways,2019-01-20,1727.3,50.3,58.7,-8.4,1.262,24,0.813,0.99,44.8,0.74,0.678,31.2,65.7,0.567,0.0,136,delayed,2
NHIDCL-SHL-DWK-PKG-06C,Shillong-Dawki Highway (NH-40 JICA Corridor) (Pkg 6C - Meghalaya),Highways,Meghalaya,SS Infrastructure,NHIDCL,MoRTH,2019-01-20,1882.1,35.6,69.2,-33.6,1.418,0,0.888,0.947,65.8,1.08,0.752,35.9,58.2,0.406,0.0,275,delayed,2
NFR-BYR-SHL-PKG-06D,Byrnihat-Shillong Strategic Rail Connectivity (Pkg 6D - Meghalaya),Railways,Meghalaya,L&T Construction,Northeast Frontier Railway,Ministry of Railways,2019-01-21,4499.9,66.9,83.3,-16.4,1.574,0,0.767,0.904,49.8,1.44,0.807,59.4,65.2,0.418,0.0,100,delayed,2
NHIDCL-SHL-DWK-PKG-07E,Shillong-Dawki Highway (NH-40 JICA Corridor) (Pkg 7E - Meghalaya),Highways,Meghalaya,SS Infrastructure,NHIDCL,MoRTH,2019-01-22,1233.2,44.4,53.3,-8.9,1.155,0,0.863,0.99,73.3,1.36,0.788,31.8,70.6,0.469,0.0,31,at_risk,1
NFR-BYR-SHL-PKG-07F,Byrnihat-Shillong Strategic Rail Connectivity (Pkg 7F - Meghalaya),Railways,Meghalaya,L&T Construction,Northeast Frontier Railway,Ministry of Railways,2019-01-23,1015.7,84.5,89.8,-5.3,1.077,0,0.837,0.928,65.5,1.68,0.651,55.1,70.7,0.391,0.0,39,at_risk,1
NHIDCL-SHL-DWK-PKG-08G,Shillong-Dawki Highway (NH-40 JICA Corridor) (Pkg 8G - Meghalaya),Highways,Meghalaya,SS Infrastructure,NHIDCL,MoRTH,2019-01-24,4880.1,78.7,81.6,-2.9,1.136,0,0.844,0.984,95.2,1.51,0.692,41.9,68.9,0.417,0.0,59,at_risk,1
NFR-BYR-SHL-PKG-08H,Byrnihat-Shillong Strategic Rail Connectivity (Pkg 8H - Meghalaya),Railways,Meghalaya,L&T Construction,Northeast Frontier Railway,Ministry of Railways,2019-01-25,3987.2,44.5,61.2,-16.7,1.506,6,0.893,0.99,33.4,1.75,0.98,33.5,66.6,0.497,0.0,491,delayed,2
NHIDCL-SHL-DWK-PKG-09A,Shillong-Dawki Highway (NH-40 JICA Corridor) (Pkg 9A - Meghalaya),Highways,Meghalaya,SS Infrastructure,NHIDCL,MoRTH,2019-02-02,1723.3,42.7,63.0,-20.3,1.307,0,0.769,0.95,47.3,0.87,0.746,27.5,66.2,0.521,0.0,513,delayed,2
NFR-BYR-SHL-PKG-09B,Byrnihat-Shillong Strategic Rail Connectivity (Pkg 9B - Meghalaya),Railways,Meghalaya,L&T Construction,Northeast Frontier Railway,Ministry of Railways,2019-02-02,4773.1,26.7,43.9,-17.2,1.459,2,0.865,0.942,50.0,2.07,0.846,35.4,70.6,0.391,0.0,376,delayed,2
NHIDCL-SHL-DWK-PKG-10C,Shillong-Dawki Highway (NH-40 JICA Corridor) (Pkg 10C - Meghalaya),Highways,Meghalaya,SS Infrastructure,NHIDCL,MoRTH,2019-02-02,4216.2,26.0,51.5,-25.5,1.119,2,0.815,0.921,92.9,2.2,0.683,55.0,70.1,0.464,0.0,132,delayed,2
NFR-BYR-SHL-PKG-10D,Byrnihat-Shillong Strategic Rail Connectivity (Pkg 10D - Meghalaya),Railways,Meghalaya,L&T Construction,Northeast Frontier Railway,Ministry of Railways,2019-02-05,2776.6,48.7,66.2,-17.5,1.516,0,0.824,0.892,75.7,1.71,0.951,26.3,68.7,0.383,0.0,537,delayed,2
NHIDCL-SHL-DWK-PKG-11E,Shillong-Dawki Highway (NH-40 JICA Corridor) (Pkg 11E - Meghalaya),Highways,Meghalaya,SS Infrastructure,NHIDCL,MoRTH,2019-02-07,2844.2,42.0,48.3,-6.3,1.267,0,0.837,0.897,30.6,0.96,0.65,50.5,57.3,0.391,0.0,49,at_risk,1
NFR-BYR-SHL-PKG-11F,Byrnihat-Shillong Strategic Rail Connectivity (Pkg 11F - Meghalaya),Railways,Meghalaya,L&T Construction,Northeast Frontier Railway,Ministry of Railways,2019-02-07,1073.3,45.0,64.7,-19.7,1.827,0,0.894,0.945,31.9,1.51,0.767,37.3,59.2,0.4,0.0,285,delayed,2
NFR-BAI-SAI-PKG-01A,Bairabi-Sairang Rail Link (51 km to Aizawl) (Pkg 1A - Mizoram),Railways,Mizoram,ABCIPL - Megha JV,Northeast Frontier Railway,Ministry of Railways,2019-02-08,2867.3,24.5,34.2,-9.7,1.215,2,0.898,0.716,98.7,1.94,0.72,35.9,73.2,0.452,0.0,35,at_risk,1
NHIDCL-SEL-LNG-PKG-01B,Seling-Lungsen Kaladan Multimodal Road Link (Pkg 1B - Mizoram),Highways,Mizoram,Dharampal Satyapal Ltd.,NHIDCL,MoRTH,2019-02-10,2893.7,55.7,67.5,-11.8,1.004,2,0.792,0.776,41.5,1.37,0.971,38.1,67.1,0.401,0.0,88,at_risk,1
NFR-BAI-SAI-PKG-02C,Bairabi-Sairang Rail Link (51 km to Aizawl) (Pkg 2C - Mizoram),Railways,Mizoram,ABCIPL - Megha JV,Northeast Frontier Railway,Ministry of Railways,2019-02-10,3776.1,35.5,59.2,-23.7,1.729,0,0.881,0.813,31.1,1.35,0.815,48.4,63.6,0.429,0.0,511,delayed,2
NHIDCL-SEL-LNG-PKG-02D,Seling-Lungsen Kaladan Multimodal Road Link (Pkg 2D - Mizoram),Highways,Mizoram,Dharampal Satyapal Ltd.,NHIDCL,MoRTH,2019-02-10,4421.1,57.0,77.4,-20.4,1.578,12,0.798,0.73,64.4,1.92,0.756,55.5,63.1,0.273,0.0,514,delayed,2
NFR-BAI-SAI-PKG-03E,Bairabi-Sairang Rail Link (51 km to Aizawl) (Pkg 3E - Mizoram),Railways,Mizoram,ABCIPL - Megha JV,Northeast Frontier Railway,Ministry of Railways,2019-02-12,381.5,10.3,37.3,-27.0,1.564,0,0.831,0.735,66.9,1.08,0.682,50.7,72.3,0.331,0.0,120,delayed,2
NHIDCL-SEL-LNG-PKG-03F,Seling-Lungsen Kaladan Multimodal Road Link (Pkg 3F - Mizoram),Highways,Mizoram,Dharampal Satyapal Ltd.,NHIDCL,MoRTH,2019-02-12,832.6,85.1,86.7,-1.6,0.914,6,0.818,0.79,49.7,0.68,0.613,54.5,65.8,0.369,0.0,15,on_track,0
NFR-BAI-SAI-PKG-04G,Bairabi-Sairang Rail Link (51 km to Aizawl) (Pkg 4G - Mizoram),Railways,Mizoram,ABCIPL - Megha JV,Northeast Frontier Railway,Ministry of Railways,2019-02-13,4560.5,55.5,82.5,-27.0,1.284,24,0.915,0.812,60.4,1.28,0.745,59.9,62.4,0.342,0.0,237,delayed,2
NHIDCL-SEL-LNG-PKG-04H,Seling-Lungsen Kaladan Multimodal Road Link (Pkg 4H - Mizoram),Highways,Mizoram,Dharampal Satyapal Ltd.,NHIDCL,MoRTH,2019-02-13,1972.0,32.7,58.1,-25.4,1.488,0,0.856,0.711,54.6,0.75,0.747,22.1,74.7,0.38,0.0,127,delayed,2
NFR-BAI-SAI-PKG-05A,Bairabi-Sairang Rail Link (51 km to Aizawl) (Pkg 5A - Mizoram),Railways,Mizoram,ABCIPL - Megha JV,Northeast Frontier Railway,Ministry of Railways,2019-02-13,2470.1,41.0,50.9,-9.9,1.246,2,0.781,0.789,82.9,1.46,0.742,35.6,60.7,0.419,0.0,68,at_risk,1
NHIDCL-SEL-LNG-PKG-05B,Seling-Lungsen Kaladan Multimodal Road Link (Pkg 5B - Mizoram),Highways,Mizoram,Dharampal Satyapal Ltd.,NHIDCL,MoRTH,2019-02-15,3800.6,27.4,37.5,-10.1,1.153,2,0.912,0.866,62.8,1.44,0.642,44.1,67.7,0.406,0.0,71,at_risk,1
NFR-BAI-SAI-PKG-06C,Bairabi-Sairang Rail Link (51 km to Aizawl) (Pkg 6C - Mizoram),Railways,Mizoram,ABCIPL - Megha JV,Northeast Frontier Railway,Ministry of Railways,2019-02-15,859.5,77.9,94.5,-16.6,1.17,12,0.811,0.855,88.3,1.69,0.698,54.6,68.3,0.494,0.0,412,delayed,2
NHIDCL-SEL-LNG-PKG-06D,Seling-Lungsen Kaladan Multimodal Road Link (Pkg 6D - Mizoram),Highways,Mizoram,Dharampal Satyapal Ltd.,NHIDCL,MoRTH,2019-02-16,3255.6,80.8,81.4,-0.6,1.005,0,0.829,0.794,84.2,0.7,0.731,49.6,68.5,0.5,0.0,23,on_track,0
NFR-BAI-SAI-PKG-07E,Bairabi-Sairang Rail Link (51 km to Aizawl) (Pkg 7E - Mizoram),Railways,Mizoram,ABCIPL - Megha JV,Northeast Frontier Railway,Ministry of Railways,2019-02-17,4760.0,48.7,55.7,-7.0,1.225,6,0.813,0.693,85.5,1.01,0.526,61.6,73.6,0.381,0.0,42,at_risk,1
NHIDCL-SEL-LNG-PKG-07F,Seling-Lungsen Kaladan Multimodal Road Link (Pkg 7F - Mizoram),Highways,Mizoram,Dharampal Satyapal Ltd.,NHIDCL,MoRTH,2019-02-17,1521.6,34.7,43.1,-8.4,1.357,2,0.816,0.824,92.2,1.84,0.854,49.5,71.2,0.413,0.0,456,delayed,2
NFR-BAI-SAI-PKG-08G,Bairabi-Sairang Rail Link (51 km to Aizawl) (Pkg 8G - Mizoram),Railways,Mizoram,ABCIPL - Megha JV,Northeast Frontier Railway,Ministry of Railways,2019-02-18,3302.6,45.0,48.8,-3.8,1.086,0,0.842,0.848,69.6,1.62,0.872,48.3,72.2,0.382,0.0,64,at_risk,1
NHIDCL-SEL-LNG-PKG-08H,Seling-Lungsen Kaladan Multimodal Road Link (Pkg 8H - Mizoram),Highways,Mizoram,Dharampal Satyapal Ltd.,NHIDCL,MoRTH,2019-02-19,1878.8,71.9,84.5,-12.6,1.233,0,0.866,0.804,86.4,2.03,0.578,36.2,72.0,0.429,0.0,88,at_risk,1
NFR-BAI-SAI-PKG-09A,Bairabi-Sairang Rail Link (51 km to Aizawl) (Pkg 9A - Mizoram),Railways,Mizoram,ABCIPL - Megha JV,Northeast Frontier Railway,Ministry of Railways,2019-02-24,1752.3,20.5,42.3,-21.8,1.678,18,0.732,0.824,60.1,1.48,0.853,37.8,74.1,0.361,0.0,499,delayed,2
NHIDCL-SEL-LNG-PKG-09B,Seling-Lungsen Kaladan Multimodal Road Link (Pkg 9B - Mizoram),Highways,Mizoram,Dharampal Satyapal Ltd.,NHIDCL,MoRTH,2019-02-24,1183.4,38.1,37.6,0.5,1.043,6,0.83,0.864,44.7,2.12,0.712,52.4,56.2,0.45,0.0,21,on_track,0
NFR-BAI-SAI-PKG-10C,Bairabi-Sairang Rail Link (51 km to Aizawl) (Pkg 10C - Mizoram),Railways,Mizoram,ABCIPL - Megha JV,Northeast Frontier Railway,Ministry of Railways,2019-02-25,1006.5,74.1,82.1,-8.0,1.54,2,0.883,0.855,67.7,1.8,0.797,34.9,59.9,0.335,0.0,425,delayed,2
NHIDCL-SEL-LNG-PKG-10D,Seling-Lungsen Kaladan Multimodal Road Link (Pkg 10D - Mizoram),Highways,Mizoram,Dharampal Satyapal Ltd.,NHIDCL,MoRTH,2019-02-28,3705.8,80.7,93.4,-12.7,1.161,0,0.86,0.84,45.2,0.75,0.659,47.5,70.6,0.563,0.0,57,at_risk,1
NFR-BAI-SAI-PKG-11E,Bairabi-Sairang Rail Link (51 km to Aizawl) (Pkg 11E - Mizoram),Railways,Mizoram,ABCIPL - Megha JV,Northeast Frontier Railway,Ministry of Railways,2019-02-28,991.4,81.6,83.8,-2.2,1.547,2,0.769,0.707,92.5,1.9,0.858,62.4,67.7,0.433,0.0,357,delayed,2
NHIDCL-SEL-LNG-PKG-11F,Seling-Lungsen Kaladan Multimodal Road Link (Pkg 11F - Mizoram),Highways,Mizoram,Dharampal Satyapal Ltd.,NHIDCL,MoRTH,2019-03-03,5121.9,37.6,61.0,-23.4,1.311,24,0.847,0.859,55.9,1.95,0.683,25.3,72.3,0.423,0.0,465,delayed,2
NFR-DMP-ZUB-PKG-01A,Dimapur-Zubza Railway Project (Connecting Kohima) (Pkg 1A - Nagaland),Railways,Nagaland,Patel Engineering,Northeast Frontier Railway,Ministry of Railways,2019-03-06,1289.7,12.7,38.2,-25.5,1.592,36,0.863,0.805,56.1,1.36,0.76,32.9,61.5,0.332,0.0,425,delayed,2
NHIDCL-KOH-MAO-PKG-01B,Kohima-Mao 2-Lane with Paved Shoulder (NH-29) (Pkg 1B - Nagaland),Highways,Nagaland,Fortune Group,NHIDCL,MoRTH,2019-03-06,565.4,17.2,36.1,-18.9,1.352,2,0.886,0.748,61.1,0.68,0.784,49.9,55.8,0.482,0.0,324,delayed,2
NFR-DMP-ZUB-PKG-02C,Dimapur-Zubza Railway Project (Connecting Kohima) (Pkg 2C - Nagaland),Railways,Nagaland,Patel Engineering,Northeast Frontier Railway,Ministry of Railways,2019-03-06,2017.0,76.5,81.5,-5.0,1.283,6,0.875,0.815,66.6,2.08,0.683,60.6,71.5,0.464,0.0,77,at_risk,1
NHIDCL-KOH-MAO-PKG-02D,Kohima-Mao 2-Lane with Paved Shoulder (NH-29) (Pkg 2D - Nagaland),Highways,Nagaland,Fortune Group,NHIDCL,MoRTH,2019-03-06,1842.0,21.7,33.0,-11.3,1.169,6,0.792,0.83,86.6,1.53,0.648,47.7,55.2,0.462,0.0,69,at_risk,1
NFR-DMP-ZUB-PKG-03E,Dimapur-Zubza Railway Project (Connecting Kohima) (Pkg 3E - Nagaland),Railways,Nagaland,Patel Engineering,Northeast Frontier Railway,Ministry of Railways,2019-03-08,4494.7,59.6,65.4,-5.8,1.187,0,0.866,0.853,32.8,1.6,0.891,43.6,71.1,0.415,0.0,46,at_risk,1
NHIDCL-KOH-MAO-PKG-03F,Kohima-Mao 2-Lane with Paved Shoulder (NH-29) (Pkg 3F - Nagaland),Highways,Nagaland,Fortune Group,NHIDCL,MoRTH,2019-03-10,3223.7,26.4,35.6,-9.2,1.245,0,0.833,0.824,50.1,1.41,0.884,27.4,67.7,0.369,0.0,70,at_risk,1
NFR-DMP-ZUB-PKG-04G,Dimapur-Zubza Railway Project (Connecting Kohima) (Pkg 4G - Nagaland),Railways,Nagaland,Patel Engineering,Northeast Frontier Railway,Ministry of Railways,2019-03-10,5021.4,43.6,63.5,-19.9,1.482,6,0.842,0.866,53.8,1.15,0.743,31.3,63.5,0.461,0.0,322,delayed,2
NHIDCL-KOH-MAO-PKG-04H,Kohima-Mao 2-Lane with Paved Shoulder (NH-29) (Pkg 4H - Nagaland),Highways,Nagaland,Fortune Group,NHIDCL,MoRTH,2019-03-12,446.3,30.2,44.2,-14.0,1.071,12,0.813,0.727,67.2,1.29,0.756,43.2,67.0,0.417,0.0,60,at_risk,1
NFR-DMP-ZUB-PKG-05A,Dimapur-Zubza Railway Project (Connecting Kohima) (Pkg 5A - Nagaland),Railways,Nagaland,Patel Engineering,Northeast Frontier Railway,Ministry of Railways,2019-03-12,2441.2,29.0,40.3,-11.3,1.152,0,0.867,0.822,92.2,2.19,0.822,61.4,56.7,0.257,0.0,47,at_risk,1
NHIDCL-KOH-MAO-PKG-05B,Kohima-Mao 2-Lane with Paved Shoulder (NH-29) (Pkg 5B - Nagaland),Highways,Nagaland,Fortune Group,NHIDCL,MoRTH,2019-03-12,1902.0,41.7,47.1,-5.4,1.042,2,0.861,0.744,32.8,1.94,0.708,32.5,59.2,0.473,0.0,70,at_risk,1
NFR-DMP-ZUB-PKG-06C,Dimapur-Zubza Railway Project (Connecting Kohima) (Pkg 6C - Nagaland),Railways,Nagaland,Patel Engineering,Northeast Frontier Railway,Ministry of Railways,2019-03-12,2056.8,14.6,36.0,-21.4,1.453,24,0.906,0.721,74.7,1.82,0.858,39.1,70.0,0.333,0.0,131,delayed,2
NHIDCL-KOH-MAO-PKG-06D,Kohima-Mao 2-Lane with Paved Shoulder (NH-29) (Pkg 6D - Nagaland),Highways,Nagaland,Fortune Group,NHIDCL,MoRTH,2019-03-13,5104.1,43.7,52.2,-8.5,0.995,0,0.836,0.761,93.7,2.1,0.759,46.5,55.3,0.392,0.0,8,on_track,0
NFR-DMP-ZUB-PKG-07E,Dimapur-Zubza Railway Project (Connecting Kohima) (Pkg 7E - Nagaland),Railways,Nagaland,Patel Engineering,Northeast Frontier Railway,Ministry of Railways,2019-03-14,4403.2,14.3,39.4,-25.1,1.262,12,0.793,0.72,61.6,1.46,0.904,27.7,74.6,0.396,0.0,167,delayed,2
NHIDCL-KOH-MAO-PKG-07F,Kohima-Mao 2-Lane with Paved Shoulder (NH-29) (Pkg 7F - Nagaland),Highways,Nagaland,Fortune Group,NHIDCL,MoRTH,2019-03-14,4173.6,35.5,49.6,-14.1,1.285,0,0.908,0.792,63.1,1.96,0.77,39.4,61.7,0.517,0.0,38,at_risk,1
NFR-DMP-ZUB-PKG-08G,Dimapur-Zubza Railway Project (Connecting Kohima) (Pkg 8G - Nagaland),Railways,Nagaland,Patel Engineering,Northeast Frontier Railway,Ministry of Railways,2019-03-15,495.3,58.2,75.9,-17.7,1.213,12,0.874,0.755,48.0,1.28,0.754,47.6,65.0,0.407,0.0,201,delayed,2
NHIDCL-KOH-MAO-PKG-08H,Kohima-Mao 2-Lane with Paved Shoulder (NH-29) (Pkg 8H - Nagaland),Highways,Nagaland,Fortune Group,NHIDCL,MoRTH,2019-03-15,2362.1,26.3,52.7,-26.4,1.284,6,0.904,0.754,48.4,1.31,0.633,47.8,62.7,0.471,0.0,329,delayed,2
NFR-DMP-ZUB-PKG-09A,Dimapur-Zubza Railway Project (Connecting Kohima) (Pkg 9A - Nagaland),Railways,Nagaland,Patel Engineering,Northeast Frontier Railway,Ministry of Railways,2019-03-16,4207.4,33.4,59.5,-26.1,1.527,0,0.861,0.797,45.4,1.4,0.893,44.6,55.8,0.375,0.0,204,delayed,2
NHIDCL-KOH-MAO-PKG-09B,Kohima-Mao 2-Lane with Paved Shoulder (NH-29) (Pkg 9B - Nagaland),Highways,Nagaland,Fortune Group,NHIDCL,MoRTH,2019-03-16,1995.3,28.3,32.4,-4.1,1.103,0,0.904,0.837,38.2,1.29,0.823,24.6,58.7,0.497,0.0,39,at_risk,1
NFR-DMP-ZUB-PKG-10C,Dimapur-Zubza Railway Project (Connecting Kohima) (Pkg 10C - Nagaland),Railways,Nagaland,Patel Engineering,Northeast Frontier Railway,Ministry of Railways,2019-03-17,2177.0,20.9,38.8,-17.9,1.431,6,0.876,0.806,66.0,1.75,0.875,60.5,62.8,0.464,0.0,501,delayed,2
NHIDCL-KOH-MAO-PKG-10D,Kohima-Mao 2-Lane with Paved Shoulder (NH-29) (Pkg 10D - Nagaland),Highways,Nagaland,Fortune Group,NHIDCL,MoRTH,2019-03-17,3318.7,80.1,87.0,-6.9,1.219,0,0.886,0.866,61.1,1.15,0.787,50.2,56.1,0.458,0.0,71,at_risk,1
NFR-DMP-ZUB-PKG-11E,Dimapur-Zubza Railway Project (Connecting Kohima) (Pkg 11E - Nagaland),Railways,Nagaland,Patel Engineering,Northeast Frontier Railway,Ministry of Railways,2019-03-18,1190.9,27.8,41.4,-13.6,1.47,2,0.884,0.732,42.9,1.07,0.821,54.6,63.2,0.531,0.0,202,delayed,2
NHIDCL-KOH-MAO-PKG-11F,Kohima-Mao 2-Lane with Paved Shoulder (NH-29) (Pkg 11F - Nagaland),Highways,Nagaland,Fortune Group,NHIDCL,MoRTH,2019-03-18,1824.8,67.9,79.0,-11.1,1.289,0,0.933,0.725,96.5,0.83,0.864,52.5,61.9,0.451,0.0,45,at_risk,1
IOCL-PAR-REF-PKG-01A,Paradip Refinery PX-PTA Complex Expansion (Pkg 1A - Odisha),Power,Odisha,L&T Hydrocarbon,IOCL,Ministry of Petroleum,2019-03-23,3071.3,45.3,54.6,-9.3,1.327,2,0.595,0.855,40.2,1.51,0.736,21.8,68.0,0.35,0.0,72,at_risk,1
ECOR-KHR-BLG-PKG-01B,Khurda Road-Balangir New Railway Line (301 km) (Pkg 1B - Odisha),Railways,Odisha,L&T Construction,East Coast Railway,Ministry of Railways,2019-03-24,2347.0,51.1,59.9,-8.8,1.226,0,0.652,0.838,77.8,1.13,0.705,64.4,66.2,0.385,0.0,66,at_risk,1
NHAI-SAM-CTC-PKG-01C,Sambalpur-Cuttack 4-Laning (NH-55 Package) (Pkg 1C - Odisha),Highways,Odisha,Gayatri Projects,NHAI,MoRTH,2019-03-27,4790.9,65.6,75.1,-9.5,1.315,12,0.623,0.873,76.0,0.95,0.62,25.6,61.1,0.42,0.0,68,at_risk,1
IOCL-PAR-REF-PKG-02D,Paradip Refinery PX-PTA Complex Expansion (Pkg 2D - Odisha),Power,Odisha,L&T Hydrocarbon,IOCL,Ministry of Petroleum,2019-03-27,1654.3,83.4,86.5,-3.1,1.022,2,0.593,0.778,86.5,2.15,0.598,30.4,67.7,0.485,0.0,54,at_risk,1
ECOR-KHR-BLG-PKG-02E,Khurda Road-Balangir New Railway Line (301 km) (Pkg 2E - Odisha),Railways,Odisha,L&T Construction,East Coast Railway,Ministry of Railways,2019-03-28,1167.6,77.4,85.5,-8.1,1.043,0,0.629,0.813,94.1,1.97,0.818,47.1,66.6,0.345,0.0,38,at_risk,1
NHAI-SAM-CTC-PKG-02F,Sambalpur-Cuttack 4-Laning (NH-55 Package) (Pkg 2F - Odisha),Highways,Odisha,Gayatri Projects,NHAI,MoRTH,2019-03-29,1050.0,80.3,83.2,-2.9,1.769,0,0.644,0.842,75.9,2.08,0.647,50.9,60.0,0.353,0.0,146,delayed,2
IOCL-PAR-REF-PKG-03G,Paradip Refinery PX-PTA Complex Expansion (Pkg 3G - Odisha),Power,Odisha,L&T Hydrocarbon,IOCL,Ministry of Petroleum,2019-03-31,991.3,49.4,57.6,-8.2,0.989,2,0.7,0.833,72.7,1.77,0.707,25.8,55.5,0.34,0.0,15,on_track,0
ECOR-KHR-BLG-PKG-03H,Khurda Road-Balangir New Railway Line (301 km) (Pkg 3H - Odisha),Railways,Odisha,L&T Construction,East Coast Railway,Ministry of Railways,2019-04-01,858.5,22.4,49.9,-27.5,1.817,24,0.714,0.86,58.7,1.7,0.659,60.1,74.6,0.475,0.0,526,delayed,2
NHAI-SAM-CTC-PKG-03A,Sambalpur-Cuttack 4-Laning (NH-55 Package) (Pkg 3A - Odisha),Highways,Odisha,Gayatri Projects,NHAI,MoRTH,2019-04-02,3159.0,55.7,65.9,-10.2,1.173,2,0.67,0.892,36.1,2.09,0.837,33.7,64.1,0.516,0.0,73,at_risk,1
IOCL-PAR-REF-PKG-04B,Paradip Refinery PX-PTA Complex Expansion (Pkg 4B - Odisha),Power,Odisha,L&T Hydrocarbon,IOCL,Ministry of Petroleum,2019-04-04,3310.2,33.1,30.5,2.6,0.908,0,0.653,0.843,73.2,1.86,0.666,18.3,66.3,0.356,0.0,12,on_track,0
ECOR-KHR-BLG-PKG-04C,Khurda Road-Balangir New Railway Line (301 km) (Pkg 4C - Odisha),Railways,Odisha,L&T Construction,East Coast Railway,Ministry of Railways,2019-04-06,3805.8,40.8,46.5,-5.7,1.375,0,0.672,0.839,82.7,0.99,0.822,59.8,65.0,0.434,0.0,56,at_risk,1
NHAI-SAM-CTC-PKG-04D,Sambalpur-Cuttack 4-Laning (NH-55 Package) (Pkg 4D - Odisha),Highways,Odisha,Gayatri Projects,NHAI,MoRTH,2019-04-06,4261.6,37.6,37.7,-0.1,1.13,2,0.643,0.909,66.3,1.91,0.761,45.6,63.6,0.333,0.0,25,on_track,0
IOCL-PAR-REF-PKG-05E,Paradip Refinery PX-PTA Complex Expansion (Pkg 5E - Odisha),Power,Odisha,L&T Hydrocarbon,IOCL,Ministry of Petroleum,2019-04-06,4848.0,66.0,73.5,-7.5,1.272,6,0.653,0.888,47.2,1.26,0.566,32.8,68.7,0.309,0.0,87,at_risk,1
ECOR-KHR-BLG-PKG-05F,Khurda Road-Balangir New Railway Line (301 km) (Pkg 5F - Odisha),Railways,Odisha,L&T Construction,East Coast Railway,Ministry of Railways,2019-04-07,1770.2,67.5,77.8,-10.3,1.102,12,0.674,0.843,65.3,1.71,0.668,60.6,66.8,0.435,0.0,78,at_risk,1
NHAI-SAM-CTC-PKG-05G,Sambalpur-Cuttack 4-Laning (NH-55 Package) (Pkg 5G - Odisha),Highways,Odisha,Gayatri Projects,NHAI,MoRTH,2019-04-08,2169.8,85.0,87.7,-2.7,1.13,6,0.606,0.906,31.5,1.47,0.704,25.0,60.0,0.465,0.0,40,at_risk,1
IOCL-PAR-REF-PKG-06H,Paradip Refinery PX-PTA Complex Expansion (Pkg 6H - Odisha),Power,Odisha,L&T Hydrocarbon,IOCL,Ministry of Petroleum,2019-04-09,3304.0,41.1,49.5,-8.4,1.1,2,0.661,0.798,92.3,1.33,0.846,34.0,56.5,0.364,0.0,43,at_risk,1
ECOR-KHR-BLG-PKG-06A,Khurda Road-Balangir New Railway Line (301 km) (Pkg 6A - Odisha),Railways,Odisha,L&T Construction,East Coast Railway,Ministry of Railways,2019-04-09,4315.7,69.6,70.0,-0.4,0.992,2,0.6,0.768,94.3,1.26,0.823,39.8,56.4,0.334,0.0,20,on_track,0
NHAI-SAM-CTC-PKG-06B,Sambalpur-Cuttack 4-Laning (NH-55 Package) (Pkg 6B - Odisha),Highways,Odisha,Gayatri Projects,NHAI,MoRTH,2019-04-10,4602.9,36.1,44.9,-8.8,1.773,2,0.632,0.933,57.4,0.83,0.744,33.7,70.6,0.456,0.0,306,delayed,2
IOCL-PAR-REF-PKG-07C,Paradip Refinery PX-PTA Complex Expansion (Pkg 7C - Odisha),Power,Odisha,L&T Hydrocarbon,IOCL,Ministry of Petroleum,2019-04-12,896.9,83.6,89.1,-5.5,1.238,0,0.627,0.852,46.0,1.04,0.633,26.0,65.7,0.397,0.0,48,at_risk,1
ECOR-KHR-BLG-PKG-07D,Khurda Road-Balangir New Railway Line (301 km) (Pkg 7D - Odisha),Railways,Odisha,L&T Construction,East Coast Railway,Ministry of Railways,2019-04-13,2941.0,38.5,41.6,-3.1,0.993,2,0.659,0.915,44.1,0.84,0.727,31.0,61.9,0.296,0.0,12,on_track,0
NHAI-SAM-CTC-PKG-07E,Sambalpur-Cuttack 4-Laning (NH-55 Package) (Pkg 7E - Odisha),Highways,Odisha,Gayatri Projects,NHAI,MoRTH,2019-04-14,4772.5,45.3,44.0,1.3,0.98,2,0.714,0.815,91.1,1.17,0.629,49.4,57.7,0.496,0.0,18,on_track,0
IOCL-PAR-REF-PKG-08F,Paradip Refinery PX-PTA Complex Expansion (Pkg 8F - Odisha),Power,Odisha,L&T Hydrocarbon,IOCL,Ministry of Petroleum,2019-04-14,5143.7,78.6,79.2,-0.6,1.067,0,0.606,0.832,58.8,1.58,0.767,24.0,75.0,0.319,0.0,25,on_track,0
ECOR-KHR-BLG-PKG-08G,Khurda Road-Balangir New Railway Line (301 km) (Pkg 8G - Odisha),Railways,Odisha,L&T Construction,East Coast Railway,Ministry of Railways,2019-04-15,3789.8,26.3,38.7,-12.4,1.269,0,0.624,0.899,53.3,1.36,0.877,46.7,65.7,0.41,0.0,54,at_risk,1
NHAI-SAM-CTC-PKG-08H,Sambalpur-Cuttack 4-Laning (NH-55 Package) (Pkg 8H - Odisha),Highways,Odisha,Gayatri Projects,NHAI,MoRTH,2019-04-15,1768.2,66.6,67.5,-0.9,1.141,0,0.657,0.856,57.9,1.83,0.773,27.2,68.0,0.458,0.0,54,at_risk,1
IOCL-PAR-REF-PKG-09A,Paradip Refinery PX-PTA Complex Expansion (Pkg 9A - Odisha),Power,Odisha,L&T Hydrocarbon,IOCL,Ministry of Petroleum,2019-04-15,869.7,59.9,63.3,-3.4,1.068,6,0.574,0.866,97.1,1.84,0.638,35.0,67.1,0.345,0.0,63,at_risk,1
ECOR-KHR-BLG-PKG-09B,Khurda Road-Balangir New Railway Line (301 km) (Pkg 9B - Odisha),Railways,Odisha,L&T Construction,East Coast Railway,Ministry of Railways,2019-04-16,3635.8,28.9,41.7,-12.8,1.663,12,0.677,0.835,51.3,1.66,0.796,40.6,64.8,0.428,0.0,445,delayed,2
NHAI-SAM-CTC-PKG-09C,Sambalpur-Cuttack 4-Laning (NH-55 Package) (Pkg 9C - Odisha),Highways,Odisha,Gayatri Projects,NHAI,MoRTH,2019-04-20,3442.1,69.7,81.2,-11.5,1.173,0,0.632,0.865,33.9,2.01,0.767,31.6,74.5,0.392,0.0,37,at_risk,1
IOCL-PAR-REF-PKG-10D,Paradip Refinery PX-PTA Complex Expansion (Pkg 10D - Odisha),Power,Odisha,L&T Hydrocarbon,IOCL,Ministry of Petroleum,2019-04-20,5045.3,47.6,50.9,-3.3,0.995,0,0.551,0.867,92.3,1.38,0.686,16.3,69.9,0.281,0.0,31,at_risk,1
ECOR-KHR-BLG-PKG-10E,Khurda Road-Balangir New Railway Line (301 km) (Pkg 10E - Odisha),Railways,Odisha,L&T Construction,East Coast Railway,Ministry of Railways,2019-04-21,4630.8,28.2,30.3,-2.1,1.12,6,0.662,0.822,78.7,1.41,0.714,41.0,62.3,0.4,0.0,40,at_risk,1
NHAI-SAM-CTC-PKG-10F,Sambalpur-Cuttack 4-Laning (NH-55 Package) (Pkg 10F - Odisha),Highways,Odisha,Gayatri Projects,NHAI,MoRTH,2019-04-21,2998.9,74.0,82.9,-8.9,1.075,2,0.641,0.82,76.9,1.38,0.702,25.2,62.7,0.427,0.0,78,at_risk,1
IOCL-PAR-REF-PKG-11G,Paradip Refinery PX-PTA Complex Expansion (Pkg 11G - Odisha),Power,Odisha,L&T Hydrocarbon,IOCL,Ministry of Petroleum,2019-04-22,4419.1,82.7,85.3,-2.6,0.989,0,0.718,0.915,35.3,1.67,0.661,16.2,64.8,0.358,0.0,22,on_track,0
ECOR-KHR-BLG-PKG-11H,Khurda Road-Balangir New Railway Line (301 km) (Pkg 11H - Odisha),Railways,Odisha,L&T Construction,East Coast Railway,Ministry of Railways,2019-04-23,4120.8,32.8,53.3,-20.5,1.368,6,0.611,0.795,82.1,2.05,0.801,34.3,55.2,0.431,0.0,548,delayed,2
NHAI-SAM-CTC-PKG-11A,Sambalpur-Cuttack 4-Laning (NH-55 Package) (Pkg 11A - Odisha),Highways,Odisha,Gayatri Projects,NHAI,MoRTH,2019-04-28,4392.2,50.4,68.9,-18.5,1.329,0,0.626,0.789,60.9,1.2,0.8,43.5,59.5,0.502,0.0,316,delayed,2
IOCL-PAR-REF-PKG-12B,Paradip Refinery PX-PTA Complex Expansion (Pkg 12B - Odisha),Power,Odisha,L&T Hydrocarbon,IOCL,Ministry of Petroleum,2019-04-28,482.5,70.8,93.5,-22.7,1.447,36,0.603,0.878,79.8,1.3,0.719,35.2,69.0,0.409,0.0,236,delayed,2
ECOR-KHR-BLG-PKG-12C,Khurda Road-Balangir New Railway Line (301 km) (Pkg 12C - Odisha),Railways,Odisha,L&T Construction,East Coast Railway,Ministry of Railways,2019-04-30,1608.9,79.7,82.8,-3.1,1.14,0,0.708,0.906,82.0,1.41,0.817,42.3,63.6,0.396,0.0,60,at_risk,1
NHAI-SAM-CTC-PKG-12D,Sambalpur-Cuttack 4-Laning (NH-55 Package) (Pkg 12D - Odisha),Highways,Odisha,Gayatri Projects,NHAI,MoRTH,2019-04-30,5081.3,60.6,59.2,1.4,0.938,0,0.52,0.808,43.7,1.55,0.681,26.9,70.7,0.468,0.0,6,on_track,0
IOCL-PAR-REF-PKG-13E,Paradip Refinery PX-PTA Complex Expansion (Pkg 13E - Odisha),Power,Odisha,L&T Hydrocarbon,IOCL,Ministry of Petroleum,2019-05-01,3667.5,93.5,93.0,0.5,0.947,0,0.713,0.946,49.7,1.46,0.711,17.8,60.5,0.406,0.0,14,on_track,0
ECOR-KHR-BLG-PKG-13F,Khurda Road-Balangir New Railway Line (301 km) (Pkg 13F - Odisha),Railways,Odisha,L&T Construction,East Coast Railway,Ministry of Railways,2019-05-03,1857.0,59.5,66.9,-7.4,1.05,6,0.585,0.86,66.5,1.32,0.667,45.7,58.8,0.478,0.0,51,at_risk,1
NHAI-SAM-CTC-PKG-13G,Sambalpur-Cuttack 4-Laning (NH-55 Package) (Pkg 13G - Odisha),Highways,Odisha,Gayatri Projects,NHAI,MoRTH,2019-05-04,672.9,81.7,77.7,4.0,1.082,0,0.667,0.832,86.4,0.97,0.778,27.7,60.9,0.419,0.0,8,on_track,0
IOCL-PAR-REF-PKG-14H,Paradip Refinery PX-PTA Complex Expansion (Pkg 14H - Odisha),Power,Odisha,L&T Hydrocarbon,IOCL,Ministry of Petroleum,2019-05-05,3344.0,40.9,42.9,-2.0,1.139,2,0.621,0.886,37.2,1.36,0.667,25.9,62.5,0.33,0.0,75,at_risk,1
ECOR-KHR-BLG-PKG-14A,Khurda Road-Balangir New Railway Line (301 km) (Pkg 14A - Odisha),Railways,Odisha,L&T Construction,East Coast Railway,Ministry of Railways,2019-05-09,5062.7,53.0,52.0,1.0,1.051,2,0.65,0.874,34.6,1.91,0.744,40.4,74.1,0.346,0.0,28,on_track,0
NHAI-SAM-CTC-PKG-14B,Sambalpur-Cuttack 4-Laning (NH-55 Package) (Pkg 14B - Odisha),Highways,Odisha,Gayatri Projects,NHAI,MoRTH,2019-05-10,870.6,71.9,76.4,-4.5,1.246,12,0.649,0.82,74.9,1.69,0.762,41.1,71.6,0.581,0.0,74,at_risk,1
DFCCIL-EDFC-SAH-PKG-01A,Eastern DFC Sahnewal-Pilkhani Double Track (Pkg 1A - Punjab),Railways,Punjab,L&T Construction,DFCCIL,Ministry of Railways,2019-05-10,2345.6,53.6,65.7,-12.1,1.348,24,0.152,0.275,94.2,1.01,0.747,51.4,70.6,0.34,0.0,64,at_risk,1
NHAI-DLI-KAT-PKG-01B,Delhi-Amritsar-Katra Expressway Punjab Section (Pkg 1B - Punjab),Highways,Punjab,PNC Infratech,NHAI,MoRTH,2019-05-14,1507.2,73.7,87.3,-13.6,1.309,18,0.126,0.393,80.1,2.2,0.805,50.2,62.0,0.515,0.0,153,delayed,2
DFCCIL-EDFC-SAH-PKG-02C,Eastern DFC Sahnewal-Pilkhani Double Track (Pkg 2C - Punjab),Railways,Punjab,L&T Construction,DFCCIL,Ministry of Railways,2019-05-14,2336.8,61.1,65.0,-3.9,1.028,0,0.261,0.327,74.3,2.17,0.616,31.9,72.5,0.438,0.0,15,on_track,0
NHAI-DLI-KAT-PKG-02D,Delhi-Amritsar-Katra Expressway Punjab Section (Pkg 2D - Punjab),Highways,Punjab,PNC Infratech,NHAI,MoRTH,2019-05-15,2796.3,47.1,61.0,-13.9,1.09,12,0.207,0.375,82.2,0.73,0.839,28.9,72.9,0.572,0.0,87,at_risk,1
DFCCIL-EDFC-SAH-PKG-03E,Eastern DFC Sahnewal-Pilkhani Double Track (Pkg 3E - Punjab),Railways,Punjab,L&T Construction,DFCCIL,Ministry of Railways,2019-05-16,1155.5,51.7,57.1,-5.4,0.88,0,0.267,0.28,93.9,1.37,0.777,57.4,61.5,0.382,0.0,25,on_track,0
NHAI-DLI-KAT-PKG-03F,Delhi-Amritsar-Katra Expressway Punjab Section (Pkg 3F - Punjab),Highways,Punjab,PNC Infratech,NHAI,MoRTH,2019-05-16,5037.3,45.4,53.5,-8.1,1.22,2,0.192,0.332,45.9,1.61,0.811,38.1,55.2,0.49,0.0,62,at_risk,1
DFCCIL-EDFC-SAH-PKG-04G,Eastern DFC Sahnewal-Pilkhani Double Track (Pkg 4G - Punjab),Railways,Punjab,L&T Construction,DFCCIL,Ministry of Railways,2019-05-18,5086.2,60.5,71.7,-11.2,1.226,2,0.242,0.287,67.3,1.39,0.852,49.2,68.5,0.343,0.0,70,at_risk,1
NHAI-DLI-KAT-PKG-04H,Delhi-Amritsar-Katra Expressway Punjab Section (Pkg 4H - Punjab),Highways,Punjab,PNC Infratech,NHAI,MoRTH,2019-05-18,702.2,37.4,38.2,-0.8,1.034,0,0.173,0.343,75.9,1.96,0.881,50.0,69.4,0.463,0.0,27,on_track,0
DFCCIL-EDFC-SAH-PKG-05A,Eastern DFC Sahnewal-Pilkhani Double Track (Pkg 5A - Punjab),Railways,Punjab,L&T Construction,DFCCIL,Ministry of Railways,2019-05-20,1849.3,57.7,83.2,-25.5,1.173,12,0.255,0.359,80.2,0.7,0.62,51.7,62.5,0.415,0.0,334,delayed,2
NHAI-DLI-KAT-PKG-05B,Delhi-Amritsar-Katra Expressway Punjab Section (Pkg 5B - Punjab),Highways,Punjab,PNC Infratech,NHAI,MoRTH,2019-05-21,3463.8,80.1,89.5,-9.4,1.21,6,0.179,0.357,73.6,0.89,0.832,27.9,71.9,0.447,0.0,37,at_risk,1
DFCCIL-EDFC-SAH-PKG-06C,Eastern DFC Sahnewal-Pilkhani Double Track (Pkg 6C - Punjab),Railways,Punjab,L&T Construction,DFCCIL,Ministry of Railways,2019-05-23,4725.4,40.1,42.5,-2.4,1.094,0,0.134,0.374,33.5,1.51,0.75,29.5,55.4,0.393,0.0,15,on_track,0
NHAI-DLI-KAT-PKG-06D,Delhi-Amritsar-Katra Expressway Punjab Section (Pkg 6D - Punjab),Highways,Punjab,PNC Infratech,NHAI,MoRTH,2019-05-24,2173.3,30.3,32.7,-2.4,1.079,18,0.175,0.385,69.6,1.6,0.644,51.3,56.4,0.498,0.0,2,on_track,0
DFCCIL-EDFC-SAH-PKG-07E,Eastern DFC Sahnewal-Pilkhani Double Track (Pkg 7E - Punjab),Railways,Punjab,L&T Construction,DFCCIL,Ministry of Railways,2019-05-25,4850.7,68.4,87.8,-19.4,1.384,24,0.247,0.243,92.9,1.38,0.852,49.6,68.9,0.432,0.0,533,delayed,2
NHAI-DLI-KAT-PKG-07F,Delhi-Amritsar-Katra Expressway Punjab Section (Pkg 7F - Punjab),Highways,Punjab,PNC Infratech,NHAI,MoRTH,2019-05-25,4562.8,69.4,80.3,-10.9,1.312,0,0.147,0.396,99.2,1.43,0.564,37.7,58.9,0.481,0.0,58,at_risk,1
DFCCIL-EDFC-SAH-PKG-08G,Eastern DFC Sahnewal-Pilkhani Double Track (Pkg 8G - Punjab),Railways,Punjab,L&T Construction,DFCCIL,Ministry of Railways,2019-05-25,962.2,67.0,71.6,-4.6,1.049,18,0.272,0.271,85.4,1.52,0.672,52.6,56.5,0.407,0.0,58,at_risk,1
NHAI-DLI-KAT-PKG-08H,Delhi-Amritsar-Katra Expressway Punjab Section (Pkg 8H - Punjab),Highways,Punjab,PNC Infratech,NHAI,MoRTH,2019-05-28,4501.9,68.2,78.7,-10.5,1.363,6,0.239,0.424,87.1,1.97,0.781,33.0,56.5,0.449,0.0,483,delayed,2
DFCCIL-EDFC-SAH-PKG-09A,Eastern DFC Sahnewal-Pilkhani Double Track (Pkg 9A - Punjab),Railways,Punjab,L&T Construction,DFCCIL,Ministry of Railways,2019-05-28,1849.4,13.2,39.7,-26.5,1.414,0,0.19,0.461,51.2,1.61,0.855,62.6,63.5,0.413,0.0,486,delayed,2
NHAI-DLI-KAT-PKG-09B,Delhi-Amritsar-Katra Expressway Punjab Section (Pkg 9B - Punjab),Highways,Punjab,PNC Infratech,NHAI,MoRTH,2019-05-29,3030.8,64.9,64.5,0.4,1.071,6,0.127,0.321,92.6,1.77,0.649,24.0,64.3,0.441,0.0,3,on_track,0
DFCCIL-EDFC-SAH-PKG-10C,Eastern DFC Sahnewal-Pilkhani Double Track (Pkg 10C - Punjab),Railways,Punjab,L&T Construction,DFCCIL,Ministry of Railways,2019-05-29,4634.9,36.6,47.6,-11.0,1.273,2,0.194,0.385,48.8,2.18,0.762,64.3,72.1,0.487,0.0,78,at_risk,1
NHAI-DLI-KAT-PKG-10D,Delhi-Amritsar-Katra Expressway Punjab Section (Pkg 10D - Punjab),Highways,Punjab,PNC Infratech,NHAI,MoRTH,2019-05-31,3520.2,34.5,58.0,-23.5,1.608,2,0.168,0.468,51.0,0.73,0.788,47.1,69.9,0.519,0.0,346,delayed,2
DFCCIL-EDFC-SAH-PKG-11E,Eastern DFC Sahnewal-Pilkhani Double Track (Pkg 11E - Punjab),Railways,Punjab,L&T Construction,DFCCIL,Ministry of Railways,2019-05-31,1793.7,33.7,39.3,-5.6,1.043,6,0.205,0.293,95.7,1.31,0.863,45.0,70.5,0.347,0.0,36,at_risk,1
NHAI-DLI-KAT-PKG-11F,Delhi-Amritsar-Katra Expressway Punjab Section (Pkg 11F - Punjab),Highways,Punjab,PNC Infratech,NHAI,MoRTH,2019-06-02,3153.1,79.5,84.7,-5.2,1.192,0,0.219,0.358,42.9,2.13,0.777,46.7,69.8,0.568,0.0,23,on_track,0
DFCCIL-EDFC-SAH-PKG-12G,Eastern DFC Sahnewal-Pilkhani Double Track (Pkg 12G - Punjab),Railways,Punjab,L&T Construction,DFCCIL,Ministry of Railways,2019-06-03,3142.4,54.0,68.1,-14.1,1.182,6,0.264,0.38,96.0,1.27,0.753,48.3,59.1,0.363,0.0,47,at_risk,1
NHAI-DLI-KAT-PKG-12H,Delhi-Amritsar-Katra Expressway Punjab Section (Pkg 12H - Punjab),Highways,Punjab,PNC Infratech,NHAI,MoRTH,2019-06-03,4239.9,41.8,49.0,-7.2,1.172,0,0.217,0.341,73.1,1.31,0.67,31.4,57.5,0.563,0.0,88,at_risk,1
DFCCIL-EDFC-SAH-PKG-13A,Eastern DFC Sahnewal-Pilkhani Double Track (Pkg 13A - Punjab),Railways,Punjab,L&T Construction,DFCCIL,Ministry of Railways,2019-06-04,3204.4,75.9,74.4,1.5,0.85,0,0.272,0.37,44.7,1.87,0.945,53.8,68.7,0.503,0.0,8,on_track,0
NHAI-DLI-KAT-PKG-13B,Delhi-Amritsar-Katra Expressway Punjab Section (Pkg 13B - Punjab),Highways,Punjab,PNC Infratech,NHAI,MoRTH,2019-06-04,2623.3,82.1,84.2,-2.1,0.925,2,0.296,0.231,49.2,2.09,0.619,50.5,64.8,0.558,0.0,25,on_track,0
DFCCIL-EDFC-SAH-PKG-14C,Eastern DFC Sahnewal-Pilkhani Double Track (Pkg 14C - Punjab),Railways,Punjab,L&T Construction,DFCCIL,Ministry of Railways,2019-06-04,4556.3,29.6,35.3,-5.7,0.969,6,0.237,0.348,58.5,0.69,0.821,29.2,66.3,0.44,0.0,8,on_track,0
NHAI-DLI-KAT-PKG-14D,Delhi-Amritsar-Katra Expressway Punjab Section (Pkg 14D - Punjab),Highways,Punjab,PNC Infratech,NHAI,MoRTH,2019-06-06,1965.9,25.4,37.7,-12.3,1.265,2,0.166,0.467,74.8,1.07,0.818,22.3,63.0,0.486,0.0,73,at_risk,1
DFCCIL-EDFC-SAH-PKG-15E,Eastern DFC Sahnewal-Pilkhani Double Track (Pkg 15E - Punjab),Railways,Punjab,L&T Construction,DFCCIL,Ministry of Railways,2019-06-06,2322.6,80.6,82.9,-2.3,1.111,0,0.228,0.348,56.3,1.12,0.9,45.8,57.2,0.344,0.0,32,at_risk,1
NHAI-DLI-KAT-PKG-15F,Delhi-Amritsar-Katra Expressway Punjab Section (Pkg 15F - Punjab),Highways,Punjab,PNC Infratech,NHAI,MoRTH,2019-06-12,1221.2,59.2,57.6,1.6,0.956,2,0.309,0.342,75.6,1.47,0.771,55.6,62.5,0.385,0.0,9,on_track,0
DFCCIL-EDFC-SAH-PKG-16G,Eastern DFC Sahnewal-Pilkhani Double Track (Pkg 16G - Punjab),Railways,Punjab,L&T Construction,DFCCIL,Ministry of Railways,2019-06-13,4006.0,38.7,46.6,-7.9,1.356,12,0.251,0.389,95.1,0.83,0.823,63.2,59.6,0.343,0.0,41,at_risk,1
NHAI-DLI-KAT-PKG-16H,Delhi-Amritsar-Katra Expressway Punjab Section (Pkg 16H - Punjab),Highways,Punjab,PNC Infratech,NHAI,MoRTH,2019-06-14,3412.5,31.6,34.8,-3.2,0.992,0,0.278,0.357,65.1,1.73,0.637,53.9,56.5,0.493,0.0,23,on_track,0
DFCCIL-EDFC-SAH-PKG-17A,Eastern DFC Sahnewal-Pilkhani Double Track (Pkg 17A - Punjab),Railways,Punjab,L&T Construction,DFCCIL,Ministry of Railways,2019-06-16,2428.2,67.5,64.2,3.3,1.035,0,0.269,0.46,96.0,0.8,0.725,25.2,72.1,0.477,0.0,29,on_track,0
NHAI-DLI-KAT-PKG-17B,Delhi-Amritsar-Katra Expressway Punjab Section (Pkg 17B - Punjab),Highways,Punjab,PNC Infratech,NHAI,MoRTH,2019-06-16,555.1,93.9,95.0,-1.1,0.85,0,0.208,0.407,82.9,1.54,0.73,35.2,56.0,0.42,0.0,22,on_track,0
DFCCIL-EDFC-SAH-PKG-18C,Eastern DFC Sahnewal-Pilkhani Double Track (Pkg 18C - Punjab),Railways,Punjab,L&T Construction,DFCCIL,Ministry of Railways,2019-06-21,3565.9,41.1,60.6,-19.5,1.438,6,0.167,0.312,53.8,1.31,0.799,55.1,63.1,0.436,0.0,175,delayed,2
NHAI-DLI-KAT-PKG-18D,Delhi-Amritsar-Katra Expressway Punjab Section (Pkg 18D - Punjab),Highways,Punjab,PNC Infratech,NHAI,MoRTH,2019-06-22,546.5,86.5,89.0,-2.5,0.951,2,0.268,0.346,73.3,1.68,0.716,26.4,74.3,0.509,0.0,22,on_track,0
DFCCIL-EDFC-SAH-PKG-19E,Eastern DFC Sahnewal-Pilkhani Double Track (Pkg 19E - Punjab),Railways,Punjab,L&T Construction,DFCCIL,Ministry of Railways,2019-06-22,879.9,39.2,48.6,-9.4,1.203,0,0.191,0.354,42.7,1.63,0.724,48.3,67.3,0.319,0.0,60,at_risk,1
NHAI-DLI-KAT-PKG-19F,Delhi-Amritsar-Katra Expressway Punjab Section (Pkg 19F - Punjab),Highways,Punjab,PNC Infratech,NHAI,MoRTH,2019-06-24,1982.7,74.0,75.1,-1.1,1.082,0,0.247,0.365,57.4,1.65,0.668,29.8,63.7,0.377,0.0,16,on_track,0
DFCCIL-EDFC-SAH-PKG-20G,Eastern DFC Sahnewal-Pilkhani Double Track (Pkg 20G - Punjab),Railways,Punjab,L&T Construction,DFCCIL,Ministry of Railways,2019-06-25,1879.5,53.2,69.0,-15.8,1.134,6,0.232,0.342,45.4,1.6,0.838,54.4,72.4,0.325,0.0,352,delayed,2
NHAI-DLI-KAT-PKG-20H,Delhi-Amritsar-Katra Expressway Punjab Section (Pkg 20H - Punjab),Highways,Punjab,PNC Infratech,NHAI,MoRTH,2019-06-29,3509.3,35.7,40.0,-4.3,0.947,0,0.156,0.329,72.6,1.76,0.697,44.8,62.5,0.469,0.0,26,on_track,0
DFCCIL-EDFC-SAH-PKG-21A,Eastern DFC Sahnewal-Pilkhani Double Track (Pkg 21A - Punjab),Railways,Punjab,L&T Construction,DFCCIL,Ministry of Railways,2019-07-02,4247.9,48.0,57.0,-9.0,1.074,12,0.276,0.286,39.2,1.91,0.725,49.9,71.3,0.434,0.0,82,at_risk,1
NHAI-DLI-KAT-PKG-21B,Delhi-Amritsar-Katra Expressway Punjab Section (Pkg 21B - Punjab),Highways,Punjab,PNC Infratech,NHAI,MoRTH,2019-07-03,3232.9,47.4,61.3,-13.9,1.079,18,0.215,0.365,64.7,2.11,0.828,41.2,72.8,0.438,0.0,54,at_risk,1
HPCL-RAJ-REF-PKG-01A,Rajasthan Refinery Project Pachpadra (HRRL) (Pkg 1A - Rajasthan),Power,Rajasthan,L&T & Engineers India Ltd.,HPCL / HRRL,Ministry of Petroleum,2019-07-04,2395.7,86.0,94.1,-8.1,1.034,2,0.31,0.111,64.6,1.29,0.687,22.0,60.0,0.339,0.0,7,on_track,0
PGCIL-RAJ-SOL-PKG-01B,Bhadla-Bikaner Ultra Mega Solar Power Grid (Pkg 1B - Rajasthan),Power,Rajasthan,Kalpataru Power Transmission,POWERGRID,Ministry of Power,2019-07-09,652.9,51.3,56.0,-4.7,0.92,0,0.236,0.136,75.6,1.48,0.557,33.2,64.2,0.35,0.0,27,on_track,0
JJM-RAJ-DES-PKG-01C,Jal Jeevan Mission Maru Desert Pipeline Network (Pkg 1C - Rajasthan),Water,Rajasthan,NCC Limited,PHED Rajasthan,Ministry of Jal Shakti,2019-07-11,747.4,39.4,52.4,-13.0,1.593,2,0.296,0.1,39.3,0.9,0.65,44.2,61.9,0.454,0.0,188,delayed,2
HPCL-RAJ-REF-PKG-02D,Rajasthan Refinery Project Pachpadra (HRRL) (Pkg 2D - Rajasthan),Power,Rajasthan,L&T & Engineers India Ltd.,HPCL / HRRL,Ministry of Petroleum,2019-07-12,458.1,54.5,56.2,-1.7,1.047,0,0.313,0.144,45.5,0.95,0.591,33.7,57.6,0.329,0.0,0,on_track,0
PGCIL-RAJ-SOL-PKG-02E,Bhadla-Bikaner Ultra Mega Solar Power Grid (Pkg 2E - Rajasthan),Power,Rajasthan,Kalpataru Power Transmission,POWERGRID,Ministry of Power,2019-07-12,1997.6,15.5,33.6,-18.1,1.14,2,0.298,0.193,53.0,0.69,0.768,15.5,63.9,0.438,0.0,59,at_risk,1
JJM-RAJ-DES-PKG-02F,Jal Jeevan Mission Maru Desert Pipeline Network (Pkg 2F - Rajasthan),Water,Rajasthan,NCC Limited,PHED Rajasthan,Ministry of Jal Shakti,2019-07-13,1862.7,74.2,72.4,1.8,1.07,0,0.334,0.18,92.2,0.69,0.671,24.0,63.1,0.234,0.0,8,on_track,0
HPCL-RAJ-REF-PKG-03G,Rajasthan Refinery Project Pachpadra (HRRL) (Pkg 3G - Rajasthan),Power,Rajasthan,L&T & Engineers India Ltd.,HPCL / HRRL,Ministry of Petroleum,2019-07-15,3866.1,59.9,66.2,-6.3,1.019,0,0.256,0.263,49.7,0.98,0.616,13.7,57.7,0.308,0.0,32,at_risk,1
PGCIL-RAJ-SOL-PKG-03H,Bhadla-Bikaner Ultra Mega Solar Power Grid (Pkg 3H - Rajasthan),Power,Rajasthan,Kalpataru Power Transmission,POWERGRID,Ministry of Power,2019-07-16,3648.3,61.0,73.8,-12.8,1.062,2,0.32,0.142,64.1,1.24,0.763,32.6,69.4,0.464,0.0,67,at_risk,1
JJM-RAJ-DES-PKG-03A,Jal Jeevan Mission Maru Desert Pipeline Network (Pkg 3A - Rajasthan),Water,Rajasthan,NCC Limited,PHED Rajasthan,Ministry of Jal Shakti,2019-07-16,3990.7,47.5,71.8,-24.3,1.854,12,0.307,0.168,54.7,1.02,0.537,51.1,74.1,0.337,0.0,535,delayed,2
HPCL-RAJ-REF-PKG-04B,Rajasthan Refinery Project Pachpadra (HRRL) (Pkg 4B - Rajasthan),Power,Rajasthan,L&T & Engineers India Ltd.,HPCL / HRRL,Ministry of Petroleum,2019-07-19,4131.3,34.2,41.3,-7.1,1.356,2,0.328,0.221,95.6,0.66,0.642,29.0,66.5,0.374,0.0,79,at_risk,1
PGCIL-RAJ-SOL-PKG-04C,Bhadla-Bikaner Ultra Mega Solar Power Grid (Pkg 4C - Rajasthan),Power,Rajasthan,Kalpataru Power Transmission,POWERGRID,Ministry of Power,2019-07-19,1566.1,39.1,44.2,-5.1,1.154,0,0.275,0.171,85.7,1.15,0.554,26.6,72.1,0.41,0.0,24,on_track,0
JJM-RAJ-DES-PKG-04D,Jal Jeevan Mission Maru Desert Pipeline Network (Pkg 4D - Rajasthan),Water,Rajasthan,NCC Limited,PHED Rajasthan,Ministry of Jal Shakti,2019-07-21,2296.1,20.6,39.8,-19.2,1.365,12,0.296,0.193,65.4,1.74,0.603,32.4,69.9,0.293,0.0,329,delayed,2
HPCL-RAJ-REF-PKG-05E,Rajasthan Refinery Project Pachpadra (HRRL) (Pkg 5E - Rajasthan),Power,Rajasthan,L&T & Engineers India Ltd.,HPCL / HRRL,Ministry of Petroleum,2019-07-22,4087.5,51.8,63.2,-11.4,1.245,12,0.314,0.224,98.1,1.25,0.666,13.9,61.2,0.281,0.0,69,at_risk,1
PGCIL-RAJ-SOL-PKG-05F,Bhadla-Bikaner Ultra Mega Solar Power Grid (Pkg 5F - Rajasthan),Power,Rajasthan,Kalpataru Power Transmission,POWERGRID,Ministry of Power,2019-07-22,1551.9,50.7,60.9,-10.2,1.294,6,0.309,0.211,83.0,1.46,0.558,29.9,67.5,0.378,0.0,55,at_risk,1
JJM-RAJ-DES-PKG-05G,Jal Jeevan Mission Maru Desert Pipeline Network (Pkg 5G - Rajasthan),Water,Rajasthan,NCC Limited,PHED Rajasthan,Ministry of Jal Shakti,2019-07-23,5049.8,31.0,48.3,-17.3,1.19,6,0.372,0.103,95.4,1.05,0.752,35.1,67.2,0.317,0.0,86,at_risk,1
HPCL-RAJ-REF-PKG-06H,Rajasthan Refinery Project Pachpadra (HRRL) (Pkg 6H - Rajasthan),Power,Rajasthan,L&T & Engineers India Ltd.,HPCL / HRRL,Ministry of Petroleum,2019-07-23,4381.8,25.1,42.1,-17.0,1.514,36,0.27,0.159,83.0,1.95,0.586,32.4,66.4,0.379,0.0,132,delayed,2
PGCIL-RAJ-SOL-PKG-06A,Bhadla-Bikaner Ultra Mega Solar Power Grid (Pkg 6A - Rajasthan),Power,Rajasthan,Kalpataru Power Transmission,POWERGRID,Ministry of Power,2019-07-25,3751.7,69.6,82.2,-12.6,1.112,6,0.221,0.224,60.7,1.1,0.764,24.8,58.0,0.467,0.0,31,at_risk,1
JJM-RAJ-DES-PKG-06B,Jal Jeevan Mission Maru Desert Pipeline Network (Pkg 6B - Rajasthan),Water,Rajasthan,NCC Limited,PHED Rajasthan,Ministry of Jal Shakti,2019-07-27,4582.5,92.4,91.5,0.9,0.921,0,0.344,0.271,41.1,1.27,0.669,35.6,59.6,0.223,0.0,15,on_track,0
HPCL-RAJ-REF-PKG-07C,Rajasthan Refinery Project Pachpadra (HRRL) (Pkg 7C - Rajasthan),Power,Rajasthan,L&T & Engineers India Ltd.,HPCL / HRRL,Ministry of Petroleum,2019-08-02,812.3,57.4,68.7,-11.3,1.23,6,0.365,0.318,44.5,0.9,0.646,19.6,68.0,0.376,0.0,61,at_risk,1
PGCIL-RAJ-SOL-PKG-07D,Bhadla-Bikaner Ultra Mega Solar Power Grid (Pkg 7D - Rajasthan),Power,Rajasthan,Kalpataru Power Transmission,POWERGRID,Ministry of Power,2019-08-05,5054.6,72.7,78.6,-5.9,1.184,0,0.306,0.194,92.6,2.15,0.571,15.5,64.6,0.391,0.0,62,at_risk,1
JJM-RAJ-DES-PKG-07E,Jal Jeevan Mission Maru Desert Pipeline Network (Pkg 7E - Rajasthan),Water,Rajasthan,NCC Limited,PHED Rajasthan,Ministry of Jal Shakti,2019-08-05,798.2,31.1,45.0,-13.9,1.555,18,0.285,0.18,79.4,0.89,0.796,24.9,62.9,0.279,0.0,442,delayed,2
HPCL-RAJ-REF-PKG-08F,Rajasthan Refinery Project Pachpadra (HRRL) (Pkg 8F - Rajasthan),Power,Rajasthan,L&T & Engineers India Ltd.,HPCL / HRRL,Ministry of Petroleum,2019-08-08,4570.4,30.8,58.2,-27.4,1.831,12,0.344,0.178,67.7,1.12,0.534,18.0,60.3,0.369,0.0,329,delayed,2
PGCIL-RAJ-SOL-PKG-08G,Bhadla-Bikaner Ultra Mega Solar Power Grid (Pkg 8G - Rajasthan),Power,Rajasthan,Kalpataru Power Transmission,POWERGRID,Ministry of Power,2019-08-09,2545.4,86.3,91.6,-5.3,1.121,12,0.253,0.211,93.7,1.35,0.558,16.3,60.6,0.417,0.0,72,at_risk,1
JJM-RAJ-DES-PKG-08H,Jal Jeevan Mission Maru Desert Pipeline Network (Pkg 8H - Rajasthan),Water,Rajasthan,NCC Limited,PHED Rajasthan,Ministry of Jal Shakti,2019-08-11,4696.0,16.9,39.1,-22.2,1.422,36,0.303,0.209,67.6,1.75,0.73,46.8,56.1,0.345,0.0,481,delayed,2
HPCL-RAJ-REF-PKG-09A,Rajasthan Refinery Project Pachpadra (HRRL) (Pkg 9A - Rajasthan),Power,Rajasthan,L&T & Engineers India Ltd.,HPCL / HRRL,Ministry of Petroleum,2019-08-11,2298.7,28.7,39.0,-10.3,1.217,2,0.249,0.212,48.4,1.01,0.522,26.3,63.0,0.367,0.0,78,at_risk,1
PGCIL-RAJ-SOL-PKG-09B,Bhadla-Bikaner Ultra Mega Solar Power Grid (Pkg 9B - Rajasthan),Power,Rajasthan,Kalpataru Power Transmission,POWERGRID,Ministry of Power,2019-08-12,2842.0,60.3,72.2,-11.9,1.129,2,0.313,0.13,33.2,2.12,0.56,33.1,57.9,0.291,0.0,36,at_risk,1
JJM-RAJ-DES-PKG-09C,Jal Jeevan Mission Maru Desert Pipeline Network (Pkg 9C - Rajasthan),Water,Rajasthan,NCC Limited,PHED Rajasthan,Ministry of Jal Shakti,2019-08-12,2716.9,72.5,76.9,-4.4,1.084,12,0.337,0.269,97.3,1.98,0.592,48.1,56.2,0.275,0.0,88,at_risk,1
HPCL-RAJ-REF-PKG-10D,Rajasthan Refinery Project Pachpadra (HRRL) (Pkg 10D - Rajasthan),Power,Rajasthan,L&T & Engineers India Ltd.,HPCL / HRRL,Ministry of Petroleum,2019-08-13,2760.8,48.5,51.8,-3.3,1.309,0,0.23,0.189,99.7,1.79,0.624,13.6,56.7,0.322,0.0,61,at_risk,1
PGCIL-RAJ-SOL-PKG-10E,Bhadla-Bikaner Ultra Mega Solar Power Grid (Pkg 10E - Rajasthan),Power,Rajasthan,Kalpataru Power Transmission,POWERGRID,Ministry of Power,2019-08-14,2356.5,81.7,82.4,-0.7,0.961,0,0.241,0.288,69.5,0.75,0.717,31.4,72.5,0.235,0.0,5,on_track,0
JJM-RAJ-DES-PKG-10F,Jal Jeevan Mission Maru Desert Pipeline Network (Pkg 10F - Rajasthan),Water,Rajasthan,NCC Limited,PHED Rajasthan,Ministry of Jal Shakti,2019-08-15,2810.5,46.5,50.3,-3.8,1.033,6,0.278,0.135,50.4,1.88,0.69,40.4,71.2,0.33,0.0,16,on_track,0
HPCL-RAJ-REF-PKG-11G,Rajasthan Refinery Project Pachpadra (HRRL) (Pkg 11G - Rajasthan),Power,Rajasthan,L&T & Engineers India Ltd.,HPCL / HRRL,Ministry of Petroleum,2019-08-16,1375.5,72.6,85.5,-12.9,1.152,6,0.323,0.239,46.2,2.05,0.75,18.8,56.9,0.421,0.0,50,at_risk,1
PGCIL-RAJ-SOL-PKG-11H,Bhadla-Bikaner Ultra Mega Solar Power Grid (Pkg 11H - Rajasthan),Power,Rajasthan,Kalpataru Power Transmission,POWERGRID,Ministry of Power,2019-08-22,4045.6,88.2,84.5,3.7,0.96,2,0.315,0.217,85.8,1.99,0.593,20.1,71.9,0.481,0.0,23,on_track,0
JJM-RAJ-DES-PKG-11A,Jal Jeevan Mission Maru Desert Pipeline Network (Pkg 11A - Rajasthan),Water,Rajasthan,NCC Limited,PHED Rajasthan,Ministry of Jal Shakti,2019-08-25,2643.8,60.2,74.1,-13.9,1.515,12,0.321,0.127,93.7,2.14,0.624,57.2,70.5,0.263,0.0,198,delayed,2
HPCL-RAJ-REF-PKG-12B,Rajasthan Refinery Project Pachpadra (HRRL) (Pkg 12B - Rajasthan),Power,Rajasthan,L&T & Engineers India Ltd.,HPCL / HRRL,Ministry of Petroleum,2019-08-25,4501.9,75.7,84.3,-8.6,1.028,6,0.266,0.233,55.9,0.91,0.623,26.9,55.2,0.25,0.0,17,on_track,0
PGCIL-RAJ-SOL-PKG-12C,Bhadla-Bikaner Ultra Mega Solar Power Grid (Pkg 12C - Rajasthan),Power,Rajasthan,Kalpataru Power Transmission,POWERGRID,Ministry of Power,2019-08-29,3184.1,52.8,56.3,-3.5,1.006,0,0.302,0.185,35.6,1.82,0.68,34.3,55.2,0.351,0.0,17,on_track,0
JJM-RAJ-DES-PKG-12D,Jal Jeevan Mission Maru Desert Pipeline Network (Pkg 12D - Rajasthan),Water,Rajasthan,NCC Limited,PHED Rajasthan,Ministry of Jal Shakti,2019-08-30,2863.5,75.5,85.0,-9.5,1.173,24,0.296,0.265,56.4,2.0,0.621,29.6,62.9,0.333,0.0,56,at_risk,1
HPCL-RAJ-REF-PKG-13E,Rajasthan Refinery Project Pachpadra (HRRL) (Pkg 13E - Rajasthan),Power,Rajasthan,L&T & Engineers India Ltd.,HPCL / HRRL,Ministry of Petroleum,2019-08-31,2469.9,82.6,83.0,-0.4,0.933,0,0.309,0.207,60.0,0.84,0.788,16.1,64.1,0.36,0.0,10,on_track,0
PGCIL-RAJ-SOL-PKG-13F,Bhadla-Bikaner Ultra Mega Solar Power Grid (Pkg 13F - Rajasthan),Power,Rajasthan,Kalpataru Power Transmission,POWERGRID,Ministry of Power,2019-09-01,394.4,46.8,51.6,-4.8,1.14,2,0.257,0.143,63.8,1.36,0.682,14.2,74.5,0.356,0.0,50,at_risk,1
JJM-RAJ-DES-PKG-13G,Jal Jeevan Mission Maru Desert Pipeline Network (Pkg 13G - Rajasthan),Water,Rajasthan,NCC Limited,PHED Rajasthan,Ministry of Jal Shakti,2019-09-02,1013.7,13.1,31.1,-18.0,1.717,0,0.211,0.224,71.3,0.89,0.552,34.0,59.9,0.382,0.0,385,delayed,2
HPCL-RAJ-REF-PKG-14H,Rajasthan Refinery Project Pachpadra (HRRL) (Pkg 14H - Rajasthan),Power,Rajasthan,L&T & Engineers India Ltd.,HPCL / HRRL,Ministry of Petroleum,2019-09-02,763.2,73.9,76.4,-2.5,1.089,0,0.329,0.265,47.2,1.76,0.555,28.2,65.4,0.389,0.0,10,on_track,0
PGCIL-RAJ-SOL-PKG-14A,Bhadla-Bikaner Ultra Mega Solar Power Grid (Pkg 14A - Rajasthan),Power,Rajasthan,Kalpataru Power Transmission,POWERGRID,Ministry of Power,2019-09-05,739.0,26.0,34.2,-8.2,1.206,2,0.322,0.223,71.4,1.48,0.613,29.2,73.8,0.338,0.0,83,at_risk,1
JJM-RAJ-DES-PKG-14B,Jal Jeevan Mission Maru Desert Pipeline Network (Pkg 14B - Rajasthan),Water,Rajasthan,NCC Limited,PHED Rajasthan,Ministry of Jal Shakti,2019-09-05,3632.0,57.6,73.6,-16.0,1.399,12,0.31,0.191,41.1,0.68,0.747,25.6,70.7,0.251,0.0,413,delayed,2
HPCL-RAJ-REF-PKG-15C,Rajasthan Refinery Project Pachpadra (HRRL) (Pkg 15C - Rajasthan),Power,Rajasthan,L&T & Engineers India Ltd.,HPCL / HRRL,Ministry of Petroleum,2019-09-09,1147.1,89.8,91.9,-2.1,1.093,0,0.229,0.266,89.9,2.01,0.696,24.7,66.6,0.394,0.0,17,on_track,0
PGCIL-RAJ-SOL-PKG-15D,Bhadla-Bikaner Ultra Mega Solar Power Grid (Pkg 15D - Rajasthan),Power,Rajasthan,Kalpataru Power Transmission,POWERGRID,Ministry of Power,2019-09-09,2430.6,33.1,34.5,-1.4,0.904,2,0.282,0.16,56.1,1.87,0.505,22.7,55.8,0.443,0.0,17,on_track,0
JJM-RAJ-DES-PKG-15E,Jal Jeevan Mission Maru Desert Pipeline Network (Pkg 15E - Rajasthan),Water,Rajasthan,NCC Limited,PHED Rajasthan,Ministry of Jal Shakti,2019-09-09,1976.3,48.9,57.5,-8.6,0.9,0,0.32,0.207,70.6,2.13,0.678,48.4,68.0,0.22,0.0,5,on_track,0
HPCL-RAJ-REF-PKG-16F,Rajasthan Refinery Project Pachpadra (HRRL) (Pkg 16F - Rajasthan),Power,Rajasthan,L&T & Engineers India Ltd.,HPCL / HRRL,Ministry of Petroleum,2019-09-10,3457.2,74.7,80.7,-6.0,1.057,2,0.377,0.167,54.6,0.98,0.545,32.6,57.3,0.473,0.0,2,on_track,0
PGCIL-RAJ-SOL-PKG-16G,Bhadla-Bikaner Ultra Mega Solar Power Grid (Pkg 16G - Rajasthan),Power,Rajasthan,Kalpataru Power Transmission,POWERGRID,Ministry of Power,2019-09-10,5073.0,41.6,53.1,-11.5,1.592,2,0.24,0.224,38.6,0.71,0.688,19.2,61.4,0.344,0.0,104,delayed,2
JJM-RAJ-DES-PKG-16H,Jal Jeevan Mission Maru Desert Pipeline Network (Pkg 16H - Rajasthan),Water,Rajasthan,NCC Limited,PHED Rajasthan,Ministry of Jal Shakti,2019-09-15,1658.9,93.4,91.1,2.3,1.007,2,0.354,0.155,76.3,1.63,0.641,46.1,62.7,0.394,0.0,21,on_track,0
HPCL-RAJ-REF-PKG-17A,Rajasthan Refinery Project Pachpadra (HRRL) (Pkg 17A - Rajasthan),Power,Rajasthan,L&T & Engineers India Ltd.,HPCL / HRRL,Ministry of Petroleum,2019-09-17,5066.6,81.1,82.4,-1.3,1.063,2,0.22,0.216,38.0,0.85,0.623,33.4,68.9,0.361,0.0,12,on_track,0
PGCIL-RAJ-SOL-PKG-17B,Bhadla-Bikaner Ultra Mega Solar Power Grid (Pkg 17B - Rajasthan),Power,Rajasthan,Kalpataru Power Transmission,POWERGRID,Ministry of Power,2019-09-18,1482.6,66.7,77.0,-10.3,1.123,18,0.333,0.246,66.7,1.59,0.652,19.8,74.9,0.29,0.0,76,at_risk,1
JJM-RAJ-DES-PKG-17C,Jal Jeevan Mission Maru Desert Pipeline Network (Pkg 17C - Rajasthan),Water,Rajasthan,NCC Limited,PHED Rajasthan,Ministry of Jal Shakti,2019-09-20,4915.4,61.9,67.6,-5.7,0.99,6,0.281,0.158,41.5,1.46,0.614,54.3,60.4,0.313,0.0,22,on_track,0
HPCL-RAJ-REF-PKG-18D,Rajasthan Refinery Project Pachpadra (HRRL) (Pkg 18D - Rajasthan),Power,Rajasthan,L&T & Engineers India Ltd.,HPCL / HRRL,Ministry of Petroleum,2019-09-20,3864.3,25.3,36.4,-11.1,1.109,6,0.283,0.26,60.6,1.66,0.612,17.2,56.1,0.438,0.0,88,at_risk,1
PGCIL-RAJ-SOL-PKG-18E,Bhadla-Bikaner Ultra Mega Solar Power Grid (Pkg 18E - Rajasthan),Power,Rajasthan,Kalpataru Power Transmission,POWERGRID,Ministry of Power,2019-09-22,2482.1,66.4,66.3,0.1,0.918,6,0.245,0.179,44.8,0.94,0.455,32.8,64.4,0.296,0.0,25,on_track,0
JJM-RAJ-DES-PKG-18F,Jal Jeevan Mission Maru Desert Pipeline Network (Pkg 18F - Rajasthan),Water,Rajasthan,NCC Limited,PHED Rajasthan,Ministry of Jal Shakti,2019-09-24,639.8,72.7,76.8,-4.1,1.217,24,0.279,0.183,70.7,1.91,0.669,57.1,63.5,0.461,0.0,55,at_risk,1
HPCL-RAJ-REF-PKG-19G,Rajasthan Refinery Project Pachpadra (HRRL) (Pkg 19G - Rajasthan),Power,Rajasthan,L&T & Engineers India Ltd.,HPCL / HRRL,Ministry of Petroleum,2019-09-24,970.1,32.8,39.7,-6.9,1.047,0,0.283,0.11,55.3,0.68,0.614,22.3,74.1,0.372,0.0,57,at_risk,1
PGCIL-RAJ-SOL-PKG-19H,Bhadla-Bikaner Ultra Mega Solar Power Grid (Pkg 19H - Rajasthan),Power,Rajasthan,Kalpataru Power Transmission,POWERGRID,Ministry of Power,2019-09-25,1867.6,92.2,88.6,3.6,1.116,2,0.338,0.199,98.4,2.12,0.747,16.3,62.2,0.346,0.0,26,on_track,0
JJM-RAJ-DES-PKG-19A,Jal Jeevan Mission Maru Desert Pipeline Network (Pkg 19A - Rajasthan),Water,Rajasthan,NCC Limited,PHED Rajasthan,Ministry of Jal Shakti,2019-09-25,987.5,17.1,32.8,-15.7,1.526,2,0.321,0.154,66.2,0.7,0.791,54.5,70.3,0.34,0.0,220,delayed,2
HPCL-RAJ-REF-PKG-20B,Rajasthan Refinery Project Pachpadra (HRRL) (Pkg 20B - Rajasthan),Power,Rajasthan,L&T & Engineers India Ltd.,HPCL / HRRL,Ministry of Petroleum,2019-09-27,4957.4,53.3,59.8,-6.5,1.142,0,0.321,0.251,99.9,1.81,0.508,22.5,67.3,0.257,0.0,64,at_risk,1
PGCIL-RAJ-SOL-PKG-20C,Bhadla-Bikaner Ultra Mega Solar Power Grid (Pkg 20C - Rajasthan),Power,Rajasthan,Kalpataru Power Transmission,POWERGRID,Ministry of Power,2019-09-28,2699.1,39.5,39.4,0.1,1.121,6,0.313,0.202,35.9,1.26,0.587,31.7,65.3,0.433,0.0,42,at_risk,1
JJM-RAJ-DES-PKG-20D,Jal Jeevan Mission Maru Desert Pipeline Network (Pkg 20D - Rajasthan),Water,Rajasthan,NCC Limited,PHED Rajasthan,Ministry of Jal Shakti,2019-09-29,4438.8,58.2,70.0,-11.8,1.322,6,0.32,0.233,63.7,1.68,0.77,55.2,56.6,0.395,0.0,63,at_risk,1
IRCON-SEV-RNG-PKG-01A,Sevoke-Rangpo Railway Tunnel Link (45 km) (Pkg 1A - Sikkim),Railways,Sikkim,IRCON International,IRCON / NF Railway,Ministry of Railways,2019-09-29,1362.5,26.0,41.1,-15.1,0.995,0,0.943,0.983,81.1,1.89,0.773,38.8,68.0,0.447,0.0,62,at_risk,1
NHPC-TEE-VI-PKG-01B,Teesta-VI Hydroelectric Power Project (500 MW) (Pkg 1B - Sikkim),Power,Sikkim,Jaiprakash Associates,NHPC,Ministry of Power,2019-09-30,5014.9,72.0,86.7,-14.7,1.528,6,0.917,0.921,81.5,1.91,0.531,14.3,55.6,0.36,0.0,342,delayed,2
IRCON-SEV-RNG-PKG-02C,Sevoke-Rangpo Railway Tunnel Link (45 km) (Pkg 2C - Sikkim),Railways,Sikkim,IRCON International,IRCON / NF Railway,Ministry of Railways,2019-10-04,4265.2,8.7,31.6,-22.9,1.649,0,0.923,0.752,42.8,1.86,0.731,58.5,59.0,0.445,0.0,369,delayed,2
NHPC-TEE-VI-PKG-02D,Teesta-VI Hydroelectric Power Project (500 MW) (Pkg 2D - Sikkim),Power,Sikkim,Jaiprakash Associates,NHPC,Ministry of Power,2019-10-05,1469.7,70.4,73.8,-3.4,1.114,2,0.99,0.895,65.4,0.75,0.637,17.1,73.4,0.434,0.0,78,at_risk,1
IRCON-SEV-RNG-PKG-03E,Sevoke-Rangpo Railway Tunnel Link (45 km) (Pkg 3E - Sikkim),Railways,Sikkim,IRCON International,IRCON / NF Railway,Ministry of Railways,2019-10-07,2478.7,47.5,63.2,-15.7,1.358,0,0.971,0.939,44.4,1.75,0.764,66.0,56.8,0.346,0.0,221,delayed,2
NHPC-TEE-VI-PKG-03F,Teesta-VI Hydroelectric Power Project (500 MW) (Pkg 3F - Sikkim),Power,Sikkim,Jaiprakash Associates,NHPC,Ministry of Power,2019-10-07,4946.3,66.2,78.9,-12.7,1.305,2,0.935,0.647,55.4,1.6,0.561,34.2,72.6,0.318,0.0,54,at_risk,1
IRCON-SEV-RNG-PKG-04G,Sevoke-Rangpo Railway Tunnel Link (45 km) (Pkg 4G - Sikkim),Railways,Sikkim,IRCON International,IRCON / NF Railway,Ministry of Railways,2019-10-09,632.5,87.0,94.4,-7.4,1.308,6,0.944,0.896,88.0,1.88,0.829,65.8,72.7,0.395,0.0,89,at_risk,1
NHPC-TEE-VI-PKG-04H,Teesta-VI Hydroelectric Power Project (500 MW) (Pkg 4H - Sikkim),Power,Sikkim,Jaiprakash Associates,NHPC,Ministry of Power,2019-10-12,3264.0,32.1,41.7,-9.6,1.156,6,0.943,0.856,58.5,1.47,0.78,28.8,65.1,0.298,0.0,42,at_risk,1
IRCON-SEV-RNG-PKG-05A,Sevoke-Rangpo Railway Tunnel Link (45 km) (Pkg 5A - Sikkim),Railways,Sikkim,IRCON International,IRCON / NF Railway,Ministry of Railways,2019-10-13,1836.5,73.2,86.9,-13.7,1.348,2,0.907,0.851,32.2,0.82,0.785,50.0,66.0,0.374,0.0,291,delayed,2
NHPC-TEE-VI-PKG-05B,Teesta-VI Hydroelectric Power Project (500 MW) (Pkg 5B - Sikkim),Power,Sikkim,Jaiprakash Associates,NHPC,Ministry of Power,2019-10-14,2036.8,28.9,42.8,-13.9,1.299,6,0.948,0.818,31.7,2.05,0.571,21.5,56.4,0.354,0.0,60,at_risk,1
IRCON-SEV-RNG-PKG-06C,Sevoke-Rangpo Railway Tunnel Link (45 km) (Pkg 6C - Sikkim),Railways,Sikkim,IRCON International,IRCON / NF Railway,Ministry of Railways,2019-10-15,3485.5,72.0,75.2,-3.2,0.85,0,0.973,0.837,78.9,2.13,0.736,66.9,69.1,0.45,0.0,29,on_track,0
NHPC-TEE-VI-PKG-06D,Teesta-VI Hydroelectric Power Project (500 MW) (Pkg 6D - Sikkim),Power,Sikkim,Jaiprakash Associates,NHPC,Ministry of Power,2019-10-17,5067.1,49.7,64.5,-14.8,1.144,0,0.895,0.907,45.0,1.68,0.689,33.0,68.4,0.49,0.0,87,at_risk,1
IRCON-SEV-RNG-PKG-07E,Sevoke-Rangpo Railway Tunnel Link (45 km) (Pkg 7E - Sikkim),Railways,Sikkim,IRCON International,IRCON / NF Railway,Ministry of Railways,2019-10-22,1541.4,58.0,69.6,-11.6,1.224,12,0.941,0.766,82.1,1.57,0.784,43.1,65.8,0.426,0.0,35,at_risk,1
NHPC-TEE-VI-PKG-07F,Teesta-VI Hydroelectric Power Project (500 MW) (Pkg 7F - Sikkim),Power,Sikkim,Jaiprakash Associates,NHPC,Ministry of Power,2019-10-23,4150.4,78.5,86.6,-8.1,0.942,2,0.955,0.775,70.9,1.59,0.747,31.8,67.4,0.324,0.0,10,on_track,0
IRCON-SEV-RNG-PKG-08G,Sevoke-Rangpo Railway Tunnel Link (45 km) (Pkg 8G - Sikkim),Railways,Sikkim,IRCON International,IRCON / NF Railway,Ministry of Railways,2019-10-25,2811.5,69.4,88.6,-19.2,1.679,18,0.918,0.841,32.7,2.13,0.545,64.8,68.3,0.358,0.0,336,delayed,2
NHPC-TEE-VI-PKG-08H,Teesta-VI Hydroelectric Power Project (500 MW) (Pkg 8H - Sikkim),Power,Sikkim,Jaiprakash Associates,NHPC,Ministry of Power,2019-10-27,2367.3,42.2,54.5,-12.3,1.13,18,0.96,0.846,65.5,1.72,0.729,18.4,74.6,0.321,0.0,65,at_risk,1
IRCON-SEV-RNG-PKG-09A,Sevoke-Rangpo Railway Tunnel Link (45 km) (Pkg 9A - Sikkim),Railways,Sikkim,IRCON International,IRCON / NF Railway,Ministry of Railways,2019-10-28,2354.8,75.7,84.6,-8.9,1.218,0,0.876,0.835,91.3,1.45,0.752,26.7,69.6,0.265,0.0,78,at_risk,1
NHPC-TEE-VI-PKG-09B,Teesta-VI Hydroelectric Power Project (500 MW) (Pkg 9B - Sikkim),Power,Sikkim,Jaiprakash Associates,NHPC,Ministry of Power,2019-10-29,3858.7,34.5,53.0,-18.5,1.347,12,0.988,0.855,91.4,1.76,0.681,19.2,65.5,0.346,0.0,296,delayed,2
IRCON-SEV-RNG-PKG-10C,Sevoke-Rangpo Railway Tunnel Link (45 km) (Pkg 10C - Sikkim),Railways,Sikkim,IRCON International,IRCON / NF Railway,Ministry of Railways,2019-10-30,4886.4,8.8,33.4,-24.6,1.553,2,0.969,0.935,45.6,1.13,0.884,34.6,69.0,0.506,0.0,455,delayed,2
NHPC-TEE-VI-PKG-10D,Teesta-VI Hydroelectric Power Project (500 MW) (Pkg 10D - Sikkim),Power,Sikkim,Jaiprakash Associates,NHPC,Ministry of Power,2019-11-01,1265.0,64.5,77.1,-12.6,1.129,0,0.899,0.868,75.9,1.88,0.632,34.2,62.1,0.322,0.0,58,at_risk,1
IRCON-SEV-RNG-PKG-11E,Sevoke-Rangpo Railway Tunnel Link (45 km) (Pkg 11E - Sikkim),Railways,Sikkim,IRCON International,IRCON / NF Railway,Ministry of Railways,2019-11-01,1333.2,50.5,57.3,-6.8,1.207,0,0.961,0.787,91.4,0.81,0.814,28.9,55.6,0.458,0.0,80,at_risk,1
NHPC-TEE-VI-PKG-11F,Teesta-VI Hydroelectric Power Project (500 MW) (Pkg 11F - Sikkim),Power,Sikkim,Jaiprakash Associates,NHPC,Ministry of Power,2019-11-01,3615.0,30.2,42.3,-12.1,1.164,2,0.928,0.886,92.6,1.99,0.676,21.6,63.8,0.36,0.0,87,at_risk,1
NPCIL-KUD-NUC-PKG-01A,Kudankulam Nuclear Power Plant Units 3-6 (Pkg 1A - Tamil Nadu),Power,Tamil Nadu,L&T Construction,NPCIL,Department of Atomic Energy,2019-11-02,1751.3,77.0,76.6,0.4,0.947,6,0.4,0.641,77.0,1.21,0.777,32.3,70.0,0.282,0.0,5,on_track,0
CMRL-PH2-COR-PKG-01B,Chennai Metro Phase II (Madhavaram-SIPCOT Line 3) (Pkg 1B - Tamil Nadu),Urban Development,Tamil Nadu,Tata Projects,CMRL,MoHUA / Tamil Nadu,2019-11-03,4029.2,47.2,64.1,-16.9,1.228,6,0.442,0.637,52.7,1.45,0.632,26.3,63.9,0.547,0.0,432,delayed,2
VOCPT-TUT-HAR-PKG-01C,Tuticorin Port Outer Harbour Container Terminal (Pkg 1C - Tamil Nadu),Highways,Tamil Nadu,Adani Ports,V.O. Chidambaranar Port,Ministry of Ports,2019-11-03,3391.9,20.4,30.2,-9.8,1.202,6,0.425,0.638,56.6,0.94,0.646,28.2,70.2,0.484,0.0,86,at_risk,1
NPCIL-KUD-NUC-PKG-02D,Kudankulam Nuclear Power Plant Units 3-6 (Pkg 2D - Tamil Nadu),Power,Tamil Nadu,L&T Construction,NPCIL,Department of Atomic Energy,2019-11-11,3146.6,44.9,46.3,-1.4,0.985,0,0.357,0.621,62.9,2.1,0.61,14.9,69.4,0.392,0.0,24,on_track,0
CMRL-PH2-COR-PKG-02E,Chennai Metro Phase II (Madhavaram-SIPCOT Line 3) (Pkg 2E - Tamil Nadu),Urban Development,Tamil Nadu,Tata Projects,CMRL,MoHUA / Tamil Nadu,2019-11-13,3082.4,41.0,46.7,-5.7,1.324,6,0.415,0.638,54.7,1.92,0.543,25.3,65.8,0.544,0.0,78,at_risk,1
VOCPT-TUT-HAR-PKG-02F,Tuticorin Port Outer Harbour Container Terminal (Pkg 2F - Tamil Nadu),Highways,Tamil Nadu,Adani Ports,V.O. Chidambaranar Port,Ministry of Ports,2019-11-18,4254.3,70.2,68.6,1.6,1.142,2,0.414,0.587,97.2,0.79,0.784,54.7,68.7,0.496,0.0,53,at_risk,1
NPCIL-KUD-NUC-PKG-03G,Kudankulam Nuclear Power Plant Units 3-6 (Pkg 3G - Tamil Nadu),Power,Tamil Nadu,L&T Construction,NPCIL,Department of Atomic Energy,2019-11-19,3878.8,21.1,32.5,-11.4,1.073,0,0.493,0.62,32.7,0.86,0.582,18.8,60.7,0.483,0.0,72,at_risk,1
CMRL-PH2-COR-PKG-03H,Chennai Metro Phase II (Madhavaram-SIPCOT Line 3) (Pkg 3H - Tamil Nadu),Urban Development,Tamil Nadu,Tata Projects,CMRL,MoHUA / Tamil Nadu,2019-11-20,2887.5,78.5,77.8,0.7,1.077,2,0.477,0.634,35.8,1.1,0.658,24.5,65.9,0.559,0.0,5,on_track,0
VOCPT-TUT-HAR-PKG-03A,Tuticorin Port Outer Harbour Container Terminal (Pkg 3A - Tamil Nadu),Highways,Tamil Nadu,Adani Ports,V.O. Chidambaranar Port,Ministry of Ports,2019-11-21,3882.5,73.8,75.6,-1.8,1.137,2,0.353,0.559,89.7,1.25,0.7,34.1,56.2,0.457,0.0,21,on_track,0
NPCIL-KUD-NUC-PKG-04B,Kudankulam Nuclear Power Plant Units 3-6 (Pkg 4B - Tamil Nadu),Power,Tamil Nadu,L&T Construction,NPCIL,Department of Atomic Energy,2019-11-22,4854.2,39.9,52.0,-12.1,1.32,6,0.448,0.642,46.4,1.23,0.722,24.3,57.9,0.355,0.0,32,at_risk,1
CMRL-PH2-COR-PKG-04C,Chennai Metro Phase II (Madhavaram-SIPCOT Line 3) (Pkg 4C - Tamil Nadu),Urban Development,Tamil Nadu,Tata Projects,CMRL,MoHUA / Tamil Nadu,2019-11-26,4613.9,77.9,87.5,-9.6,1.128,6,0.387,0.609,42.6,0.76,0.608,17.9,63.5,0.572,0.0,68,at_risk,1
VOCPT-TUT-HAR-PKG-04D,Tuticorin Port Outer Harbour Container Terminal (Pkg 4D - Tamil Nadu),Highways,Tamil Nadu,Adani Ports,V.O. Chidambaranar Port,Ministry of Ports,2019-11-27,1500.3,66.1,68.2,-2.1,1.033,0,0.335,0.592,83.3,1.94,0.853,43.5,74.5,0.337,0.0,5,on_track,0
NPCIL-KUD-NUC-PKG-05E,Kudankulam Nuclear Power Plant Units 3-6 (Pkg 5E - Tamil Nadu),Power,Tamil Nadu,L&T Construction,NPCIL,Department of Atomic Energy,2019-11-28,5176.0,30.0,33.7,-3.7,1.008,0,0.375,0.579,63.2,0.76,0.597,19.6,56.1,0.329,0.0,19,on_track,0
CMRL-PH2-COR-PKG-05F,Chennai Metro Phase II (Madhavaram-SIPCOT Line 3) (Pkg 5F - Tamil Nadu),Urban Development,Tamil Nadu,Tata Projects,CMRL,MoHUA / Tamil Nadu,2019-11-30,2505.1,22.4,31.9,-9.5,1.089,2,0.394,0.704,56.7,0.8,0.64,31.2,65.5,0.651,0.0,88,at_risk,1
VOCPT-TUT-HAR-PKG-05G,Tuticorin Port Outer Harbour Container Terminal (Pkg 5G - Tamil Nadu),Highways,Tamil Nadu,Adani Ports,V.O. Chidambaranar Port,Ministry of Ports,2019-11-30,2937.4,71.1,71.5,-0.4,1.016,0,0.367,0.659,91.1,1.34,0.663,30.2,59.8,0.413,0.0,4,on_track,0
NPCIL-KUD-NUC-PKG-06H,Kudankulam Nuclear Power Plant Units 3-6 (Pkg 6H - Tamil Nadu),Power,Tamil Nadu,L&T Construction,NPCIL,Department of Atomic Energy,2019-12-01,1464.1,76.3,82.9,-6.6,1.12,0,0.357,0.626,70.8,1.6,0.764,29.9,69.6,0.392,0.0,85,at_risk,1
CMRL-PH2-COR-PKG-06A,Chennai Metro Phase II (Madhavaram-SIPCOT Line 3) (Pkg 6A - Tamil Nadu),Urban Development,Tamil Nadu,Tata Projects,CMRL,MoHUA / Tamil Nadu,2019-12-02,5051.3,32.0,50.6,-18.6,1.335,0,0.448,0.751,40.8,0.97,0.668,37.5,63.0,0.487,0.0,345,delayed,2
VOCPT-TUT-HAR-PKG-06B,Tuticorin Port Outer Harbour Container Terminal (Pkg 6B - Tamil Nadu),Highways,Tamil Nadu,Adani Ports,V.O. Chidambaranar Port,Ministry of Ports,2019-12-03,2631.3,65.2,76.2,-11.0,1.321,6,0.396,0.624,43.9,0.99,0.552,34.4,67.6,0.525,0.0,34,at_risk,1
NPCIL-KUD-NUC-PKG-07C,Kudankulam Nuclear Power Plant Units 3-6 (Pkg 7C - Tamil Nadu),Power,Tamil Nadu,L&T Construction,NPCIL,Department of Atomic Energy,2019-12-08,3292.4,53.3,73.0,-19.7,1.139,0,0.418,0.531,59.7,1.41,0.545,24.7,72.1,0.307,0.0,45,at_risk,1
CMRL-PH2-COR-PKG-07D,Chennai Metro Phase II (Madhavaram-SIPCOT Line 3) (Pkg 7D - Tamil Nadu),Urban Development,Tamil Nadu,Tata Projects,CMRL,MoHUA / Tamil Nadu,2019-12-09,2587.2,39.2,46.7,-7.5,1.279,0,0.463,0.604,64.1,1.36,0.558,30.7,63.7,0.468,0.0,48,at_risk,1
VOCPT-TUT-HAR-PKG-07E,Tuticorin Port Outer Harbour Container Terminal (Pkg 7E - Tamil Nadu),Highways,Tamil Nadu,Adani Ports,V.O. Chidambaranar Port,Ministry of Ports,2019-12-09,2170.1,83.5,92.4,-8.9,1.317,12,0.438,0.634,72.1,1.82,0.757,40.2,63.7,0.419,0.0,134,delayed,2
NPCIL-KUD-NUC-PKG-08F,Kudankulam Nuclear Power Plant Units 3-6 (Pkg 8F - Tamil Nadu),Power,Tamil Nadu,L&T Construction,NPCIL,Department of Atomic Energy,2019-12-10,3647.9,59.0,60.9,-1.9,1.182,2,0.471,0.693,40.3,1.73,0.832,13.5,57.9,0.297,0.0,64,at_risk,1
CMRL-PH2-COR-PKG-08G,Chennai Metro Phase II (Madhavaram-SIPCOT Line 3) (Pkg 8G - Tamil Nadu),Urban Development,Tamil Nadu,Tata Projects,CMRL,MoHUA / Tamil Nadu,2019-12-10,1977.8,58.3,72.7,-14.4,1.616,12,0.332,0.638,48.9,1.79,0.535,21.6,67.2,0.511,0.0,331,delayed,2
VOCPT-TUT-HAR-PKG-08H,Tuticorin Port Outer Harbour Container Terminal (Pkg 8H - Tamil Nadu),Highways,Tamil Nadu,Adani Ports,V.O. Chidambaranar Port,Ministry of Ports,2019-12-11,2369.3,46.7,53.1,-6.4,0.941,2,0.466,0.573,64.5,1.64,0.56,39.9,58.6,0.344,0.0,12,on_track,0
NPCIL-KUD-NUC-PKG-09A,Kudankulam Nuclear Power Plant Units 3-6 (Pkg 9A - Tamil Nadu),Power,Tamil Nadu,L&T Construction,NPCIL,Department of Atomic Energy,2019-12-11,1936.6,43.8,48.7,-4.9,0.889,6,0.427,0.59,69.6,1.0,0.556,17.4,73.4,0.388,0.0,25,on_track,0
CMRL-PH2-COR-PKG-09B,Chennai Metro Phase II (Madhavaram-SIPCOT Line 3) (Pkg 9B - Tamil Nadu),Urban Development,Tamil Nadu,Tata Projects,CMRL,MoHUA / Tamil Nadu,2019-12-12,4464.5,80.6,84.4,-3.8,1.059,0,0.449,0.576,33.7,1.57,0.568,38.0,57.9,0.589,0.0,6,on_track,0
VOCPT-TUT-HAR-PKG-09C,Tuticorin Port Outer Harbour Container Terminal (Pkg 9C - Tamil Nadu),Highways,Tamil Nadu,Adani Ports,V.O. Chidambaranar Port,Ministry of Ports,2019-12-12,625.6,87.4,92.3,-4.9,1.171,12,0.422,0.64,84.9,1.28,0.637,34.3,74.6,0.475,0.0,55,at_risk,1
NPCIL-KUD-NUC-PKG-10D,Kudankulam Nuclear Power Plant Units 3-6 (Pkg 10D - Tamil Nadu),Power,Tamil Nadu,L&T Construction,NPCIL,Department of Atomic Energy,2019-12-13,3731.3,51.8,64.2,-12.4,1.217,0,0.325,0.616,54.4,0.9,0.571,14.9,59.6,0.354,0.0,85,at_risk,1
CMRL-PH2-COR-PKG-10E,Chennai Metro Phase II (Madhavaram-SIPCOT Line 3) (Pkg 10E - Tamil Nadu),Urban Development,Tamil Nadu,Tata Projects,CMRL,MoHUA / Tamil Nadu,2019-12-14,3781.4,79.4,90.4,-11.0,1.062,2,0.364,0.677,39.5,1.75,0.461,38.0,56.4,0.572,0.0,62,at_risk,1
VOCPT-TUT-HAR-PKG-10F,Tuticorin Port Outer Harbour Container Terminal (Pkg 10F - Tamil Nadu),Highways,Tamil Nadu,Adani Ports,V.O. Chidambaranar Port,Ministry of Ports,2019-12-15,807.6,37.0,40.8,-3.8,0.989,6,0.482,0.623,92.8,0.88,0.779,24.8,59.6,0.452,0.0,21,on_track,0
NPCIL-KUD-NUC-PKG-11G,Kudankulam Nuclear Power Plant Units 3-6 (Pkg 11G - Tamil Nadu),Power,Tamil Nadu,L&T Construction,NPCIL,Department of Atomic Energy,2019-12-17,3273.7,33.1,35.8,-2.7,1.185,2,0.4,0.609,85.7,1.49,0.652,17.5,73.7,0.484,0.0,15,on_track,0
CMRL-PH2-COR-PKG-11H,Chennai Metro Phase II (Madhavaram-SIPCOT Line 3) (Pkg 11H - Tamil Nadu),Urban Development,Tamil Nadu,Tata Projects,CMRL,MoHUA / Tamil Nadu,2019-12-19,2526.7,61.2,72.3,-11.1,1.08,36,0.37,0.604,55.7,1.86,0.596,30.1,61.5,0.454,0.0,38,at_risk,1
VOCPT-TUT-HAR-PKG-11A,Tuticorin Port Outer Harbour Container Terminal (Pkg 11A - Tamil Nadu),Highways,Tamil Nadu,Adani Ports,V.O. Chidambaranar Port,Ministry of Ports,2019-12-20,3215.7,33.8,45.5,-11.7,0.95,6,0.331,0.667,73.1,2.0,0.825,32.6,65.0,0.432,0.0,48,at_risk,1
NPCIL-KUD-NUC-PKG-12B,Kudankulam Nuclear Power Plant Units 3-6 (Pkg 12B - Tamil Nadu),Power,Tamil Nadu,L&T Construction,NPCIL,Department of Atomic Energy,2019-12-22,859.7,47.0,77.0,-30.0,1.913,18,0.483,0.596,46.8,1.07,0.845,14.9,73.4,0.445,0.0,274,delayed,2
CMRL-PH2-COR-PKG-12C,Chennai Metro Phase II (Madhavaram-SIPCOT Line 3) (Pkg 12C - Tamil Nadu),Urban Development,Tamil Nadu,Tata Projects,CMRL,MoHUA / Tamil Nadu,2019-12-24,2617.8,63.1,65.8,-2.7,1.018,0,0.41,0.659,49.6,1.6,0.726,29.2,63.1,0.5,0.0,6,on_track,0
VOCPT-TUT-HAR-PKG-12D,Tuticorin Port Outer Harbour Container Terminal (Pkg 12D - Tamil Nadu),Highways,Tamil Nadu,Adani Ports,V.O. Chidambaranar Port,Ministry of Ports,2019-12-25,2008.8,48.9,49.7,-0.8,0.918,12,0.347,0.645,65.6,1.65,0.742,37.4,62.9,0.468,0.0,12,on_track,0
NPCIL-KUD-NUC-PKG-13E,Kudankulam Nuclear Power Plant Units 3-6 (Pkg 13E - Tamil Nadu),Power,Tamil Nadu,L&T Construction,NPCIL,Department of Atomic Energy,2019-12-25,1782.1,55.7,64.1,-8.4,0.94,6,0.399,0.576,34.9,0.97,0.676,21.3,61.7,0.47,0.0,20,on_track,0
CMRL-PH2-COR-PKG-13F,Chennai Metro Phase II (Madhavaram-SIPCOT Line 3) (Pkg 13F - Tamil Nadu),Urban Development,Tamil Nadu,Tata Projects,CMRL,MoHUA / Tamil Nadu,2019-12-26,2328.6,15.4,30.0,-14.6,1.525,24,0.349,0.643,74.9,1.61,0.532,19.3,66.1,0.59,0.0,265,delayed,2
VOCPT-TUT-HAR-PKG-13G,Tuticorin Port Outer Harbour Container Terminal (Pkg 13G - Tamil Nadu),Highways,Tamil Nadu,Adani Ports,V.O. Chidambaranar Port,Ministry of Ports,2019-12-29,512.6,46.9,54.3,-7.4,1.065,0,0.362,0.634,61.4,0.8,0.6,54.9,69.6,0.474,0.0,45,at_risk,1
NPCIL-KUD-NUC-PKG-14H,Kudankulam Nuclear Power Plant Units 3-6 (Pkg 14H - Tamil Nadu),Power,Tamil Nadu,L&T Construction,NPCIL,Department of Atomic Energy,2020-01-02,4969.4,66.0,67.8,-1.8,0.978,0,0.365,0.658,74.9,1.07,0.808,18.2,70.9,0.377,0.0,3,on_track,0
CMRL-PH2-COR-PKG-14A,Chennai Metro Phase II (Madhavaram-SIPCOT Line 3) (Pkg 14A - Tamil Nadu),Urban Development,Tamil Nadu,Tata Projects,CMRL,MoHUA / Tamil Nadu,2020-01-04,2005.3,84.2,92.5,-8.3,1.121,12,0.419,0.644,41.8,1.74,0.666,38.8,57.9,0.497,0.0,41,at_risk,1
VOCPT-TUT-HAR-PKG-14B,Tuticorin Port Outer Harbour Container Terminal (Pkg 14B - Tamil Nadu),Highways,Tamil Nadu,Adani Ports,V.O. Chidambaranar Port,Ministry of Ports,2020-01-06,4061.6,35.0,33.6,1.4,0.916,0,0.397,0.685,80.1,1.22,0.664,40.7,63.5,0.456,0.0,9,on_track,0
NPCIL-KUD-NUC-PKG-15C,Kudankulam Nuclear Power Plant Units 3-6 (Pkg 15C - Tamil Nadu),Power,Tamil Nadu,L&T Construction,NPCIL,Department of Atomic Energy,2020-01-06,3600.9,79.2,81.0,-1.8,1.106,2,0.402,0.626,41.8,1.36,0.562,20.5,67.1,0.352,0.0,9,on_track,0
CMRL-PH2-COR-PKG-15D,Chennai Metro Phase II (Madhavaram-SIPCOT Line 3) (Pkg 15D - Tamil Nadu),Urban Development,Tamil Nadu,Tata Projects,CMRL,MoHUA / Tamil Nadu,2020-01-09,2289.1,62.5,73.5,-11.0,1.267,0,0.398,0.629,37.3,2.14,0.457,19.0,72.1,0.496,0.0,37,at_risk,1
VOCPT-TUT-HAR-PKG-15E,Tuticorin Port Outer Harbour Container Terminal (Pkg 15E - Tamil Nadu),Highways,Tamil Nadu,Adani Ports,V.O. Chidambaranar Port,Ministry of Ports,2020-01-14,2616.0,40.2,43.4,-3.2,1.327,0,0.371,0.643,70.1,2.18,0.699,35.0,56.5,0.468,0.0,47,at_risk,1
NPCIL-KUD-NUC-PKG-16F,Kudankulam Nuclear Power Plant Units 3-6 (Pkg 16F - Tamil Nadu),Power,Tamil Nadu,L&T Construction,NPCIL,Department of Atomic Energy,2020-01-15,2794.1,86.3,91.9,-5.6,1.178,6,0.518,0.603,79.9,0.83,0.654,25.7,66.4,0.315,0.0,36,at_risk,1
CMRL-PH2-COR-PKG-16G,Chennai Metro Phase II (Madhavaram-SIPCOT Line 3) (Pkg 16G - Tamil Nadu),Urban Development,Tamil Nadu,Tata Projects,CMRL,MoHUA / Tamil Nadu,2020-01-17,399.3,78.4,75.7,2.7,1.011,0,0.333,0.611,92.0,2.13,0.492,36.4,74.0,0.552,0.0,6,on_track,0
VOCPT-TUT-HAR-PKG-16H,Tuticorin Port Outer Harbour Container Terminal (Pkg 16H - Tamil Nadu),Highways,Tamil Nadu,Adani Ports,V.O. Chidambaranar Port,Ministry of Ports,2020-01-19,2386.3,84.2,84.3,-0.1,0.948,2,0.416,0.56,41.0,1.27,0.71,33.0,73.9,0.466,0.0,20,on_track,0
NPCIL-KUD-NUC-PKG-17A,Kudankulam Nuclear Power Plant Units 3-6 (Pkg 17A - Tamil Nadu),Power,Tamil Nadu,L&T Construction,NPCIL,Department of Atomic Energy,2020-01-20,3737.4,76.6,80.0,-3.4,0.97,0,0.404,0.675,54.6,1.18,0.717,18.5,61.5,0.364,0.0,6,on_track,0
CMRL-PH2-COR-PKG-17B,Chennai Metro Phase II (Madhavaram-SIPCOT Line 3) (Pkg 17B - Tamil Nadu),Urban Development,Tamil Nadu,Tata Projects,CMRL,MoHUA / Tamil Nadu,2020-01-21,4062.4,64.5,71.4,-6.9,1.493,6,0.366,0.679,42.3,0.9,0.604,18.9,63.2,0.517,0.0,497,delayed,2
VOCPT-TUT-HAR-PKG-17C,Tuticorin Port Outer Harbour Container Terminal (Pkg 17C - Tamil Nadu),Highways,Tamil Nadu,Adani Ports,V.O. Chidambaranar Port,Ministry of Ports,2020-01-22,1295.9,21.3,37.2,-15.9,0.997,6,0.454,0.635,85.2,1.73,0.795,22.8,58.9,0.507,0.0,35,at_risk,1
NPCIL-KUD-NUC-PKG-18D,Kudankulam Nuclear Power Plant Units 3-6 (Pkg 18D - Tamil Nadu),Power,Tamil Nadu,L&T Construction,NPCIL,Department of Atomic Energy,2020-01-22,2568.2,82.7,92.2,-9.5,1.535,6,0.465,0.603,72.8,0.84,0.588,27.3,58.3,0.319,0.0,356,delayed,2
CMRL-PH2-COR-PKG-18E,Chennai Metro Phase II (Madhavaram-SIPCOT Line 3) (Pkg 18E - Tamil Nadu),Urban Development,Tamil Nadu,Tata Projects,CMRL,MoHUA / Tamil Nadu,2020-01-23,4821.1,38.4,45.5,-7.1,1.152,0,0.426,0.619,94.1,1.05,0.492,29.1,57.1,0.585,0.0,36,at_risk,1
VOCPT-TUT-HAR-PKG-18F,Tuticorin Port Outer Harbour Container Terminal (Pkg 18F - Tamil Nadu),Highways,Tamil Nadu,Adani Ports,V.O. Chidambaranar Port,Ministry of Ports,2020-01-23,1765.4,30.9,33.5,-2.6,1.033,0,0.407,0.527,46.5,1.09,0.861,43.1,57.2,0.401,0.0,29,on_track,0
NPCIL-KUD-NUC-PKG-19G,Kudankulam Nuclear Power Plant Units 3-6 (Pkg 19G - Tamil Nadu),Power,Tamil Nadu,L&T Construction,NPCIL,Department of Atomic Energy,2020-01-28,2769.9,29.4,48.6,-19.2,1.587,2,0.385,0.601,94.2,1.05,0.578,17.1,66.1,0.369,0.0,148,delayed,2
CMRL-PH2-COR-PKG-19H,Chennai Metro Phase II (Madhavaram-SIPCOT Line 3) (Pkg 19H - Tamil Nadu),Urban Development,Tamil Nadu,Tata Projects,CMRL,MoHUA / Tamil Nadu,2020-01-29,1556.8,46.2,56.4,-10.2,1.236,12,0.362,0.571,41.4,0.75,0.527,33.8,60.4,0.545,0.0,76,at_risk,1
VOCPT-TUT-HAR-PKG-19A,Tuticorin Port Outer Harbour Container Terminal (Pkg 19A - Tamil Nadu),Highways,Tamil Nadu,Adani Ports,V.O. Chidambaranar Port,Ministry of Ports,2020-01-30,3653.8,38.6,37.9,0.7,0.963,6,0.378,0.653,60.1,0.83,0.682,28.6,69.3,0.385,0.0,26,on_track,0
NPCIL-KUD-NUC-PKG-20B,Kudankulam Nuclear Power Plant Units 3-6 (Pkg 20B - Tamil Nadu),Power,Tamil Nadu,L&T Construction,NPCIL,Department of Atomic Energy,2020-02-01,2327.6,45.6,47.7,-2.1,0.867,0,0.398,0.613,68.9,0.99,0.713,25.2,59.1,0.427,0.0,21,on_track,0
CMRL-PH2-COR-PKG-20C,Chennai Metro Phase II (Madhavaram-SIPCOT Line 3) (Pkg 20C - Tamil Nadu),Urban Development,Tamil Nadu,Tata Projects,CMRL,MoHUA / Tamil Nadu,2020-02-05,4050.2,5.0,34.9,-32.3,1.636,12,0.347,0.553,82.2,2.19,0.746,29.8,67.3,0.578,0.0,137,delayed,2
VOCPT-TUT-HAR-PKG-20D,Tuticorin Port Outer Harbour Container Terminal (Pkg 20D - Tamil Nadu),Highways,Tamil Nadu,Adani Ports,V.O. Chidambaranar Port,Ministry of Ports,2020-02-06,3897.6,71.6,77.4,-5.8,1.34,2,0.415,0.654,74.8,1.28,0.747,34.8,68.5,0.393,0.0,74,at_risk,1
NTPC-SOLAR-RAM-PKG-01A,Ramagundam Ultra Mega Floating Solar & Thermal (Pkg 1A - Telangana),Power,Telangana,BHEL,NTPC,Ministry of Power,2020-02-06,2779.2,74.6,74.9,-0.3,0.944,2,0.348,0.436,59.3,1.1,0.564,23.8,71.2,0.382,0.0,27,on_track,0
HMRL-HYD-PH2-PKG-01B,Hyderabad Metro Phase 2 Airport Express (Pkg 1B - Telangana),Urban Development,Telangana,L&T Construction,HMRL,MoHUA / Telangana,2020-02-11,2306.0,73.4,76.7,-3.3,0.988,0,0.424,0.491,67.2,2.11,0.539,42.7,66.5,0.647,0.0,14,on_track,0
NHAI-HYD-BLR-PKG-01C,Hyderabad-Bengaluru Super Corridor Northern Link (Pkg 1C - Telangana),Highways,Telangana,Megha Engineering (MEIL),NHAI,MoRTH,2020-02-11,3710.5,61.9,69.3,-7.4,1.274,0,0.412,0.468,63.2,2.09,0.63,36.0,62.9,0.594,0.0,36,at_risk,1
NTPC-SOLAR-RAM-PKG-02D,Ramagundam Ultra Mega Floating Solar & Thermal (Pkg 2D - Telangana),Power,Telangana,BHEL,NTPC,Ministry of Power,2020-02-11,3254.3,32.3,35.7,-3.4,1.149,18,0.336,0.511,38.0,0.76,0.436,30.2,72.0,0.298,0.0,47,at_risk,1
HMRL-HYD-PH2-PKG-02E,Hyderabad Metro Phase 2 Airport Express (Pkg 2E - Telangana),Urban Development,Telangana,L&T Construction,HMRL,MoHUA / Telangana,2020-02-11,2128.0,52.9,57.3,-4.4,1.302,2,0.384,0.562,39.1,1.95,0.643,35.2,70.7,0.548,0.0,72,at_risk,1
NHAI-HYD-BLR-PKG-02F,Hyderabad-Bengaluru Super Corridor Northern Link (Pkg 2F - Telangana),Highways,Telangana,Megha Engineering (MEIL),NHAI,MoRTH,2020-02-12,735.8,90.6,91.0,-0.4,1.24,2,0.456,0.401,70.2,1.31,0.65,47.6,60.3,0.405,0.0,46,at_risk,1
NTPC-SOLAR-RAM-PKG-03G,Ramagundam Ultra Mega Floating Solar & Thermal (Pkg 3G - Telangana),Power,Telangana,BHEL,NTPC,Ministry of Power,2020-02-14,1256.5,30.0,31.7,-1.7,0.89,0,0.401,0.469,52.3,0.7,0.649,18.0,60.4,0.311,0.0,8,on_track,0
HMRL-HYD-PH2-PKG-03H,Hyderabad Metro Phase 2 Airport Express (Pkg 3H - Telangana),Urban Development,Telangana,L&T Construction,HMRL,MoHUA / Telangana,2020-02-15,3665.5,34.9,42.0,-7.1,1.118,6,0.302,0.452,67.7,0.96,0.615,21.9,65.8,0.632,0.0,54,at_risk,1
NHAI-HYD-BLR-PKG-03A,Hyderabad-Bengaluru Super Corridor Northern Link (Pkg 3A - Telangana),Highways,Telangana,Megha Engineering (MEIL),NHAI,MoRTH,2020-02-21,1336.9,47.2,71.4,-24.2,1.603,0,0.379,0.424,41.9,0.66,0.841,24.1,61.4,0.352,0.0,188,delayed,2
NTPC-SOLAR-RAM-PKG-04B,Ramagundam Ultra Mega Floating Solar & Thermal (Pkg 4B - Telangana),Power,Telangana,BHEL,NTPC,Ministry of Power,2020-02-26,3817.3,64.2,72.8,-8.6,1.208,6,0.437,0.52,87.5,1.65,0.724,23.6,63.0,0.389,0.0,38,at_risk,1
HMRL-HYD-PH2-PKG-04C,Hyderabad Metro Phase 2 Airport Express (Pkg 4C - Telangana),Urban Development,Telangana,L&T Construction,HMRL,MoHUA / Telangana,2020-02-28,1582.0,85.1,84.6,0.5,1.074,2,0.368,0.428,74.1,1.43,0.533,17.5,65.7,0.484,0.0,23,on_track,0
NHAI-HYD-BLR-PKG-04D,Hyderabad-Bengaluru Super Corridor Northern Link (Pkg 4D - Telangana),Highways,Telangana,Megha Engineering (MEIL),NHAI,MoRTH,2020-02-29,2214.3,66.2,67.0,-0.8,1.017,12,0.34,0.484,61.7,1.85,0.734,45.9,71.9,0.591,0.0,71,at_risk,1
NTPC-SOLAR-RAM-PKG-05E,Ramagundam Ultra Mega Floating Solar & Thermal (Pkg 5E - Telangana),Power,Telangana,BHEL,NTPC,Ministry of Power,2020-03-02,1683.1,75.9,86.9,-11.0,1.213,12,0.379,0.453,64.5,1.51,0.683,30.7,59.0,0.342,0.0,50,at_risk,1
HMRL-HYD-PH2-PKG-05F,Hyderabad Metro Phase 2 Airport Express (Pkg 5F - Telangana),Urban Development,Telangana,L&T Construction,HMRL,MoHUA / Telangana,2020-03-03,3036.0,88.1,91.5,-3.4,0.949,0,0.365,0.508,76.7,2.03,0.669,28.4,63.5,0.501,0.0,16,on_track,0
NHAI-HYD-BLR-PKG-05G,Hyderabad-Bengaluru Super Corridor Northern Link (Pkg 5G - Telangana),Highways,Telangana,Megha Engineering (MEIL),NHAI,MoRTH,2020-03-09,1816.4,64.7,71.6,-6.9,1.214,6,0.389,0.501,85.6,1.2,0.663,55.2,70.3,0.552,0.0,70,at_risk,1
NTPC-SOLAR-RAM-PKG-06H,Ramagundam Ultra Mega Floating Solar & Thermal (Pkg 6H - Telangana),Power,Telangana,BHEL,NTPC,Ministry of Power,2020-03-12,1165.9,65.0,76.0,-11.0,1.371,6,0.423,0.452,53.0,1.38,0.638,33.3,68.6,0.338,0.0,541,delayed,2
HMRL-HYD-PH2-PKG-06A,Hyderabad Metro Phase 2 Airport Express (Pkg 6A - Telangana),Urban Development,Telangana,L&T Construction,HMRL,MoHUA / Telangana,2020-03-13,3896.1,57.4,70.7,-13.3,1.194,36,0.429,0.458,57.1,1.96,0.552,44.3,74.8,0.384,0.0,59,at_risk,1
NHAI-HYD-BLR-PKG-06B,Hyderabad-Bengaluru Super Corridor Northern Link (Pkg 6B - Telangana),Highways,Telangana,Megha Engineering (MEIL),NHAI,MoRTH,2020-03-19,3597.3,35.5,40.1,-4.6,1.165,0,0.35,0.554,51.9,1.3,0.604,38.7,58.2,0.351,0.0,57,at_risk,1
NTPC-SOLAR-RAM-PKG-07C,Ramagundam Ultra Mega Floating Solar & Thermal (Pkg 7C - Telangana),Power,Telangana,BHEL,NTPC,Ministry of Power,2020-03-22,3530.6,68.0,75.4,-7.4,1.317,12,0.413,0.509,98.1,1.83,0.695,21.2,67.2,0.293,0.0,48,at_risk,1
HMRL-HYD-PH2-PKG-07D,Hyderabad Metro Phase 2 Airport Express (Pkg 7D - Telangana),Urban Development,Telangana,L&T Construction,HMRL,MoHUA / Telangana,2020-03-22,504.4,53.3,62.8,-9.5,1.167,2,0.396,0.435,40.4,0.72,0.663,43.2,56.3,0.504,0.0,67,at_risk,1
NHAI-HYD-BLR-PKG-07E,Hyderabad-Bengaluru Super Corridor Northern Link (Pkg 7E - Telangana),Highways,Telangana,Megha Engineering (MEIL),NHAI,MoRTH,2020-03-24,2289.6,55.3,62.6,-7.3,1.054,0,0.437,0.439,74.1,1.67,0.623,52.4,69.7,0.435,0.0,16,on_track,0
NTPC-SOLAR-RAM-PKG-08F,Ramagundam Ultra Mega Floating Solar & Thermal (Pkg 8F - Telangana),Power,Telangana,BHEL,NTPC,Ministry of Power,2020-03-27,1383.7,58.1,60.0,-1.9,0.943,12,0.424,0.52,77.8,1.33,0.698,25.7,74.7,0.311,0.0,7,on_track,0
HMRL-HYD-PH2-PKG-08G,Hyderabad Metro Phase 2 Airport Express (Pkg 8G - Telangana),Urban Development,Telangana,L&T Construction,HMRL,MoHUA / Telangana,2020-03-27,2162.7,40.7,41.8,-1.1,1.116,2,0.406,0.57,87.3,1.88,0.589,19.0,69.6,0.513,0.0,20,on_track,0
NHAI-HYD-BLR-PKG-08H,Hyderabad-Bengaluru Super Corridor Northern Link (Pkg 8H - Telangana),Highways,Telangana,Megha Engineering (MEIL),NHAI,MoRTH,2020-03-28,2233.4,77.7,72.7,5.0,0.958,2,0.335,0.444,69.2,1.84,0.658,44.5,70.2,0.508,0.0,3,on_track,0
NTPC-SOLAR-RAM-PKG-09A,Ramagundam Ultra Mega Floating Solar & Thermal (Pkg 9A - Telangana),Power,Telangana,BHEL,NTPC,Ministry of Power,2020-03-28,1029.9,54.1,59.2,-5.1,1.283,12,0.335,0.453,55.4,0.95,0.815,17.9,62.3,0.364,0.0,81,at_risk,1
HMRL-HYD-PH2-PKG-09B,Hyderabad Metro Phase 2 Airport Express (Pkg 9B - Telangana),Urban Development,Telangana,L&T Construction,HMRL,MoHUA / Telangana,2020-03-29,2038.9,48.3,61.9,-13.6,1.115,6,0.317,0.433,88.2,1.97,0.714,30.4,58.4,0.602,0.0,85,at_risk,1
NHAI-HYD-BLR-PKG-09C,Hyderabad-Bengaluru Super Corridor Northern Link (Pkg 9C - Telangana),Highways,Telangana,Megha Engineering (MEIL),NHAI,MoRTH,2020-03-31,3463.1,47.5,45.2,2.3,0.979,0,0.372,0.475,91.7,1.2,0.765,36.5,74.9,0.412,0.0,11,on_track,0
NTPC-SOLAR-RAM-PKG-10D,Ramagundam Ultra Mega Floating Solar & Thermal (Pkg 10D - Telangana),Power,Telangana,BHEL,NTPC,Ministry of Power,2020-03-31,5007.0,43.9,49.4,-5.5,0.977,12,0.366,0.459,36.9,0.87,0.81,30.0,61.1,0.303,0.0,0,on_track,0
HMRL-HYD-PH2-PKG-10E,Hyderabad Metro Phase 2 Airport Express (Pkg 10E - Telangana),Urban Development,Telangana,L&T Construction,HMRL,MoHUA / Telangana,2020-03-31,3425.8,73.4,72.7,0.7,0.929,2,0.317,0.472,38.8,2.12,0.604,21.2,72.2,0.472,0.0,10,on_track,0
NHAI-HYD-BLR-PKG-10F,Hyderabad-Bengaluru Super Corridor Northern Link (Pkg 10F - Telangana),Highways,Telangana,Megha Engineering (MEIL),NHAI,MoRTH,2020-04-04,3288.8,34.2,41.0,-6.8,1.305,6,0.397,0.462,96.7,1.06,0.71,37.6,56.8,0.46,0.0,43,at_risk,1
NTPC-SOLAR-RAM-PKG-11G,Ramagundam Ultra Mega Floating Solar & Thermal (Pkg 11G - Telangana),Power,Telangana,BHEL,NTPC,Ministry of Power,2020-04-09,1181.1,86.1,86.1,-0.0,1.146,0,0.337,0.488,65.7,2.05,0.757,27.9,56.6,0.363,0.0,9,on_track,0
HMRL-HYD-PH2-PKG-11H,Hyderabad Metro Phase 2 Airport Express (Pkg 11H - Telangana),Urban Development,Telangana,L&T Construction,HMRL,MoHUA / Telangana,2020-04-10,2555.3,78.4,82.5,-4.1,0.942,2,0.342,0.569,50.1,1.21,0.603,29.9,72.2,0.521,0.0,4,on_track,0
NHAI-HYD-BLR-PKG-11A,Hyderabad-Bengaluru Super Corridor Northern Link (Pkg 11A - Telangana),Highways,Telangana,Megha Engineering (MEIL),NHAI,MoRTH,2020-04-10,1752.3,92.8,94.2,-1.4,1.13,12,0.406,0.439,46.1,0.78,0.783,44.0,61.3,0.323,0.0,47,at_risk,1
NTPC-SOLAR-RAM-PKG-12B,Ramagundam Ultra Mega Floating Solar & Thermal (Pkg 12B - Telangana),Power,Telangana,BHEL,NTPC,Ministry of Power,2020-04-18,2474.6,22.4,33.7,-11.3,1.367,2,0.329,0.591,86.7,1.84,0.719,32.0,65.1,0.398,0.0,74,at_risk,1
HMRL-HYD-PH2-PKG-12C,Hyderabad Metro Phase 2 Airport Express (Pkg 12C - Telangana),Urban Development,Telangana,L&T Construction,HMRL,MoHUA / Telangana,2020-04-18,726.1,73.2,81.4,-8.2,1.086,6,0.36,0.378,75.2,2.12,0.764,26.2,57.0,0.537,0.0,75,at_risk,1
NHAI-HYD-BLR-PKG-12D,Hyderabad-Bengaluru Super Corridor Northern Link (Pkg 12D - Telangana),Highways,Telangana,Megha Engineering (MEIL),NHAI,MoRTH,2020-04-19,3930.3,31.1,39.3,-8.2,1.15,0,0.36,0.472,88.8,1.65,0.752,43.3,69.2,0.555,0.0,67,at_risk,1
NTPC-SOLAR-RAM-PKG-13E,Ramagundam Ultra Mega Floating Solar & Thermal (Pkg 13E - Telangana),Power,Telangana,BHEL,NTPC,Ministry of Power,2020-04-19,1934.6,59.1,63.6,-4.5,1.08,2,0.391,0.444,30.7,0.97,0.492,19.3,70.5,0.35,0.0,78,at_risk,1
HMRL-HYD-PH2-PKG-13F,Hyderabad Metro Phase 2 Airport Express (Pkg 13F - Telangana),Urban Development,Telangana,L&T Construction,HMRL,MoHUA / Telangana,2020-04-19,4869.7,57.3,56.7,0.6,1.264,0,0.376,0.398,87.9,0.66,0.708,32.8,71.0,0.552,0.0,81,at_risk,1
NHAI-HYD-BLR-PKG-13G,Hyderabad-Bengaluru Super Corridor Northern Link (Pkg 13G - Telangana),Highways,Telangana,Megha Engineering (MEIL),NHAI,MoRTH,2020-04-26,2114.5,40.0,43.2,-3.2,0.935,0,0.341,0.407,90.0,1.57,0.843,49.2,56.7,0.431,0.0,24,on_track,0
NTPC-SOLAR-RAM-PKG-14H,Ramagundam Ultra Mega Floating Solar & Thermal (Pkg 14H - Telangana),Power,Telangana,BHEL,NTPC,Ministry of Power,2020-04-26,2447.8,40.7,52.0,-11.3,1.157,0,0.386,0.562,57.6,1.58,0.719,21.4,62.5,0.397,0.0,69,at_risk,1
HMRL-HYD-PH2-PKG-14A,Hyderabad Metro Phase 2 Airport Express (Pkg 14A - Telangana),Urban Development,Telangana,L&T Construction,HMRL,MoHUA / Telangana,2020-04-30,4934.6,71.5,72.8,-1.3,0.904,0,0.429,0.474,83.5,0.93,0.654,42.4,68.5,0.532,0.0,27,on_track,0
NHAI-HYD-BLR-PKG-14B,Hyderabad-Bengaluru Super Corridor Northern Link (Pkg 14B - Telangana),Highways,Telangana,Megha Engineering (MEIL),NHAI,MoRTH,2020-05-01,2113.8,80.6,83.2,-2.6,1.08,0,0.373,0.577,91.0,0.94,0.776,44.1,59.5,0.446,0.0,27,on_track,0
IRCON-AGA-AKH-PKG-01A,Agartala-Akhaura Indo-Bangla Railway Link (Pkg 1A - Tripura),Railways,Tripura,IRCON International,IRCON / NF Railway,Ministry of Railways,2020-05-03,2997.4,60.3,76.0,-15.7,1.698,24,0.781,0.738,50.0,0.86,0.914,64.2,70.2,0.475,0.0,128,delayed,2
AAI-AGA-AIR-PKG-01B,Maharaja Bir Bikram Airport International Cargo Hub (Pkg 1B - Tripura),Urban Development,Tripura,NCC Limited,AAI,Ministry of Civil Aviation,2020-05-04,4599.2,53.6,62.9,-9.3,1.331,6,0.702,0.639,99.6,1.67,0.425,17.6,70.9,0.514,0.0,75,at_risk,1
IRCON-AGA-AKH-PKG-02C,Agartala-Akhaura Indo-Bangla Railway Link (Pkg 2C - Tripura),Railways,Tripura,IRCON International,IRCON / NF Railway,Ministry of Railways,2020-05-08,1863.2,40.9,64.1,-23.2,1.422,2,0.848,0.756,92.2,2.18,0.811,30.7,57.3,0.352,0.0,193,delayed,2
AAI-AGA-AIR-PKG-02D,Maharaja Bir Bikram Airport International Cargo Hub (Pkg 2D - Tripura),Urban Development,Tripura,NCC Limited,AAI,Ministry of Civil Aviation,2020-05-14,3152.4,56.4,58.1,-1.7,1.097,0,0.778,0.763,77.0,1.02,0.596,39.2,65.0,0.634,0.0,50,at_risk,1
IRCON-AGA-AKH-PKG-03E,Agartala-Akhaura Indo-Bangla Railway Link (Pkg 3E - Tripura),Railways,Tripura,IRCON International,IRCON / NF Railway,Ministry of Railways,2020-05-15,4509.9,55.8,66.6,-10.8,1.247,0,0.705,0.723,35.0,1.16,0.83,65.3,64.2,0.383,0.0,86,at_risk,1
AAI-AGA-AIR-PKG-03F,Maharaja Bir Bikram Airport International Cargo Hub (Pkg 3F - Tripura),Urban Development,Tripura,NCC Limited,AAI,Ministry of Civil Aviation,2020-05-25,3380.0,46.4,43.9,2.5,0.908,12,0.754,0.772,99.0,1.09,0.569,42.1,61.3,0.567,0.0,16,on_track,0
IRCON-AGA-AKH-PKG-04G,Agartala-Akhaura Indo-Bangla Railway Link (Pkg 4G - Tripura),Railways,Tripura,IRCON International,IRCON / NF Railway,Ministry of Railways,2020-05-25,3136.4,44.2,57.5,-13.3,1.523,12,0.664,0.68,33.5,2.02,0.599,46.5,72.0,0.39,0.0,178,delayed,2
AAI-AGA-AIR-PKG-04H,Maharaja Bir Bikram Airport International Cargo Hub (Pkg 4H - Tripura),Urban Development,Tripura,NCC Limited,AAI,Ministry of Civil Aviation,2020-05-28,1331.6,26.7,38.7,-12.0,1.14,2,0.779,0.793,87.0,1.95,0.662,28.0,62.2,0.554,0.0,54,at_risk,1
IRCON-AGA-AKH-PKG-05A,Agartala-Akhaura Indo-Bangla Railway Link (Pkg 5A - Tripura),Railways,Tripura,IRCON International,IRCON / NF Railway,Ministry of Railways,2020-05-29,3841.8,53.7,59.3,-5.6,1.027,6,0.73,0.775,78.5,1.36,0.874,38.4,57.7,0.337,0.0,82,at_risk,1
AAI-AGA-AIR-PKG-05B,Maharaja Bir Bikram Airport International Cargo Hub (Pkg 5B - Tripura),Urban Development,Tripura,NCC Limited,AAI,Ministry of Civil Aviation,2020-05-29,2519.6,45.9,71.0,-25.1,1.635,36,0.71,0.747,50.9,1.79,0.543,25.9,66.0,0.547,0.0,524,delayed,2
IRCON-AGA-AKH-PKG-06C,Agartala-Akhaura Indo-Bangla Railway Link (Pkg 6C - Tripura),Railways,Tripura,IRCON International,IRCON / NF Railway,Ministry of Railways,2020-05-30,3721.9,26.2,52.8,-26.6,1.441,0,0.782,0.651,75.0,1.15,0.845,60.2,67.7,0.404,0.0,460,delayed,2
AAI-AGA-AIR-PKG-06D,Maharaja Bir Bikram Airport International Cargo Hub (Pkg 6D - Tripura),Urban Development,Tripura,NCC Limited,AAI,Ministry of Civil Aviation,2020-05-30,1007.0,48.3,51.5,-3.2,1.026,24,0.694,0.728,68.0,1.12,0.62,18.1,68.9,0.407,0.0,11,on_track,0
IRCON-AGA-AKH-PKG-07E,Agartala-Akhaura Indo-Bangla Railway Link (Pkg 7E - Tripura),Railways,Tripura,IRCON International,IRCON / NF Railway,Ministry of Railways,2020-06-01,3769.6,68.7,75.2,-6.5,1.32,0,0.777,0.761,81.9,1.76,0.753,48.3,60.9,0.538,0.0,70,at_risk,1
AAI-AGA-AIR-PKG-07F,Maharaja Bir Bikram Airport International Cargo Hub (Pkg 7F - Tripura),Urban Development,Tripura,NCC Limited,AAI,Ministry of Civil Aviation,2020-06-05,2727.9,39.4,45.4,-6.0,1.243,12,0.734,0.687,89.2,0.97,0.552,37.3,69.2,0.534,0.0,49,at_risk,1
IRCON-AGA-AKH-PKG-08G,Agartala-Akhaura Indo-Bangla Railway Link (Pkg 8G - Tripura),Railways,Tripura,IRCON International,IRCON / NF Railway,Ministry of Railways,2020-06-05,4528.2,74.6,81.6,-7.0,1.285,0,0.779,0.755,96.0,1.27,0.961,30.4,65.6,0.449,0.0,64,at_risk,1
AAI-AGA-AIR-PKG-08H,Maharaja Bir Bikram Airport International Cargo Hub (Pkg 8H - Tripura),Urban Development,Tripura,NCC Limited,AAI,Ministry of Civil Aviation,2020-06-07,2943.6,45.0,51.8,-6.8,1.124,0,0.709,0.797,83.4,1.33,0.537,37.5,72.1,0.597,0.0,85,at_risk,1
IRCON-AGA-AKH-PKG-09A,Agartala-Akhaura Indo-Bangla Railway Link (Pkg 9A - Tripura),Railways,Tripura,IRCON International,IRCON / NF Railway,Ministry of Railways,2020-06-07,3352.5,38.8,43.1,-4.3,1.104,0,0.756,0.693,68.5,1.75,0.593,46.9,68.7,0.351,0.0,57,at_risk,1
AAI-AGA-AIR-PKG-09B,Maharaja Bir Bikram Airport International Cargo Hub (Pkg 9B - Tripura),Urban Development,Tripura,NCC Limited,AAI,Ministry of Civil Aviation,2020-06-07,2417.9,57.9,73.8,-15.9,1.46,6,0.813,0.728,33.2,1.25,0.672,39.7,61.9,0.547,0.0,187,delayed,2
IRCON-AGA-AKH-PKG-10C,Agartala-Akhaura Indo-Bangla Railway Link (Pkg 10C - Tripura),Railways,Tripura,IRCON International,IRCON / NF Railway,Ministry of Railways,2020-06-08,3704.3,83.6,93.6,-10.0,1.182,0,0.744,0.702,83.2,1.34,0.876,56.6,70.6,0.417,0.0,35,at_risk,1
AAI-AGA-AIR-PKG-10D,Maharaja Bir Bikram Airport International Cargo Hub (Pkg 10D - Tripura),Urban Development,Tripura,NCC Limited,AAI,Ministry of Civil Aviation,2020-06-10,5155.1,92.7,92.6,0.1,0.947,2,0.699,0.783,92.2,1.35,0.614,42.5,60.5,0.554,0.0,19,on_track,0
IRCON-AGA-AKH-PKG-11E,Agartala-Akhaura Indo-Bangla Railway Link (Pkg 11E - Tripura),Railways,Tripura,IRCON International,IRCON / NF Railway,Ministry of Railways,2020-06-11,4308.5,54.6,69.7,-15.1,1.239,0,0.763,0.719,39.4,1.85,0.829,34.6,59.3,0.304,0.0,52,at_risk,1
AAI-AGA-AIR-PKG-11F,Maharaja Bir Bikram Airport International Cargo Hub (Pkg 11F - Tripura),Urban Development,Tripura,NCC Limited,AAI,Ministry of Civil Aviation,2020-06-11,4003.4,27.2,35.9,-8.7,1.312,12,0.724,0.805,96.7,2.07,0.551,40.0,56.6,0.616,0.0,82,at_risk,1
NHAI-GNG-EXP-PKG-01A,Ganga Expressway Meerut to Prayagraj (594 km) (Pkg 1A - Uttar Pradesh),Highways,Uttar Pradesh,Adani Road Transport & IRB,UPEIDA,MoRTH State PWD,2020-06-14,842.7,36.9,49.4,-12.5,1.094,6,0.28,0.566,40.1,2.1,0.831,36.2,74.8,0.478,0.0,87,at_risk,1
JWR-AIRPORT-P-PKG-01B,Noida International Airport (Jewar Phase 1) (Pkg 1B - Uttar Pradesh),Urban Development,Uttar Pradesh,Tata Projects,YAPL / NIAL,Civil Aviation / UP Govt,2020-06-19,2896.2,61.3,61.4,-0.1,1.009,0,0.222,0.526,43.2,2.0,0.613,37.3,67.6,0.476,0.0,25,on_track,0
NCRTC-DEL-MRT-PKG-01C,Delhi-Meerut Regional Rapid Transit (RRTS) (Pkg 1C - Uttar Pradesh),Railways,Uttar Pradesh,L&T Construction,NCRTC,Ministry of Railways / MoHUA,2020-06-24,2004.9,48.7,53.9,-5.2,0.962,2,0.253,0.545,36.0,1.06,0.745,34.6,57.5,0.297,0.0,59,at_risk,1
UPMRC-AGR-PH-PKG-01D,Agra Metro Rail Heritage Underground Section (Pkg 1D - Uttar Pradesh),Urban Development,Uttar Pradesh,Afcons Infrastructure,UPMRC,MoHUA / UP PWD,2020-06-25,624.7,79.0,84.6,-5.6,1.167,2,0.233,0.54,51.9,1.75,0.591,26.1,69.5,0.479,0.0,75,at_risk,1
NHAI-GNG-EXP-PKG-02E,Ganga Expressway Meerut to Prayagraj (594 km) (Pkg 2E - Uttar Pradesh),Highways,Uttar Pradesh,Adani Road Transport & IRB,UPEIDA,MoRTH State PWD,2020-07-02,1778.3,14.5,36.3,-21.8,1.325,12,0.338,0.592,84.3,1.63,0.708,45.0,74.6,0.383,0.0,127,delayed,2
JWR-AIRPORT-P-PKG-02F,Noida International Airport (Jewar Phase 1) (Pkg 2F - Uttar Pradesh),Urban Development,Uttar Pradesh,Tata Projects,YAPL / NIAL,Civil Aviation / UP Govt,2020-07-02,5152.0,84.6,93.4,-8.8,1.093,0,0.294,0.553,58.2,2.15,0.652,25.2,69.6,0.663,0.0,73,at_risk,1
NCRTC-DEL-MRT-PKG-02G,Delhi-Meerut Regional Rapid Transit (RRTS) (Pkg 2G - Uttar Pradesh),Railways,Uttar Pradesh,L&T Construction,NCRTC,Ministry of Railways / MoHUA,2020-07-03,2930.1,9.8,31.2,-21.4,1.392,12,0.238,0.563,93.7,0.81,0.92,37.7,74.8,0.326,0.0,178,delayed,2
UPMRC-AGR-PH-PKG-02H,Agra Metro Rail Heritage Underground Section (Pkg 2H - Uttar Pradesh),Urban Development,Uttar Pradesh,Afcons Infrastructure,UPMRC,MoHUA / UP PWD,2020-07-04,2790.7,34.0,38.6,-4.6,1.015,2,0.231,0.536,34.5,2.0,0.561,33.3,65.3,0.638,0.0,1,on_track,0
NHAI-GNG-EXP-PKG-03A,Ganga Expressway Meerut to Prayagraj (594 km) (Pkg 3A - Uttar Pradesh),Highways,Uttar Pradesh,Adani Road Transport & IRB,UPEIDA,MoRTH State PWD,2020-07-05,607.3,85.2,86.4,-1.2,0.922,2,0.172,0.532,94.5,1.39,0.762,36.4,55.3,0.486,0.0,25,on_track,0
JWR-AIRPORT-P-PKG-03B,Noida International Airport (Jewar Phase 1) (Pkg 3B - Uttar Pradesh),Urban Development,Uttar Pradesh,Tata Projects,YAPL / NIAL,Civil Aviation / UP Govt,2020-07-15,1780.1,61.3,63.7,-2.4,1.009,2,0.278,0.594,69.6,0.81,0.688,19.2,63.7,0.587,0.0,22,on_track,0
NCRTC-DEL-MRT-PKG-03C,Delhi-Meerut Regional Rapid Transit (RRTS) (Pkg 3C - Uttar Pradesh),Railways,Uttar Pradesh,L&T Construction,NCRTC,Ministry of Railways / MoHUA,2020-07-19,2393.5,26.8,31.8,-5.0,1.203,6,0.23,0.486,64.6,0.69,0.78,42.5,67.3,0.449,0.0,37,at_risk,1
UPMRC-AGR-PH-PKG-03D,Agra Metro Rail Heritage Underground Section (Pkg 3D - Uttar Pradesh),Urban Development,Uttar Pradesh,Afcons Infrastructure,UPMRC,MoHUA / UP PWD,2020-07-19,986.2,53.0,58.0,-5.0,1.069,0,0.274,0.591,74.8,1.65,0.601,23.5,58.2,0.469,0.0,28,on_track,0
NHAI-GNG-EXP-PKG-04E,Ganga Expressway Meerut to Prayagraj (594 km) (Pkg 4E - Uttar Pradesh),Highways,Uttar Pradesh,Adani Road Transport & IRB,UPEIDA,MoRTH State PWD,2020-07-23,3821.3,72.7,75.2,-2.5,0.985,12,0.254,0.594,57.2,1.97,0.632,25.9,67.7,0.482,0.0,12,on_track,0
JWR-AIRPORT-P-PKG-04F,Noida International Airport (Jewar Phase 1) (Pkg 4F - Uttar Pradesh),Urban Development,Uttar Pradesh,Tata Projects,YAPL / NIAL,Civil Aviation / UP Govt,2020-07-23,3894.4,55.4,60.5,-5.1,0.936,0,0.265,0.488,48.0,2.07,0.67,35.5,65.0,0.561,0.0,22,on_track,0
NCRTC-DEL-MRT-PKG-04G,Delhi-Meerut Regional Rapid Transit (RRTS) (Pkg 4G - Uttar Pradesh),Railways,Uttar Pradesh,L&T Construction,NCRTC,Ministry of Railways / MoHUA,2020-07-24,3600.6,64.0,70.6,-6.6,1.304,0,0.33,0.501,97.6,0.84,0.827,28.8,64.6,0.457,0.0,35,at_risk,1
UPMRC-AGR-PH-PKG-04H,Agra Metro Rail Heritage Underground Section (Pkg 4H - Uttar Pradesh),Urban Development,Uttar Pradesh,Afcons Infrastructure,UPMRC,MoHUA / UP PWD,2020-07-25,531.7,35.3,37.0,-1.7,1.31,0,0.241,0.487,35.6,1.83,0.561,37.1,63.9,0.502,0.0,78,at_risk,1
NHAI-GNG-EXP-PKG-05A,Ganga Expressway Meerut to Prayagraj (594 km) (Pkg 5A - Uttar Pradesh),Highways,Uttar Pradesh,Adani Road Transport & IRB,UPEIDA,MoRTH State PWD,2020-08-05,688.3,47.5,55.7,-8.2,1.55,2,0.266,0.518,47.2,0.9,0.713,53.1,69.7,0.444,0.0,414,delayed,2
JWR-AIRPORT-P-PKG-05B,Noida International Airport (Jewar Phase 1) (Pkg 5B - Uttar Pradesh),Urban Development,Uttar Pradesh,Tata Projects,YAPL / NIAL,Civil Aviation / UP Govt,2020-08-06,4223.6,44.2,53.8,-9.6,1.141,6,0.266,0.631,63.1,0.73,0.574,27.0,69.8,0.592,0.0,46,at_risk,1
NCRTC-DEL-MRT-PKG-05C,Delhi-Meerut Regional Rapid Transit (RRTS) (Pkg 5C - Uttar Pradesh),Railways,Uttar Pradesh,L&T Construction,NCRTC,Ministry of Railways / MoHUA,2020-08-07,2365.0,55.1,62.4,-7.3,1.207,0,0.194,0.468,40.4,0.66,0.796,64.8,74.4,0.4,0.0,72,at_risk,1
UPMRC-AGR-PH-PKG-05D,Agra Metro Rail Heritage Underground Section (Pkg 5D - Uttar Pradesh),Urban Development,Uttar Pradesh,Afcons Infrastructure,UPMRC,MoHUA / UP PWD,2020-08-12,2898.9,72.4,82.5,-10.1,0.973,24,0.232,0.525,75.9,1.45,0.6,35.2,60.5,0.634,0.0,38,at_risk,1
NHAI-GNG-EXP-PKG-06E,Ganga Expressway Meerut to Prayagraj (594 km) (Pkg 6E - Uttar Pradesh),Highways,Uttar Pradesh,Adani Road Transport & IRB,UPEIDA,MoRTH State PWD,2020-08-13,5128.8,69.1,76.1,-7.0,1.135,18,0.336,0.503,37.6,0.8,0.662,38.7,72.1,0.491,0.0,80,at_risk,1
JWR-AIRPORT-P-PKG-06F,Noida International Airport (Jewar Phase 1) (Pkg 6F - Uttar Pradesh),Urban Development,Uttar Pradesh,Tata Projects,YAPL / NIAL,Civil Aviation / UP Govt,2020-08-14,2374.1,49.0,49.5,-0.5,0.909,0,0.284,0.546,50.0,1.12,0.609,43.5,68.4,0.494,0.0,17,on_track,0
NCRTC-DEL-MRT-PKG-06G,Delhi-Meerut Regional Rapid Transit (RRTS) (Pkg 6G - Uttar Pradesh),Railways,Uttar Pradesh,L&T Construction,NCRTC,Ministry of Railways / MoHUA,2020-08-15,903.2,95.1,94.3,0.8,1.09,0,0.239,0.447,54.8,0.69,0.587,51.4,74.6,0.401,0.0,1,on_track,0
UPMRC-AGR-PH-PKG-06H,Agra Metro Rail Heritage Underground Section (Pkg 6H - Uttar Pradesh),Urban Development,Uttar Pradesh,Afcons Infrastructure,UPMRC,MoHUA / UP PWD,2020-08-15,4961.6,43.0,51.6,-8.6,1.255,0,0.226,0.55,35.4,1.87,0.735,35.8,71.5,0.58,0.0,39,at_risk,1
NHAI-GNG-EXP-PKG-07A,Ganga Expressway Meerut to Prayagraj (594 km) (Pkg 7A - Uttar Pradesh),Highways,Uttar Pradesh,Adani Road Transport & IRB,UPEIDA,MoRTH State PWD,2020-08-16,3814.3,41.4,42.4,-1.0,1.058,0,0.287,0.486,73.8,1.12,0.798,30.7,67.4,0.519,0.0,0,on_track,0
JWR-AIRPORT-P-PKG-07B,Noida International Airport (Jewar Phase 1) (Pkg 7B - Uttar Pradesh),Urban Development,Uttar Pradesh,Tata Projects,YAPL / NIAL,Civil Aviation / UP Govt,2020-08-17,2468.7,51.3,61.0,-9.7,1.154,6,0.26,0.659,52.5,1.73,0.682,35.6,65.5,0.527,0.0,89,at_risk,1
NCRTC-DEL-MRT-PKG-07C,Delhi-Meerut Regional Rapid Transit (RRTS) (Pkg 7C - Uttar Pradesh),Railways,Uttar Pradesh,L&T Construction,NCRTC,Ministry of Railways / MoHUA,2020-08-19,1869.4,85.5,92.5,-7.0,1.269,2,0.287,0.487,68.8,0.84,0.775,58.1,71.0,0.386,0.0,44,at_risk,1
UPMRC-AGR-PH-PKG-07D,Agra Metro Rail Heritage Underground Section (Pkg 7D - Uttar Pradesh),Urban Development,Uttar Pradesh,Afcons Infrastructure,UPMRC,MoHUA / UP PWD,2020-08-19,853.0,31.3,31.8,-0.5,1.104,6,0.223,0.533,61.1,1.17,0.742,41.9,64.3,0.466,0.0,19,on_track,0
NHAI-GNG-EXP-PKG-08E,Ganga Expressway Meerut to Prayagraj (594 km) (Pkg 8E - Uttar Pradesh),Highways,Uttar Pradesh,Adani Road Transport & IRB,UPEIDA,MoRTH State PWD,2020-08-27,1719.1,70.3,80.2,-9.9,1.243,6,0.283,0.5,99.0,1.49,0.758,44.9,60.4,0.332,0.0,77,at_risk,1
JWR-AIRPORT-P-PKG-08F,Noida International Airport (Jewar Phase 1) (Pkg 8F - Uttar Pradesh),Urban Development,Uttar Pradesh,Tata Projects,YAPL / NIAL,Civil Aviation / UP Govt,2020-09-01,3598.4,47.6,44.9,2.7,0.882,0,0.287,0.551,68.6,1.76,0.567,36.3,57.4,0.63,0.0,2,on_track,0
NCRTC-DEL-MRT-PKG-08G,Delhi-Meerut Regional Rapid Transit (RRTS) (Pkg 8G - Uttar Pradesh),Railways,Uttar Pradesh,L&T Construction,NCRTC,Ministry of Railways / MoHUA,2020-09-01,5037.8,70.2,93.5,-23.3,1.587,36,0.243,0.525,82.7,2.14,0.489,32.1,60.9,0.526,0.0,540,delayed,2
UPMRC-AGR-PH-PKG-08H,Agra Metro Rail Heritage Underground Section (Pkg 8H - Uttar Pradesh),Urban Development,Uttar Pradesh,Afcons Infrastructure,UPMRC,MoHUA / UP PWD,2020-09-12,3631.7,49.3,67.0,-17.7,1.561,6,0.275,0.605,85.5,0.99,0.57,17.5,68.0,0.56,0.0,399,delayed,2
NHAI-GNG-EXP-PKG-09A,Ganga Expressway Meerut to Prayagraj (594 km) (Pkg 9A - Uttar Pradesh),Highways,Uttar Pradesh,Adani Road Transport & IRB,UPEIDA,MoRTH State PWD,2020-09-13,1217.3,69.3,72.0,-2.7,1.084,0,0.244,0.615,62.4,0.88,0.7,51.0,62.1,0.391,0.0,78,at_risk,1
JWR-AIRPORT-P-PKG-09B,Noida International Airport (Jewar Phase 1) (Pkg 9B - Uttar Pradesh),Urban Development,Uttar Pradesh,Tata Projects,YAPL / NIAL,Civil Aviation / UP Govt,2020-09-14,724.9,69.1,68.6,0.5,1.102,2,0.23,0.536,61.1,1.3,0.695,24.8,61.5,0.567,0.0,0,on_track,0
NCRTC-DEL-MRT-PKG-09C,Delhi-Meerut Regional Rapid Transit (RRTS) (Pkg 9C - Uttar Pradesh),Railways,Uttar Pradesh,L&T Construction,NCRTC,Ministry of Railways / MoHUA,2020-09-20,3341.1,22.5,43.9,-21.4,1.239,6,0.28,0.533,81.9,2.19,0.98,60.0,71.1,0.395,0.0,255,delayed,2
UPMRC-AGR-PH-PKG-09D,Agra Metro Rail Heritage Underground Section (Pkg 9D - Uttar Pradesh),Urban Development,Uttar Pradesh,Afcons Infrastructure,UPMRC,MoHUA / UP PWD,2020-09-22,3870.4,69.3,72.9,-3.6,0.909,0,0.19,0.591,88.2,2.14,0.485,21.4,73.7,0.548,0.0,16,on_track,0
NHAI-GNG-EXP-PKG-10E,Ganga Expressway Meerut to Prayagraj (594 km) (Pkg 10E - Uttar Pradesh),Highways,Uttar Pradesh,Adani Road Transport & IRB,UPEIDA,MoRTH State PWD,2020-09-24,4312.6,76.9,78.1,-1.2,0.99,0,0.272,0.546,99.0,2.17,0.712,37.7,74.9,0.476,0.0,12,on_track,0
JWR-AIRPORT-P-PKG-10F,Noida International Airport (Jewar Phase 1) (Pkg 10F - Uttar Pradesh),Urban Development,Uttar Pradesh,Tata Projects,YAPL / NIAL,Civil Aviation / UP Govt,2020-09-24,3862.3,33.8,31.6,2.2,1.044,0,0.25,0.608,65.3,1.92,0.67,20.5,62.6,0.668,0.0,2,on_track,0
NCRTC-DEL-MRT-PKG-10G,Delhi-Meerut Regional Rapid Transit (RRTS) (Pkg 10G - Uttar Pradesh),Railways,Uttar Pradesh,L&T Construction,NCRTC,Ministry of Railways / MoHUA,2020-09-26,3187.8,48.4,55.1,-6.7,1.246,6,0.236,0.578,44.0,1.55,0.766,67.1,68.5,0.356,0.0,44,at_risk,1
UPMRC-AGR-PH-PKG-10H,Agra Metro Rail Heritage Underground Section (Pkg 10H - Uttar Pradesh),Urban Development,Uttar Pradesh,Afcons Infrastructure,UPMRC,MoHUA / UP PWD,2020-09-27,2371.9,71.7,72.2,-0.5,1.147,0,0.193,0.471,85.2,1.91,0.553,21.0,59.4,0.543,0.0,18,on_track,0
NHAI-GNG-EXP-PKG-11A,Ganga Expressway Meerut to Prayagraj (594 km) (Pkg 11A - Uttar Pradesh),Highways,Uttar Pradesh,Adani Road Transport & IRB,UPEIDA,MoRTH State PWD,2020-09-29,3811.5,56.6,54.9,1.7,0.907,0,0.277,0.621,81.4,1.56,0.807,52.6,55.3,0.458,0.0,20,on_track,0
JWR-AIRPORT-P-PKG-11B,Noida International Airport (Jewar Phase 1) (Pkg 11B - Uttar Pradesh),Urban Development,Uttar Pradesh,Tata Projects,YAPL / NIAL,Civil Aviation / UP Govt,2020-09-30,3338.9,60.7,53.2,7.5,1.0,12,0.214,0.553,70.1,0.69,0.607,35.0,56.7,0.631,0.0,28,on_track,0
NCRTC-DEL-MRT-PKG-11C,Delhi-Meerut Regional Rapid Transit (RRTS) (Pkg 11C - Uttar Pradesh),Railways,Uttar Pradesh,L&T Construction,NCRTC,Ministry of Railways / MoHUA,2020-10-04,1364.5,51.5,52.5,-1.0,0.999,0,0.298,0.586,40.3,1.1,0.73,39.6,65.2,0.406,0.0,28,on_track,0
UPMRC-AGR-PH-PKG-11D,Agra Metro Rail Heritage Underground Section (Pkg 11D - Uttar Pradesh),Urban Development,Uttar Pradesh,Afcons Infrastructure,UPMRC,MoHUA / UP PWD,2020-10-11,3951.4,27.1,30.6,-3.5,0.85,0,0.283,0.495,84.1,1.98,0.607,40.2,70.7,0.534,0.0,2,on_track,0
NHAI-GNG-EXP-PKG-12E,Ganga Expressway Meerut to Prayagraj (594 km) (Pkg 12E - Uttar Pradesh),Highways,Uttar Pradesh,Adani Road Transport & IRB,UPEIDA,MoRTH State PWD,2020-10-12,450.2,78.0,81.9,-3.9,1.052,2,0.32,0.538,31.9,1.75,0.626,39.0,72.7,0.467,0.0,23,on_track,0
JWR-AIRPORT-P-PKG-12F,Noida International Airport (Jewar Phase 1) (Pkg 12F - Uttar Pradesh),Urban Development,Uttar Pradesh,Tata Projects,YAPL / NIAL,Civil Aviation / UP Govt,2020-10-14,1128.0,29.1,38.5,-9.4,1.114,0,0.236,0.549,86.5,1.69,0.678,26.6,55.8,0.593,0.0,39,at_risk,1
NCRTC-DEL-MRT-PKG-12G,Delhi-Meerut Regional Rapid Transit (RRTS) (Pkg 12G - Uttar Pradesh),Railways,Uttar Pradesh,L&T Construction,NCRTC,Ministry of Railways / MoHUA,2020-10-15,1838.0,22.3,34.5,-12.2,1.32,2,0.29,0.597,89.7,1.09,0.654,42.0,72.7,0.301,0.0,71,at_risk,1
UPMRC-AGR-PH-PKG-12H,Agra Metro Rail Heritage Underground Section (Pkg 12H - Uttar Pradesh),Urban Development,Uttar Pradesh,Afcons Infrastructure,UPMRC,MoHUA / UP PWD,2020-10-21,5025.5,31.2,37.9,-6.7,1.006,6,0.268,0.515,77.1,2.2,0.679,22.2,57.8,0.568,0.0,27,on_track,0
NHAI-GNG-EXP-PKG-13A,Ganga Expressway Meerut to Prayagraj (594 km) (Pkg 13A - Uttar Pradesh),Highways,Uttar Pradesh,Adani Road Transport & IRB,UPEIDA,MoRTH State PWD,2020-10-21,645.2,35.9,60.5,-24.6,1.134,2,0.237,0.598,47.0,2.03,0.64,35.7,73.3,0.478,0.0,425,delayed,2
JWR-AIRPORT-P-PKG-13B,Noida International Airport (Jewar Phase 1) (Pkg 13B - Uttar Pradesh),Urban Development,Uttar Pradesh,Tata Projects,YAPL / NIAL,Civil Aviation / UP Govt,2020-10-27,2332.4,33.4,38.3,-4.9,1.21,0,0.244,0.5,51.7,1.32,0.691,22.9,60.1,0.478,0.0,34,at_risk,1
NCRTC-DEL-MRT-PKG-13C,Delhi-Meerut Regional Rapid Transit (RRTS) (Pkg 13C - Uttar Pradesh),Railways,Uttar Pradesh,L&T Construction,NCRTC,Ministry of Railways / MoHUA,2020-10-27,4795.6,38.2,37.6,0.6,0.958,0,0.228,0.636,81.7,1.8,0.788,37.4,67.1,0.447,0.0,29,on_track,0
UPMRC-AGR-PH-PKG-13D,Agra Metro Rail Heritage Underground Section (Pkg 13D - Uttar Pradesh),Urban Development,Uttar Pradesh,Afcons Infrastructure,UPMRC,MoHUA / UP PWD,2020-10-28,3435.0,79.5,81.3,-1.8,1.002,2,0.271,0.503,69.3,0.65,0.586,27.3,57.3,0.527,0.0,10,on_track,0
NHAI-GNG-EXP-PKG-14E,Ganga Expressway Meerut to Prayagraj (594 km) (Pkg 14E - Uttar Pradesh),Highways,Uttar Pradesh,Adani Road Transport & IRB,UPEIDA,MoRTH State PWD,2020-10-28,813.2,65.3,78.1,-12.8,1.176,18,0.254,0.601,64.7,1.73,0.622,47.1,56.4,0.37,0.0,64,at_risk,1
JWR-AIRPORT-P-PKG-14F,Noida International Airport (Jewar Phase 1) (Pkg 14F - Uttar Pradesh),Urban Development,Uttar Pradesh,Tata Projects,YAPL / NIAL,Civil Aviation / UP Govt,2020-10-30,4740.5,92.3,91.4,0.9,0.926,6,0.215,0.534,50.2,1.71,0.632,24.4,68.3,0.528,0.0,8,on_track,0
NCRTC-DEL-MRT-PKG-14G,Delhi-Meerut Regional Rapid Transit (RRTS) (Pkg 14G - Uttar Pradesh),Railways,Uttar Pradesh,L&T Construction,NCRTC,Ministry of Railways / MoHUA,2020-10-31,4195.7,59.8,65.9,-6.1,1.326,2,0.326,0.547,36.1,1.79,0.903,63.1,71.7,0.426,0.0,76,at_risk,1
UPMRC-AGR-PH-PKG-14H,Agra Metro Rail Heritage Underground Section (Pkg 14H - Uttar Pradesh),Urban Development,Uttar Pradesh,Afcons Infrastructure,UPMRC,MoHUA / UP PWD,2020-10-31,1302.2,26.5,35.8,-9.3,1.263,2,0.355,0.587,40.9,0.97,0.559,38.6,64.4,0.561,0.0,62,at_risk,1
NHAI-GNG-EXP-PKG-15A,Ganga Expressway Meerut to Prayagraj (594 km) (Pkg 15A - Uttar Pradesh),Highways,Uttar Pradesh,Adani Road Transport & IRB,UPEIDA,MoRTH State PWD,2020-11-02,892.0,54.4,76.9,-22.5,1.455,0,0.294,0.632,35.5,0.68,0.75,47.1,62.4,0.38,0.0,259,delayed,2
JWR-AIRPORT-P-PKG-15B,Noida International Airport (Jewar Phase 1) (Pkg 15B - Uttar Pradesh),Urban Development,Uttar Pradesh,Tata Projects,YAPL / NIAL,Civil Aviation / UP Govt,2020-11-11,4354.1,20.3,40.1,-19.8,1.201,2,0.211,0.518,72.2,1.35,0.673,42.6,58.8,0.649,0.0,68,at_risk,1
NCRTC-DEL-MRT-PKG-15C,Delhi-Meerut Regional Rapid Transit (RRTS) (Pkg 15C - Uttar Pradesh),Railways,Uttar Pradesh,L&T Construction,NCRTC,Ministry of Railways / MoHUA,2020-11-12,5038.4,32.8,40.5,-7.7,1.308,0,0.209,0.569,58.4,1.0,0.656,62.7,59.9,0.572,0.0,46,at_risk,1
UPMRC-AGR-PH-PKG-15D,Agra Metro Rail Heritage Underground Section (Pkg 15D - Uttar Pradesh),Urban Development,Uttar Pradesh,Afcons Infrastructure,UPMRC,MoHUA / UP PWD,2020-11-12,4510.2,85.4,86.1,-0.7,1.31,2,0.245,0.637,57.5,2.19,0.552,27.1,67.2,0.496,0.0,78,at_risk,1
MORTH-CHAR-DHAM-PKG-01A,Char Dham All-Weather Highway (Silkyara-Barkot) (Pkg 1A - Uttarakhand),Highways,Uttarakhand,Navayuga Engineering,NHIDCL / BRO,MoRTH,2020-11-13,5005.8,12.6,35.1,-22.5,1.313,0,0.857,0.817,89.7,2.0,0.616,44.2,68.5,0.476,0.0,464,delayed,2
RVNL-RISH-KAR-PKG-01B,Rishikesh-Karnaprayag Rail Tunnel (125 km) (Pkg 1B - Uttarakhand),Railways,Uttarakhand,Megha Engineering (MEIL),RVNL,Ministry of Railways,2020-11-18,3541.7,51.7,60.3,-8.6,1.374,2,0.872,0.845,93.6,0.7,0.853,59.8,61.9,0.406,0.0,337,delayed,2
THDC-TEH-PSP-PKG-01C,"Tehri Pumped Storage Hydro Plant (1,000 MW) (Pkg 1C - Uttarakhand)",Power,Uttarakhand,HCC Limited,THDCIL,Ministry of Power,2020-11-24,2937.0,48.5,55.1,-6.6,1.297,6,0.923,0.762,47.9,1.58,0.74,23.5,68.7,0.258,0.0,44,at_risk,1
MORTH-CHAR-DHAM-PKG-02D,Char Dham All-Weather Highway (Silkyara-Barkot) (Pkg 2D - Uttarakhand),Highways,Uttarakhand,Navayuga Engineering,NHIDCL / BRO,MoRTH,2020-12-02,1099.2,28.0,35.1,-7.1,1.025,2,0.914,0.902,57.2,1.36,0.838,47.2,74.8,0.365,0.0,6,on_track,0
RVNL-RISH-KAR-PKG-02E,Rishikesh-Karnaprayag Rail Tunnel (125 km) (Pkg 2E - Uttarakhand),Railways,Uttarakhand,Megha Engineering (MEIL),RVNL,Ministry of Railways,2020-12-05,3652.1,25.5,48.5,-23.0,1.009,0,0.786,0.806,79.0,0.85,0.779,57.4,56.1,0.526,0.0,52,at_risk,1
THDC-TEH-PSP-PKG-02F,"Tehri Pumped Storage Hydro Plant (1,000 MW) (Pkg 2F - Uttarakhand)",Power,Uttarakhand,HCC Limited,THDCIL,Ministry of Power,2020-12-08,426.0,36.8,42.2,-5.4,1.21,2,0.925,0.797,47.6,0.9,0.436,15.0,63.0,0.424,0.0,38,at_risk,1
MORTH-CHAR-DHAM-PKG-03G,Char Dham All-Weather Highway (Silkyara-Barkot) (Pkg 3G - Uttarakhand),Highways,Uttarakhand,Navayuga Engineering,NHIDCL / BRO,MoRTH,2020-12-10,3883.6,88.2,86.2,2.0,1.103,0,0.914,0.825,33.7,1.55,0.729,35.6,74.7,0.361,0.0,25,on_track,0
RVNL-RISH-KAR-PKG-03H,Rishikesh-Karnaprayag Rail Tunnel (125 km) (Pkg 3H - Uttarakhand),Railways,Uttarakhand,Megha Engineering (MEIL),RVNL,Ministry of Railways,2020-12-25,4967.0,20.3,37.7,-17.4,1.776,2,0.854,0.771,30.3,1.41,0.673,27.6,60.1,0.384,0.0,244,delayed,2
THDC-TEH-PSP-PKG-03A,"Tehri Pumped Storage Hydro Plant (1,000 MW) (Pkg 3A - Uttarakhand)",Power,Uttarakhand,HCC Limited,THDCIL,Ministry of Power,2020-12-31,399.8,63.4,59.1,4.3,0.991,0,0.916,0.699,73.6,0.79,0.653,19.3,67.4,0.329,0.0,19,on_track,0
MORTH-CHAR-DHAM-PKG-04B,Char Dham All-Weather Highway (Silkyara-Barkot) (Pkg 4B - Uttarakhand),Highways,Uttarakhand,Navayuga Engineering,NHIDCL / BRO,MoRTH,2020-12-31,2122.8,59.9,60.0,-0.1,0.988,0,0.937,0.79,66.7,1.57,0.759,47.1,67.6,0.503,0.0,4,on_track,0
RVNL-RISH-KAR-PKG-04C,Rishikesh-Karnaprayag Rail Tunnel (125 km) (Pkg 4C - Uttarakhand),Railways,Uttarakhand,Megha Engineering (MEIL),RVNL,Ministry of Railways,2021-01-02,3014.0,72.4,78.0,-5.6,1.101,2,0.899,0.781,47.3,1.85,0.765,26.0,43.1,0.548,0.0,88,at_risk,1
THDC-TEH-PSP-PKG-04D,"Tehri Pumped Storage Hydro Plant (1,000 MW) (Pkg 4D - Uttarakhand)",Power,Uttarakhand,HCC Limited,THDCIL,Ministry of Power,2021-01-04,2563.7,11.7,35.5,-23.8,1.293,0,0.915,0.799,74.3,0.65,0.698,32.9,41.1,0.291,0.0,424,delayed,2
MORTH-CHAR-DHAM-PKG-05E,Char Dham All-Weather Highway (Silkyara-Barkot) (Pkg 5E - Uttarakhand),Highways,Uttarakhand,Navayuga Engineering,NHIDCL / BRO,MoRTH,2021-01-12,2033.8,64.7,74.5,-9.8,1.123,12,0.908,0.844,49.0,1.49,0.723,32.2,47.6,0.375,0.0,86,at_risk,1
RVNL-RISH-KAR-PKG-05F,Rishikesh-Karnaprayag Rail Tunnel (125 km) (Pkg 5F - Uttarakhand),Railways,Uttarakhand,Megha Engineering (MEIL),RVNL,Ministry of Railways,2021-01-13,4375.6,50.1,66.2,-16.1,1.203,0,0.945,0.894,45.2,1.56,0.769,65.1,40.7,0.476,0.0,88,at_risk,1
THDC-TEH-PSP-PKG-05G,"Tehri Pumped Storage Hydro Plant (1,000 MW) (Pkg 5G - Uttarakhand)",Power,Uttarakhand,HCC Limited,THDCIL,Ministry of Power,2021-01-19,707.9,83.8,92.8,-9.0,1.668,18,0.939,0.866,44.6,2.19,0.706,29.2,45.1,0.224,0.0,489,delayed,2
MORTH-CHAR-DHAM-PKG-06H,Char Dham All-Weather Highway (Silkyara-Barkot) (Pkg 6H - Uttarakhand),Highways,Uttarakhand,Navayuga Engineering,NHIDCL / BRO,MoRTH,2021-01-20,4953.4,66.4,78.1,-11.7,1.234,0,0.893,0.763,30.4,1.75,0.755,54.2,41.3,0.416,0.0,64,at_risk,1
RVNL-RISH-KAR-PKG-06A,Rishikesh-Karnaprayag Rail Tunnel (125 km) (Pkg 6A - Uttarakhand),Railways,Uttarakhand,Megha Engineering (MEIL),RVNL,Ministry of Railways,2021-01-26,2942.9,60.1,77.3,-17.2,1.531,36,0.927,0.939,82.3,1.54,0.711,31.7,46.1,0.455,0.0,502,delayed,2
THDC-TEH-PSP-PKG-06B,"Tehri Pumped Storage Hydro Plant (1,000 MW) (Pkg 6B - Uttarakhand)",Power,Uttarakhand,HCC Limited,THDCIL,Ministry of Power,2021-01-27,2458.6,25.2,32.0,-6.8,1.122,12,0.99,0.842,97.4,1.26,0.598,17.4,39.4,0.317,0.0,70,at_risk,1
MORTH-CHAR-DHAM-PKG-07C,Char Dham All-Weather Highway (Silkyara-Barkot) (Pkg 7C - Uttarakhand),Highways,Uttarakhand,Navayuga Engineering,NHIDCL / BRO,MoRTH,2021-02-05,1396.9,64.3,79.4,-15.1,1.568,12,0.872,0.808,53.7,0.99,0.622,52.6,46.3,0.369,0.0,439,delayed,2
RVNL-RISH-KAR-PKG-07D,Rishikesh-Karnaprayag Rail Tunnel (125 km) (Pkg 7D - Uttarakhand),Railways,Uttarakhand,Megha Engineering (MEIL),RVNL,Ministry of Railways,2021-02-06,4583.7,17.5,39.1,-21.6,1.659,24,0.905,0.84,48.8,1.82,0.761,56.2,38.1,0.361,0.0,148,delayed,2
THDC-TEH-PSP-PKG-07E,"Tehri Pumped Storage Hydro Plant (1,000 MW) (Pkg 7E - Uttarakhand)",Power,Uttarakhand,HCC Limited,THDCIL,Ministry of Power,2021-02-14,2966.3,63.8,82.1,-18.3,1.324,12,0.914,0.823,60.5,1.48,0.422,16.8,38.6,0.266,0.0,355,delayed,2
MORTH-CHAR-DHAM-PKG-08F,Char Dham All-Weather Highway (Silkyara-Barkot) (Pkg 8F - Uttarakhand),Highways,Uttarakhand,Navayuga Engineering,NHIDCL / BRO,MoRTH,2021-03-02,4016.3,23.8,43.7,-19.9,1.587,2,0.911,0.809,66.5,0.95,0.799,52.6,44.0,0.396,0.0,223,delayed,2
RVNL-RISH-KAR-PKG-08G,Rishikesh-Karnaprayag Rail Tunnel (125 km) (Pkg 8G - Uttarakhand),Railways,Uttarakhand,Megha Engineering (MEIL),RVNL,Ministry of Railways,2021-03-04,4391.6,30.0,56.0,-26.0,1.409,2,0.932,0.798,41.8,1.3,0.768,63.1,47.1,0.384,0.0,116,delayed,2
THDC-TEH-PSP-PKG-08H,"Tehri Pumped Storage Hydro Plant (1,000 MW) (Pkg 8H - Uttarakhand)",Power,Uttarakhand,HCC Limited,THDCIL,Ministry of Power,2021-03-04,4306.1,21.3,32.3,-11.0,1.183,2,0.936,0.857,85.3,1.02,0.626,25.8,47.3,0.333,0.0,85,at_risk,1
MORTH-CHAR-DHAM-PKG-09A,Char Dham All-Weather Highway (Silkyara-Barkot) (Pkg 9A - Uttarakhand),Highways,Uttarakhand,Navayuga Engineering,NHIDCL / BRO,MoRTH,2021-03-05,3257.2,68.5,64.8,3.7,0.91,0,0.882,0.846,66.1,1.85,0.658,43.1,43.3,0.494,0.0,2,on_track,0
RVNL-RISH-KAR-PKG-09B,Rishikesh-Karnaprayag Rail Tunnel (125 km) (Pkg 9B - Uttarakhand),Railways,Uttarakhand,Megha Engineering (MEIL),RVNL,Ministry of Railways,2021-03-09,4099.0,68.3,86.8,-18.5,1.318,24,0.848,0.834,71.9,1.02,0.816,38.6,39.3,0.472,0.0,429,delayed,2
THDC-TEH-PSP-PKG-09C,"Tehri Pumped Storage Hydro Plant (1,000 MW) (Pkg 9C - Uttarakhand)",Power,Uttarakhand,HCC Limited,THDCIL,Ministry of Power,2021-03-09,2522.8,93.5,90.5,3.0,1.244,2,0.929,0.762,51.2,1.53,0.575,29.8,36.6,0.392,0.0,82,at_risk,1
MORTH-CHAR-DHAM-PKG-10D,Char Dham All-Weather Highway (Silkyara-Barkot) (Pkg 10D - Uttarakhand),Highways,Uttarakhand,Navayuga Engineering,NHIDCL / BRO,MoRTH,2021-03-11,4736.2,76.8,91.8,-15.0,1.656,0,0.87,0.769,90.1,1.14,0.801,39.1,37.5,0.474,0.0,533,delayed,2
RVNL-RISH-KAR-PKG-10E,Rishikesh-Karnaprayag Rail Tunnel (125 km) (Pkg 10E - Uttarakhand),Railways,Uttarakhand,Megha Engineering (MEIL),RVNL,Ministry of Railways,2021-03-14,4928.8,41.7,66.1,-24.4,1.463,0,0.925,0.775,52.3,0.83,0.825,39.4,47.3,0.502,0.0,293,delayed,2
THDC-TEH-PSP-PKG-10F,"Tehri Pumped Storage Hydro Plant (1,000 MW) (Pkg 10F - Uttarakhand)",Power,Uttarakhand,HCC Limited,THDCIL,Ministry of Power,2021-03-18,4351.8,11.7,34.0,-22.3,1.654,2,0.852,0.869,41.6,1.29,0.7,22.3,45.2,0.354,0.0,207,delayed,2
MORTH-CHAR-DHAM-PKG-11G,Char Dham All-Weather Highway (Silkyara-Barkot) (Pkg 11G - Uttarakhand),Highways,Uttarakhand,Navayuga Engineering,NHIDCL / BRO,MoRTH,2021-03-23,1505.5,74.9,81.7,-6.8,1.069,0,0.843,0.813,50.3,1.22,0.683,54.0,42.3,0.457,0.0,49,at_risk,1
RVNL-RISH-KAR-PKG-11H,Rishikesh-Karnaprayag Rail Tunnel (125 km) (Pkg 11H - Uttarakhand),Railways,Uttarakhand,Megha Engineering (MEIL),RVNL,Ministry of Railways,2021-03-24,2372.8,63.1,85.9,-22.8,1.463,12,0.86,0.773,88.0,1.66,0.806,64.4,41.0,0.4,0.0,306,delayed,2
THDC-TEH-PSP-PKG-11A,"Tehri Pumped Storage Hydro Plant (1,000 MW) (Pkg 11A - Uttarakhand)",Power,Uttarakhand,HCC Limited,THDCIL,Ministry of Power,2021-03-25,401.6,64.8,70.9,-6.1,1.14,18,0.795,0.819,39.3,2.03,0.836,25.5,40.1,0.384,0.0,67,at_risk,1
MORTH-CHAR-DHAM-PKG-12B,Char Dham All-Weather Highway (Silkyara-Barkot) (Pkg 12B - Uttarakhand),Highways,Uttarakhand,Navayuga Engineering,NHIDCL / BRO,MoRTH,2021-03-29,2398.2,68.5,75.7,-7.2,1.111,0,0.893,0.814,84.2,1.15,0.703,27.1,45.5,0.569,0.0,82,at_risk,1
RVNL-RISH-KAR-PKG-12C,Rishikesh-Karnaprayag Rail Tunnel (125 km) (Pkg 12C - Uttarakhand),Railways,Uttarakhand,Megha Engineering (MEIL),RVNL,Ministry of Railways,2021-04-01,2925.0,26.7,39.0,-12.3,1.57,18,0.886,0.807,74.8,1.03,0.777,66.1,40.0,0.408,0.0,266,delayed,2
THDC-TEH-PSP-PKG-12D,"Tehri Pumped Storage Hydro Plant (1,000 MW) (Pkg 12D - Uttarakhand)",Power,Uttarakhand,HCC Limited,THDCIL,Ministry of Power,2021-04-03,3139.4,83.7,86.7,-3.0,1.007,0,0.906,0.874,49.1,1.35,0.704,23.2,45.5,0.329,0.0,6,on_track,0
MORTH-CHAR-DHAM-PKG-13E,Char Dham All-Weather Highway (Silkyara-Barkot) (Pkg 13E - Uttarakhand),Highways,Uttarakhand,Navayuga Engineering,NHIDCL / BRO,MoRTH,2021-04-09,1784.0,86.3,87.5,-1.2,1.129,2,0.909,0.812,60.5,1.29,0.686,33.8,46.5,0.498,0.0,20,on_track,0
RVNL-RISH-KAR-PKG-13F,Rishikesh-Karnaprayag Rail Tunnel (125 km) (Pkg 13F - Uttarakhand),Railways,Uttarakhand,Megha Engineering (MEIL),RVNL,Ministry of Railways,2021-04-20,3964.1,43.4,58.3,-14.9,1.828,12,0.949,0.763,67.4,0.81,0.898,65.2,45.4,0.391,0.0,477,delayed,2
THDC-TEH-PSP-PKG-13G,"Tehri Pumped Storage Hydro Plant (1,000 MW) (Pkg 13G - Uttarakhand)",Power,Uttarakhand,HCC Limited,THDCIL,Ministry of Power,2021-04-21,4477.4,88.6,92.6,-4.0,1.324,12,0.867,0.859,67.2,1.59,0.501,20.0,36.2,0.255,0.0,80,at_risk,1
MORTH-CHAR-DHAM-PKG-14H,Char Dham All-Weather Highway (Silkyara-Barkot) (Pkg 14H - Uttarakhand),Highways,Uttarakhand,Navayuga Engineering,NHIDCL / BRO,MoRTH,2021-04-25,1532.6,71.0,76.4,-5.4,1.131,12,0.888,0.837,75.6,1.31,0.799,23.5,38.0,0.466,0.0,62,at_risk,1
RVNL-RISH-KAR-PKG-14A,Rishikesh-Karnaprayag Rail Tunnel (125 km) (Pkg 14A - Uttarakhand),Railways,Uttarakhand,Megha Engineering (MEIL),RVNL,Ministry of Railways,2021-04-25,4782.4,66.4,91.1,-24.7,1.253,0,0.886,0.869,84.1,2.01,0.696,64.2,43.1,0.379,0.0,284,delayed,2
THDC-TEH-PSP-PKG-14B,"Tehri Pumped Storage Hydro Plant (1,000 MW) (Pkg 14B - Uttarakhand)",Power,Uttarakhand,HCC Limited,THDCIL,Ministry of Power,2021-04-27,5038.7,44.0,43.6,0.4,0.967,12,0.923,0.741,57.1,1.94,0.662,31.3,40.0,0.309,0.0,8,on_track,0
KMRC-KOL-MET-PKG-01A,Kolkata Metro Green Line (Under-River Hooghly) (Pkg 1A - West Bengal),Urban Development,West Bengal,Afcons Infrastructure,KMRC,Ministry of Railways,2021-04-28,1748.9,31.9,49.2,-17.3,1.086,2,0.285,0.83,79.0,1.57,0.618,34.4,47.0,0.609,0.0,35,at_risk,1
DFCCIL-EDFC-DAN-PKG-01B,Eastern DFC Sonnagar-Dankuni Section (Pkg 1B - West Bengal),Railways,West Bengal,L&T Construction,DFCCIL,Ministry of Railways,2021-04-29,5107.7,74.4,89.2,-14.8,1.593,36,0.312,0.838,85.1,1.07,0.877,39.3,38.4,0.416,0.0,267,delayed,2
NHAI-VR-EXP-PKG-01C,Varanasi-Kolkata Expressway Bengal Terminal Link (Pkg 1C - West Bengal),Highways,West Bengal,Dilip Buildcon Ltd.,NHAI,MoRTH,2021-05-07,4341.7,55.2,68.5,-13.3,1.214,0,0.415,0.862,36.9,1.99,0.59,44.8,45.9,0.528,0.0,52,at_risk,1
KMRC-KOL-MET-PKG-02D,Kolkata Metro Green Line (Under-River Hooghly) (Pkg 2D - West Bengal),Urban Development,West Bengal,Afcons Infrastructure,KMRC,Ministry of Railways,2021-05-10,3482.2,49.8,53.7,-3.9,1.092,6,0.453,0.796,32.8,1.59,0.664,27.1,44.3,0.562,0.0,11,on_track,0
DFCCIL-EDFC-DAN-PKG-02E,Eastern DFC Sonnagar-Dankuni Section (Pkg 2E - West Bengal),Railways,West Bengal,L&T Construction,DFCCIL,Ministry of Railways,2021-05-11,4889.5,58.6,78.8,-20.2,1.155,0,0.283,0.823,55.0,2.03,0.888,36.9,44.8,0.308,0.0,88,at_risk,1
NHAI-VR-EXP-PKG-02F,Varanasi-Kolkata Expressway Bengal Terminal Link (Pkg 2F - West Bengal),Highways,West Bengal,Dilip Buildcon Ltd.,NHAI,MoRTH,2021-05-24,2596.7,48.8,70.0,-21.2,1.672,6,0.396,0.787,71.7,1.59,0.69,43.8,37.8,0.41,0.0,133,delayed,2
KMRC-KOL-MET-PKG-03G,Kolkata Metro Green Line (Under-River Hooghly) (Pkg 3G - West Bengal),Urban Development,West Bengal,Afcons Infrastructure,KMRC,Ministry of Railways,2021-05-24,691.3,19.1,30.6,-11.5,1.308,18,0.324,0.835,94.6,0.88,0.504,18.9,44.4,0.572,0.0,75,at_risk,1
DFCCIL-EDFC-DAN-PKG-03H,Eastern DFC Sonnagar-Dankuni Section (Pkg 3H - West Bengal),Railways,West Bengal,L&T Construction,DFCCIL,Ministry of Railways,2021-05-24,659.1,40.9,51.3,-10.4,1.293,36,0.374,0.743,51.3,1.15,0.742,30.8,47.9,0.392,0.0,317,delayed,2
NHAI-VR-EXP-PKG-03A,Varanasi-Kolkata Expressway Bengal Terminal Link (Pkg 3A - West Bengal),Highways,West Bengal,Dilip Buildcon Ltd.,NHAI,MoRTH,2021-05-30,4411.8,32.5,35.8,-3.3,1.063,2,0.357,0.72,77.9,0.75,0.708,30.3,41.1,0.479,0.0,6,on_track,0
KMRC-KOL-MET-PKG-04B,Kolkata Metro Green Line (Under-River Hooghly) (Pkg 4B - West Bengal),Urban Development,West Bengal,Afcons Infrastructure,KMRC,Ministry of Railways,2021-06-08,4497.2,31.9,33.7,-1.8,1.126,0,0.386,0.813,49.1,1.99,0.57,29.0,35.5,0.537,0.0,19,on_track,0
DFCCIL-EDFC-DAN-PKG-04C,Eastern DFC Sonnagar-Dankuni Section (Pkg 4C - West Bengal),Railways,West Bengal,L&T Construction,DFCCIL,Ministry of Railways,2021-06-18,4409.6,31.8,58.3,-26.5,1.342,24,0.35,0.854,84.9,0.96,0.892,30.0,42.3,0.327,0.0,263,delayed,2
NHAI-VR-EXP-PKG-04D,Varanasi-Kolkata Expressway Bengal Terminal Link (Pkg 4D - West Bengal),Highways,West Bengal,Dilip Buildcon Ltd.,NHAI,MoRTH,2021-06-25,3550.6,50.8,73.0,-22.2,1.483,0,0.434,0.799,62.5,1.31,0.747,36.6,40.6,0.468,0.0,434,delayed,2
KMRC-KOL-MET-PKG-05E,Kolkata Metro Green Line (Under-River Hooghly) (Pkg 5E - West Bengal),Urban Development,West Bengal,Afcons Infrastructure,KMRC,Ministry of Railways,2021-06-25,4106.4,84.3,88.9,-4.6,0.952,2,0.373,0.86,89.2,1.59,0.573,25.1,42.9,0.57,0.0,10,on_track,0
DFCCIL-EDFC-DAN-PKG-05F,Eastern DFC Sonnagar-Dankuni Section (Pkg 5F - West Bengal),Railways,West Bengal,L&T Construction,DFCCIL,Ministry of Railways,2021-06-28,3793.9,49.1,61.9,-12.8,1.215,12,0.405,0.777,84.2,0.77,0.716,26.7,45.8,0.417,0.0,39,at_risk,1
NHAI-VR-EXP-PKG-05G,Varanasi-Kolkata Expressway Bengal Terminal Link (Pkg 5G - West Bengal),Highways,West Bengal,Dilip Buildcon Ltd.,NHAI,MoRTH,2021-06-30,1518.4,40.3,42.0,-1.7,1.048,2,0.291,0.863,66.7,0.85,0.759,23.2,39.7,0.432,0.0,0,on_track,0
KMRC-KOL-MET-PKG-06H,Kolkata Metro Green Line (Under-River Hooghly) (Pkg 6H - West Bengal),Urban Development,West Bengal,Afcons Infrastructure,KMRC,Ministry of Railways,2021-07-03,2414.5,63.8,74.2,-10.4,1.271,12,0.362,0.864,50.0,1.88,0.744,38.8,39.1,0.49,0.0,46,at_risk,1
DFCCIL-EDFC-DAN-PKG-06A,Eastern DFC Sonnagar-Dankuni Section (Pkg 6A - West Bengal),Railways,West Bengal,L&T Construction,DFCCIL,Ministry of Railways,2021-07-03,404.8,83.8,89.8,-6.0,1.024,12,0.428,0.781,46.1,2.16,0.905,28.1,36.1,0.44,0.0,47,at_risk,1
NHAI-VR-EXP-PKG-06B,Varanasi-Kolkata Expressway Bengal Terminal Link (Pkg 6B - West Bengal),Highways,West Bengal,Dilip Buildcon Ltd.,NHAI,MoRTH,2021-07-09,3525.5,93.4,94.8,-1.4,0.961,0,0.411,0.796,64.0,1.31,0.497,43.6,44.3,0.418,0.0,8,on_track,0
KMRC-KOL-MET-PKG-07C,Kolkata Metro Green Line (Under-River Hooghly) (Pkg 7C - West Bengal),Urban Development,West Bengal,Afcons Infrastructure,KMRC,Ministry of Railways,2021-07-11,859.6,20.2,38.1,-17.9,1.217,12,0.303,0.806,82.5,1.98,0.606,36.2,37.1,0.568,0.0,440,delayed,2
DFCCIL-EDFC-DAN-PKG-07D,Eastern DFC Sonnagar-Dankuni Section (Pkg 7D - West Bengal),Railways,West Bengal,L&T Construction,DFCCIL,Ministry of Railways,2021-07-16,4721.3,84.7,87.2,-2.5,1.212,0,0.379,0.735,59.7,1.68,0.919,39.2,35.9,0.367,0.0,84,at_risk,1
NHAI-VR-EXP-PKG-07E,Varanasi-Kolkata Expressway Bengal Terminal Link (Pkg 7E - West Bengal),Highways,West Bengal,Dilip Buildcon Ltd.,NHAI,MoRTH,2021-07-17,1673.6,73.9,70.9,3.0,0.869,2,0.417,0.877,76.3,2.13,0.767,29.6,38.2,0.4,0.0,19,on_track,0
KMRC-KOL-MET-PKG-08F,Kolkata Metro Green Line (Under-River Hooghly) (Pkg 8F - West Bengal),Urban Development,West Bengal,Afcons Infrastructure,KMRC,Ministry of Railways,2021-07-21,1123.4,17.0,34.6,-17.6,1.575,0,0.409,0.814,71.2,0.86,0.671,18.4,42.3,0.59,0.0,439,delayed,2
DFCCIL-EDFC-DAN-PKG-08G,Eastern DFC Sonnagar-Dankuni Section (Pkg 8G - West Bengal),Railways,West Bengal,L&T Construction,DFCCIL,Ministry of Railways,2021-07-23,4424.3,31.5,36.1,-4.6,1.177,2,0.407,0.875,80.3,1.93,0.759,39.3,37.9,0.31,0.0,79,at_risk,1
NHAI-VR-EXP-PKG-08H,Varanasi-Kolkata Expressway Bengal Terminal Link (Pkg 8H - West Bengal),Highways,West Bengal,Dilip Buildcon Ltd.,NHAI,MoRTH,2021-07-29,1315.2,68.6,76.5,-7.9,1.177,6,0.349,0.781,41.7,1.89,0.769,45.0,41.1,0.44,0.0,78,at_risk,1
KMRC-KOL-MET-PKG-09A,Kolkata Metro Green Line (Under-River Hooghly) (Pkg 9A - West Bengal),Urban Development,West Bengal,Afcons Infrastructure,KMRC,Ministry of Railways,2021-07-31,1115.4,88.1,92.9,-4.8,1.241,6,0.344,0.899,31.2,0.88,0.601,34.9,45.8,0.413,0.0,47,at_risk,1
DFCCIL-EDFC-DAN-PKG-09B,Eastern DFC Sonnagar-Dankuni Section (Pkg 9B - West Bengal),Railways,West Bengal,L&T Construction,DFCCIL,Ministry of Railways,2021-08-05,2237.5,88.6,94.3,-5.7,1.277,2,0.311,0.763,87.3,0.8,0.713,33.8,38.6,0.388,0.0,65,at_risk,1
NHAI-VR-EXP-PKG-09C,Varanasi-Kolkata Expressway Bengal Terminal Link (Pkg 9C - West Bengal),Highways,West Bengal,Dilip Buildcon Ltd.,NHAI,MoRTH,2021-08-09,1336.2,28.1,30.1,-2.0,1.117,0,0.393,0.875,57.4,2.16,0.698,51.4,39.6,0.41,0.0,8,on_track,0
KMRC-KOL-MET-PKG-10D,Kolkata Metro Green Line (Under-River Hooghly) (Pkg 10D - West Bengal),Urban Development,West Bengal,Afcons Infrastructure,KMRC,Ministry of Railways,2021-08-14,3909.7,28.9,33.2,-4.3,1.262,2,0.361,0.88,59.2,1.91,0.529,38.8,45.0,0.527,0.0,77,at_risk,1
DFCCIL-EDFC-DAN-PKG-10E,Eastern DFC Sonnagar-Dankuni Section (Pkg 10E - West Bengal),Railways,West Bengal,L&T Construction,DFCCIL,Ministry of Railways,2021-08-14,1789.3,53.2,78.5,-25.3,1.463,24,0.385,0.753,71.3,1.46,0.821,28.3,43.8,0.466,0.0,94,delayed,2
NHAI-VR-EXP-PKG-10F,Varanasi-Kolkata Expressway Bengal Terminal Link (Pkg 10F - West Bengal),Highways,West Bengal,Dilip Buildcon Ltd.,NHAI,MoRTH,2021-08-16,2988.1,32.7,45.5,-12.8,1.398,0,0.372,0.749,70.1,1.38,0.672,54.5,43.7,0.505,0.0,254,delayed,2
KMRC-KOL-MET-PKG-11G,Kolkata Metro Green Line (Under-River Hooghly) (Pkg 11G - West Bengal),Urban Development,West Bengal,Afcons Infrastructure,KMRC,Ministry of Railways,2021-08-26,4156.4,77.5,85.1,-7.6,1.296,24,0.301,0.847,89.2,2.17,0.674,27.4,44.0,0.475,0.0,62,at_risk,1
DFCCIL-EDFC-DAN-PKG-11H,Eastern DFC Sonnagar-Dankuni Section (Pkg 11H - West Bengal),Railways,West Bengal,L&T Construction,DFCCIL,Ministry of Railways,2021-08-27,781.4,57.0,56.3,0.7,0.85,0,0.356,0.829,60.5,2.15,0.718,26.6,37.5,0.509,0.0,12,on_track,0
NHAI-VR-EXP-PKG-11A,Varanasi-Kolkata Expressway Bengal Terminal Link (Pkg 11A - West Bengal),Highways,West Bengal,Dilip Buildcon Ltd.,NHAI,MoRTH,2021-08-31,3176.6,41.0,46.8,-5.8,1.05,0,0.39,0.799,58.3,1.9,0.747,50.5,41.1,0.443,0.0,64,at_risk,1
KMRC-KOL-MET-PKG-12B,Kolkata Metro Green Line (Under-River Hooghly) (Pkg 12B - West Bengal),Urban Development,West Bengal,Afcons Infrastructure,KMRC,Ministry of Railways,2021-09-03,1657.8,40.2,46.5,-6.3,1.147,0,0.387,0.836,95.6,0.67,0.721,27.5,44.4,0.439,0.0,80,at_risk,1
DFCCIL-EDFC-DAN-PKG-12C,Eastern DFC Sonnagar-Dankuni Section (Pkg 12C - West Bengal),Railways,West Bengal,L&T Construction,DFCCIL,Ministry of Railways,2021-09-05,4665.3,61.0,73.7,-12.7,1.264,24,0.437,0.847,75.1,2.17,0.721,33.0,39.1,0.255,0.0,515,delayed,2
NHAI-VR-EXP-PKG-12D,Varanasi-Kolkata Expressway Bengal Terminal Link (Pkg 12D - West Bengal),Highways,West Bengal,Dilip Buildcon Ltd.,NHAI,MoRTH,2021-09-05,433.6,76.2,80.7,-4.5,1.029,0,0.333,0.801,50.6,1.99,0.71,36.7,39.6,0.395,0.0,4,on_track,0
KMRC-KOL-MET-PKG-13E,Kolkata Metro Green Line (Under-River Hooghly) (Pkg 13E - West Bengal),Urban Development,West Bengal,Afcons Infrastructure,KMRC,Ministry of Railways,2021-09-09,4196.8,36.1,49.3,-13.2,1.148,12,0.344,0.834,99.5,1.22,0.664,36.7,40.9,0.615,0.0,74,at_risk,1
DFCCIL-EDFC-DAN-PKG-13F,Eastern DFC Sonnagar-Dankuni Section (Pkg 13F - West Bengal),Railways,West Bengal,L&T Construction,DFCCIL,Ministry of Railways,2021-09-18,855.5,19.0,35.6,-16.6,1.195,0,0.389,0.807,71.2,0.92,0.816,45.8,43.8,0.431,0.0,433,delayed,2
NHAI-VR-EXP-PKG-13G,Varanasi-Kolkata Expressway Bengal Terminal Link (Pkg 13G - West Bengal),Highways,West Bengal,Dilip Buildcon Ltd.,NHAI,MoRTH,2021-09-25,3723.0,60.0,62.1,-2.1,0.905,12,0.367,0.929,61.6,1.52,0.754,33.8,35.0,0.402,0.0,20,on_track,0
KMRC-KOL-MET-PKG-14H,Kolkata Metro Green Line (Under-River Hooghly) (Pkg 14H - West Bengal),Urban Development,West Bengal,Afcons Infrastructure,KMRC,Ministry of Railways,2021-09-27,956.6,22.0,32.1,-10.1,1.047,2,0.418,0.856,94.3,1.87,0.554,40.5,38.7,0.453,0.0,64,at_risk,1
DFCCIL-EDFC-DAN-PKG-14A,Eastern DFC Sonnagar-Dankuni Section (Pkg 14A - West Bengal),Railways,West Bengal,L&T Construction,DFCCIL,Ministry of Railways,2021-09-29,1137.8,39.8,51.8,-12.0,1.351,6,0.331,0.755,70.9,0.71,0.794,37.7,46.4,0.31,0.0,31,at_risk,1
NHAI-VR-EXP-PKG-14B,Varanasi-Kolkata Expressway Bengal Terminal Link (Pkg 14B - West Bengal),Highways,West Bengal,Dilip Buildcon Ltd.,NHAI,MoRTH,2021-10-04,995.1,77.4,76.0,1.4,1.195,2,0.347,0.856,95.0,1.17,0.711,54.3,44.9,0.532,0.0,34,at_risk,1
KMRC-KOL-MET-PKG-15C,Kolkata Metro Green Line (Under-River Hooghly) (Pkg 15C - West Bengal),Urban Development,West Bengal,Afcons Infrastructure,KMRC,Ministry of Railways,2021-10-10,3649.2,82.7,83.7,-1.0,1.218,2,0.351,0.825,31.0,1.15,0.681,25.3,47.1,0.462,0.0,82,at_risk,1
DFCCIL-EDFC-DAN-PKG-15D,Eastern DFC Sonnagar-Dankuni Section (Pkg 15D - West Bengal),Railways,West Bengal,L&T Construction,DFCCIL,Ministry of Railways,2021-10-10,3758.1,50.8,58.9,-8.1,1.027,0,0.376,0.761,34.9,0.92,0.742,39.3,35.3,0.405,0.0,56,at_risk,1
NHAI-VR-EXP-PKG-15E,Varanasi-Kolkata Expressway Bengal Terminal Link (Pkg 15E - West Bengal),Highways,West Bengal,Dilip Buildcon Ltd.,NHAI,MoRTH,2021-10-13,4917.9,29.8,40.8,-11.0,1.083,2,0.369,0.833,79.8,1.98,0.653,48.5,47.2,0.565,0.0,73,at_risk,1
KMRC-KOL-MET-PKG-16F,Kolkata Metro Green Line (Under-River Hooghly) (Pkg 16F - West Bengal),Urban Development,West Bengal,Afcons Infrastructure,KMRC,Ministry of Railways,2021-10-19,4511.6,72.0,70.8,1.2,0.886,2,0.381,0.719,97.0,1.25,0.634,29.8,36.3,0.488,0.0,0,on_track,0
DFCCIL-EDFC-DAN-PKG-16G,Eastern DFC Sonnagar-Dankuni Section (Pkg 16G - West Bengal),Railways,West Bengal,L&T Construction,DFCCIL,Ministry of Railways,2021-10-30,5104.2,44.0,58.0,-14.0,1.496,6,0.453,0.877,31.3,0.81,0.797,31.7,39.7,0.362,0.0,287,delayed,2
NHAI-VR-EXP-PKG-16H,Varanasi-Kolkata Expressway Bengal Terminal Link (Pkg 16H - West Bengal),Highways,West Bengal,Dilip Buildcon Ltd.,NHAI,MoRTH,2021-11-02,2776.2,30.8,37.6,-6.8,1.194,2,0.442,0.892,99.6,1.41,0.583,49.5,45.9,0.376,0.0,32,at_risk,1
KMRC-KOL-MET-PKG-17A,Kolkata Metro Green Line (Under-River Hooghly) (Pkg 17A - West Bengal),Urban Development,West Bengal,Afcons Infrastructure,KMRC,Ministry of Railways,2021-11-05,5013.8,71.0,91.4,-20.4,1.347,12,0.335,0.758,40.5,2.12,0.7,42.7,41.6,0.493,0.0,166,delayed,2
DFCCIL-EDFC-DAN-PKG-17B,Eastern DFC Sonnagar-Dankuni Section (Pkg 17B - West Bengal),Railways,West Bengal,L&T Construction,DFCCIL,Ministry of Railways,2021-11-09,2251.4,68.5,75.1,-6.6,1.469,2,0.451,0.842,79.8,1.3,0.724,38.4,35.9,0.447,0.0,255,delayed,2
NHAI-VR-EXP-PKG-17C,Varanasi-Kolkata Expressway Bengal Terminal Link (Pkg 17C - West Bengal),Highways,West Bengal,Dilip Buildcon Ltd.,NHAI,MoRTH,2021-11-10,4219.0,16.2,30.5,-14.3,1.133,0,0.378,0.795,87.7,1.14,0.711,36.0,40.9,0.543,0.0,67,at_risk,1
KMRC-KOL-MET-PKG-18D,Kolkata Metro Green Line (Under-River Hooghly) (Pkg 18D - West Bengal),Urban Development,West Bengal,Afcons Infrastructure,KMRC,Ministry of Railways,2021-11-11,3908.5,94.1,91.5,2.6,0.924,0,0.341,0.861,83.5,1.75,0.617,30.2,37.1,0.434,0.0,27,on_track,0
DFCCIL-EDFC-DAN-PKG-18E,Eastern DFC Sonnagar-Dankuni Section (Pkg 18E - West Bengal),Railways,West Bengal,L&T Construction,DFCCIL,Ministry of Railways,2021-11-14,4318.0,65.9,71.7,-5.8,1.114,12,0.319,0.827,87.3,1.26,0.691,36.0,42.7,0.467,0.0,65,at_risk,1
NHAI-VR-EXP-PKG-18F,Varanasi-Kolkata Expressway Bengal Terminal Link (Pkg 18F - West Bengal),Highways,West Bengal,Dilip Buildcon Ltd.,NHAI,MoRTH,2021-12-07,3947.1,8.2,30.4,-22.2,1.701,36,0.427,0.781,63.6,1.64,0.746,21.0,46.4,0.447,0.0,384,delayed,2
KMRC-KOL-MET-PKG-19G,Kolkata Metro Green Line (Under-River Hooghly) (Pkg 19G - West Bengal),Urban Development,West Bengal,Afcons Infrastructure,KMRC,Ministry of Railways,2021-12-19,591.9,89.6,88.3,1.3,0.939,0,0.381,0.799,69.1,1.37,0.605,32.2,42.5,0.583,0.0,7,on_track,0
DFCCIL-EDFC-DAN-PKG-19H,Eastern DFC Sonnagar-Dankuni Section (Pkg 19H - West Bengal),Railways,West Bengal,L&T Construction,DFCCIL,Ministry of Railways,2022-01-04,388.4,56.8,65.4,-8.6,1.111,0,0.445,0.864,92.0,0.87,0.895,57.8,43.6,0.354,0.0,47,at_risk,1
NHAI-VR-EXP-PKG-19A,Varanasi-Kolkata Expressway Bengal Terminal Link (Pkg 19A - West Bengal),Highways,West Bengal,Dilip Buildcon Ltd.,NHAI,MoRTH,2022-01-12,1107.6,76.1,79.4,-3.3,1.022,0,0.399,0.809,35.1,2.19,0.819,37.3,46.3,0.522,0.0,27,on_track,0
KMRC-KOL-MET-PKG-20B,Kolkata Metro Green Line (Under-River Hooghly) (Pkg 20B - West Bengal),Urban Development,West Bengal,Afcons Infrastructure,KMRC,Ministry of Railways,2022-01-15,758.8,52.1,52.4,-0.3,0.931,0,0.364,0.849,81.7,1.28,0.714,41.9,41.6,0.681,0.0,27,on_track,0
DFCCIL-EDFC-DAN-PKG-20C,Eastern DFC Sonnagar-Dankuni Section (Pkg 20C - West Bengal),Railways,West Bengal,L&T Construction,DFCCIL,Ministry of Railways,2022-02-06,659.5,53.6,81.0,-27.4,1.584,2,0.33,0.824,93.9,0.67,0.886,28.3,43.4,0.38,0.0,521,delayed,2
NHAI-VR-EXP-PKG-20D,Varanasi-Kolkata Expressway Bengal Terminal Link (Pkg 20D - West Bengal),Highways,West Bengal,Dilip Buildcon Ltd.,NHAI,MoRTH,2022-02-07,3455.2,74.3,73.6,0.7,1.1,2,0.416,0.802,49.3,1.27,0.707,27.1,38.6,0.474,0.0,65,at_risk,1
IPA-GAL-BAY-PKG-01A,Great Nicobar International Transshipment Terminal (Pkg 1A - Andaman & Nicobar),Highways,Andaman & Nicobar,L&T Construction,IPA / Andaman Admin,Ministry of Ports,2022-02-14,891.3,30.7,39.3,-8.6,1.479,24,0.685,0.877,73.1,0.9,0.871,48.4,35.3,0.532,0.0,390,delayed,2
NHIDCL-AND-TRK-PKG-01B,Andaman Trunk Road Middle Strait Bridge (NH-4) (Pkg 1B - Andaman & Nicobar),Highways,Andaman & Nicobar,HCC Limited,NHIDCL,MoRTH,2022-02-22,1837.4,92.5,93.5,-1.0,0.977,0,0.694,0.907,32.4,1.31,0.603,44.5,45.5,0.426,0.0,27,on_track,0
IPA-GAL-BAY-PKG-02C,Great Nicobar International Transshipment Terminal (Pkg 2C - Andaman & Nicobar),Highways,Andaman & Nicobar,L&T Construction,IPA / Andaman Admin,Ministry of Ports,2022-02-23,1519.7,70.2,78.5,-8.3,1.109,0,0.733,0.801,62.0,0.98,0.729,41.5,46.3,0.488,0.0,58,at_risk,1
NHIDCL-AND-TRK-PKG-02D,Andaman Trunk Road Middle Strait Bridge (NH-4) (Pkg 2D - Andaman & Nicobar),Highways,Andaman & Nicobar,HCC Limited,NHIDCL,MoRTH,2022-02-25,4263.0,30.3,46.5,-16.2,1.561,12,0.786,0.808,34.5,1.1,0.682,26.6,39.0,0.432,0.0,380,delayed,2
IPA-GAL-BAY-PKG-03E,Great Nicobar International Transshipment Terminal (Pkg 3E - Andaman & Nicobar),Highways,Andaman & Nicobar,L&T Construction,IPA / Andaman Admin,Ministry of Ports,2022-03-01,4600.1,28.6,53.1,-24.5,1.476,18,0.745,0.923,41.4,0.87,0.625,23.0,42.3,0.495,0.0,487,delayed,2
NHIDCL-AND-TRK-PKG-03F,Andaman Trunk Road Middle Strait Bridge (NH-4) (Pkg 3F - Andaman & Nicobar),Highways,Andaman & Nicobar,HCC Limited,NHIDCL,MoRTH,2022-03-08,1712.7,51.5,63.5,-12.0,1.347,0,0.719,0.903,32.0,1.28,0.797,45.7,42.6,0.476,0.0,501,delayed,2
IPA-GAL-BAY-PKG-04G,Great Nicobar International Transshipment Terminal (Pkg 4G - Andaman & Nicobar),Highways,Andaman & Nicobar,L&T Construction,IPA / Andaman Admin,Ministry of Ports,2022-03-28,2422.9,20.1,30.2,-10.1,1.186,0,0.738,0.894,96.8,1.35,0.654,24.8,36.7,0.568,0.0,69,at_risk,1
NHIDCL-AND-TRK-PKG-04H,Andaman Trunk Road Middle Strait Bridge (NH-4) (Pkg 4H - Andaman & Nicobar),Highways,Andaman & Nicobar,HCC Limited,NHIDCL,MoRTH,2022-04-02,4050.5,22.6,32.9,-10.3,1.133,0,0.723,0.958,42.1,1.93,0.547,48.2,45.4,0.517,0.0,88,at_risk,1
MORTH-CHD-LOG-PKG-01A,Chandigarh Integrated Multimodal Logistics Hub (Pkg 1A - Chandigarh),Highways,Chandigarh,PNC Infratech,MoRTH / UT Admin,MoRTH,2022-04-06,2120.7,27.1,35.3,-8.2,1.178,0,0.268,0.294,38.9,1.48,0.612,24.2,38.2,0.4,0.0,76,at_risk,1
MORTH-CHD-LOG-PKG-02B,Chandigarh Integrated Multimodal Logistics Hub (Pkg 2B - Chandigarh),Highways,Chandigarh,PNC Infratech,MoRTH / UT Admin,MoRTH,2022-04-10,1696.7,51.5,54.3,-2.8,1.356,2,0.28,0.393,39.9,1.82,0.825,25.2,42.6,0.514,0.0,38,at_risk,1
MORTH-CHD-LOG-PKG-03C,Chandigarh Integrated Multimodal Logistics Hub (Pkg 3C - Chandigarh),Highways,Chandigarh,PNC Infratech,MoRTH / UT Admin,MoRTH,2022-04-18,1675.9,60.8,59.7,1.1,0.951,2,0.245,0.322,71.6,0.97,0.782,30.7,37.7,0.543,0.0,23,on_track,0
MORTH-CHD-LOG-PKG-04D,Chandigarh Integrated Multimodal Logistics Hub (Pkg 4D - Chandigarh),Highways,Chandigarh,PNC Infratech,MoRTH / UT Admin,MoRTH,2022-04-21,452.1,41.2,48.9,-7.7,0.95,0,0.299,0.265,53.5,1.56,0.619,32.2,41.8,0.501,0.0,65,at_risk,1
MORTH-CHD-LOG-PKG-05E,Chandigarh Integrated Multimodal Logistics Hub (Pkg 5E - Chandigarh),Highways,Chandigarh,PNC Infratech,MoRTH / UT Admin,MoRTH,2022-04-23,4813.6,21.8,36.5,-14.7,1.366,12,0.269,0.343,37.1,1.89,0.804,25.4,36.6,0.459,0.0,418,delayed,2
MORTH-CHD-LOG-PKG-06F,Chandigarh Integrated Multimodal Logistics Hub (Pkg 6F - Chandigarh),Highways,Chandigarh,PNC Infratech,MoRTH / UT Admin,MoRTH,2022-04-29,4674.9,47.4,51.5,-4.1,1.183,0,0.276,0.349,97.9,1.55,0.72,44.0,41.0,0.426,0.0,62,at_risk,1
MORTH-CHD-LOG-PKG-07G,Chandigarh Integrated Multimodal Logistics Hub (Pkg 7G - Chandigarh),Highways,Chandigarh,PNC Infratech,MoRTH / UT Admin,MoRTH,2022-05-09,4620.6,42.6,41.4,1.2,1.271,0,0.194,0.295,76.4,1.43,0.61,45.0,43.6,0.459,0.0,60,at_risk,1
MORTH-CHD-LOG-PKG-08H,Chandigarh Integrated Multimodal Logistics Hub (Pkg 8H - Chandigarh),Highways,Chandigarh,PNC Infratech,MoRTH / UT Admin,MoRTH,2022-05-10,4057.3,26.9,33.0,-6.1,1.112,0,0.246,0.3,69.6,2.02,0.734,29.7,39.2,0.486,0.0,53,at_risk,1
PWD-DAM-CST-PKG-01A,Daman Seafront Coastal Ring Corridor & Bridge (Pkg 1A - Dadra & Nagar Haveli),Highways,Dadra & Nagar Haveli,JMC Projects,UT PWD,MoRTH / MHA,2022-05-15,605.2,42.9,59.8,-16.9,1.388,12,0.424,0.493,69.0,1.16,0.559,31.2,39.5,0.417,0.0,275,delayed,2
PWD-DAM-CST-PKG-02B,Daman Seafront Coastal Ring Corridor & Bridge (Pkg 2B - Dadra & Nagar Haveli),Highways,Dadra & Nagar Haveli,JMC Projects,UT PWD,MoRTH / MHA,2022-05-20,2490.9,10.6,42.4,-31.8,1.64,18,0.386,0.479,62.4,1.65,0.776,26.5,38.4,0.475,0.0,221,delayed,2
PWD-DAM-CST-PKG-03C,Daman Seafront Coastal Ring Corridor & Bridge (Pkg 3C - Dadra & Nagar Haveli),Highways,Dadra & Nagar Haveli,JMC Projects,UT PWD,MoRTH / MHA,2022-05-26,3488.0,55.0,55.2,-0.2,1.207,6,0.39,0.505,33.0,1.94,0.751,50.2,45.9,0.389,0.0,38,at_risk,1
PWD-DAM-CST-PKG-04D,Daman Seafront Coastal Ring Corridor & Bridge (Pkg 4D - Dadra & Nagar Haveli),Highways,Dadra & Nagar Haveli,JMC Projects,UT PWD,MoRTH / MHA,2022-06-13,4896.7,83.0,92.6,-9.6,1.514,18,0.455,0.527,39.0,1.13,0.726,41.0,38.2,0.487,0.0,384,delayed,2
PWD-DAM-CST-PKG-05E,Daman Seafront Coastal Ring Corridor & Bridge (Pkg 5E - Dadra & Nagar Haveli),Highways,Dadra & Nagar Haveli,JMC Projects,UT PWD,MoRTH / MHA,2022-06-13,1118.8,82.6,84.9,-2.3,1.013,2,0.447,0.428,41.2,1.86,0.553,28.4,38.9,0.531,0.0,18,on_track,0
PWD-DAM-CST-PKG-06F,Daman Seafront Coastal Ring Corridor & Bridge (Pkg 6F - Dadra & Nagar Haveli),Highways,Dadra & Nagar Haveli,JMC Projects,UT PWD,MoRTH / MHA,2022-06-19,4047.4,29.8,39.4,-9.6,1.275,18,0.481,0.468,87.7,0.91,0.852,52.4,42.5,0.412,0.0,48,at_risk,1
PWD-DAM-CST-PKG-07G,Daman Seafront Coastal Ring Corridor & Bridge (Pkg 7G - Dadra & Nagar Haveli),Highways,Dadra & Nagar Haveli,JMC Projects,UT PWD,MoRTH / MHA,2022-07-08,4516.5,65.8,69.7,-3.9,1.179,0,0.464,0.53,88.2,1.71,0.834,25.7,35.4,0.521,0.0,85,at_risk,1
PWD-DAM-CST-PKG-08H,Daman Seafront Coastal Ring Corridor & Bridge (Pkg 8H - Dadra & Nagar Haveli),Highways,Dadra & Nagar Haveli,JMC Projects,UT PWD,MoRTH / MHA,2022-07-09,721.7,61.3,69.2,-7.9,1.231,0,0.491,0.478,89.5,0.98,0.77,33.1,44.7,0.472,0.0,86,at_risk,1
DMRC-PH4-DC-PKG-01A,Delhi Metro Phase IV (Aerocity-Tughlakabad) (Pkg 1A - Delhi),Urban Development,Delhi,L&T Construction,DMRC,MoHUA / Delhi Govt,2022-07-18,2751.2,69.8,70.8,-1.0,1.087,0,0.2,0.324,31.5,1.07,0.62,22.3,40.8,0.522,0.0,8,on_track,0
NHAI-UER-II-PKG-01B,Urban Extension Road-II (UER-II Expressway) (Pkg 1B - Delhi),Highways,Delhi,J. Kumar Infraprojects,NHAI,MoRTH,2022-07-28,1372.7,76.3,79.5,-3.2,1.059,0,0.312,0.378,60.0,2.03,0.648,35.5,35.2,0.401,0.0,28,on_track,0
DMRC-PH4-DC-PKG-02C,Delhi Metro Phase IV (Aerocity-Tughlakabad) (Pkg 2C - Delhi),Urban Development,Delhi,L&T Construction,DMRC,MoHUA / Delhi Govt,2022-07-28,3700.9,85.6,87.4,-1.8,1.014,6,0.294,0.355,55.6,0.74,0.705,21.6,45.8,0.45,0.0,26,on_track,0
NHAI-UER-II-PKG-02D,Urban Extension Road-II (UER-II Expressway) (Pkg 2D - Delhi),Highways,Delhi,J. Kumar Infraprojects,NHAI,MoRTH,2022-07-29,1884.2,72.8,82.5,-9.7,1.144,0,0.301,0.341,73.7,1.5,0.675,43.5,37.7,0.524,0.0,58,at_risk,1
DMRC-PH4-DC-PKG-03E,Delhi Metro Phase IV (Aerocity-Tughlakabad) (Pkg 3E - Delhi),Urban Development,Delhi,L&T Construction,DMRC,MoHUA / Delhi Govt,2022-08-06,4671.5,66.9,72.9,-6.0,1.289,0,0.285,0.375,62.5,1.92,0.67,30.5,44.4,0.584,0.0,79,at_risk,1
NHAI-UER-II-PKG-03F,Urban Extension Road-II (UER-II Expressway) (Pkg 3F - Delhi),Highways,Delhi,J. Kumar Infraprojects,NHAI,MoRTH,2022-08-06,4898.3,73.9,71.8,2.1,0.994,0,0.263,0.272,96.2,1.06,0.777,27.2,43.8,0.434,0.0,16,on_track,0
DMRC-PH4-DC-PKG-04G,Delhi Metro Phase IV (Aerocity-Tughlakabad) (Pkg 4G - Delhi),Urban Development,Delhi,L&T Construction,DMRC,MoHUA / Delhi Govt,2022-08-07,5047.6,43.7,51.1,-7.4,1.147,24,0.262,0.328,72.7,1.38,0.508,32.8,40.6,0.578,0.0,68,at_risk,1
NHAI-UER-II-PKG-04H,Urban Extension Road-II (UER-II Expressway) (Pkg 4H - Delhi),Highways,Delhi,J. Kumar Infraprojects,NHAI,MoRTH,2022-08-19,2949.7,66.4,82.4,-16.0,1.584,12,0.297,0.291,73.0,0.8,0.763,41.2,46.6,0.373,0.0,360,delayed,2
DMRC-PH4-DC-PKG-05A,Delhi Metro Phase IV (Aerocity-Tughlakabad) (Pkg 5A - Delhi),Urban Development,Delhi,L&T Construction,DMRC,MoHUA / Delhi Govt,2022-08-21,1251.1,24.8,33.6,-8.8,1.06,12,0.278,0.383,51.9,1.27,0.548,42.4,44.1,0.612,0.0,33,at_risk,1
NHAI-UER-II-PKG-05B,Urban Extension Road-II (UER-II Expressway) (Pkg 5B - Delhi),Highways,Delhi,J. Kumar Infraprojects,NHAI,MoRTH,2022-09-06,2566.6,45.5,49.6,-4.1,1.271,0,0.283,0.358,38.2,1.94,0.814,21.2,43.8,0.52,0.0,54,at_risk,1
DMRC-PH4-DC-PKG-06C,Delhi Metro Phase IV (Aerocity-Tughlakabad) (Pkg 6C - Delhi),Urban Development,Delhi,L&T Construction,DMRC,MoHUA / Delhi Govt,2022-09-08,2672.9,52.7,68.1,-15.4,1.084,0,0.268,0.294,30.6,0.9,0.607,23.5,46.4,0.574,0.0,67,at_risk,1
NHAI-UER-II-PKG-06D,Urban Extension Road-II (UER-II Expressway) (Pkg 6D - Delhi),Highways,Delhi,J. Kumar Infraprojects,NHAI,MoRTH,2022-09-14,2931.9,41.8,44.2,-2.4,1.0,2,0.216,0.338,61.0,1.39,0.635,41.4,43.1,0.503,0.0,29,on_track,0
DMRC-PH4-DC-PKG-07E,Delhi Metro Phase IV (Aerocity-Tughlakabad) (Pkg 7E - Delhi),Urban Development,Delhi,L&T Construction,DMRC,MoHUA / Delhi Govt,2022-09-17,3367.4,46.9,55.5,-8.6,1.057,0,0.262,0.272,83.7,0.74,0.514,43.2,45.9,0.589,0.0,17,on_track,0
NHAI-UER-II-PKG-07F,Urban Extension Road-II (UER-II Expressway) (Pkg 7F - Delhi),Highways,Delhi,J. Kumar Infraprojects,NHAI,MoRTH,2022-10-05,4157.6,87.9,93.2,-5.3,0.944,0,0.242,0.309,37.3,1.06,0.752,50.1,42.0,0.498,0.0,29,on_track,0
DMRC-PH4-DC-PKG-08G,Delhi Metro Phase IV (Aerocity-Tughlakabad) (Pkg 8G - Delhi),Urban Development,Delhi,L&T Construction,DMRC,MoHUA / Delhi Govt,2022-10-30,3300.9,45.5,55.4,-9.9,1.098,0,0.284,0.336,95.1,1.8,0.677,27.4,38.7,0.553,0.0,48,at_risk,1
NHAI-UER-II-PKG-08H,Urban Extension Road-II (UER-II Expressway) (Pkg 8H - Delhi),Highways,Delhi,J. Kumar Infraprojects,NHAI,MoRTH,2022-11-14,3388.8,26.3,48.9,-22.6,1.581,12,0.269,0.292,83.3,0.99,0.73,36.8,41.3,0.409,0.0,243,delayed,2
DMRC-PH4-DC-PKG-09A,Delhi Metro Phase IV (Aerocity-Tughlakabad) (Pkg 9A - Delhi),Urban Development,Delhi,L&T Construction,DMRC,MoHUA / Delhi Govt,2022-11-21,4984.1,15.2,33.1,-17.9,1.473,2,0.278,0.228,66.4,1.49,0.558,21.7,39.3,0.634,0.0,94,delayed,2
NHAI-UER-II-PKG-09B,Urban Extension Road-II (UER-II Expressway) (Pkg 9B - Delhi),Highways,Delhi,J. Kumar Infraprojects,NHAI,MoRTH,2022-12-26,3245.5,55.0,57.4,-2.4,1.086,2,0.281,0.345,62.2,1.16,0.718,29.0,43.5,0.403,0.0,4,on_track,0
DMRC-PH4-DC-PKG-10C,Delhi Metro Phase IV (Aerocity-Tughlakabad) (Pkg 10C - Delhi),Urban Development,Delhi,L&T Construction,DMRC,MoHUA / Delhi Govt,2022-12-30,4075.1,38.9,42.1,-3.2,1.035,6,0.282,0.312,50.6,1.39,0.701,32.9,47.9,0.462,0.0,13,on_track,0
NHAI-UER-II-PKG-10D,Urban Extension Road-II (UER-II Expressway) (Pkg 10D - Delhi),Highways,Delhi,J. Kumar Infraprojects,NHAI,MoRTH,2023-01-03,1694.2,72.2,69.7,2.5,0.866,0,0.275,0.349,71.7,2.17,0.529,48.1,48.0,0.441,0.0,21,on_track,0
DMRC-PH4-DC-PKG-11E,Delhi Metro Phase IV (Aerocity-Tughlakabad) (Pkg 11E - Delhi),Urban Development,Delhi,L&T Construction,DMRC,MoHUA / Delhi Govt,2023-01-09,3623.4,65.7,68.5,-2.8,1.034,0,0.303,0.258,53.9,1.81,0.743,23.9,45.5,0.698,0.0,16,on_track,0
NHAI-UER-II-PKG-11F,Urban Extension Road-II (UER-II Expressway) (Pkg 11F - Delhi),Highways,Delhi,J. Kumar Infraprojects,NHAI,MoRTH,2023-01-11,3271.1,43.1,43.3,-0.2,1.308,6,0.347,0.37,59.3,1.69,0.907,30.3,36.6,0.42,0.0,32,at_risk,1
USBRL-KAT-REA-PKG-01A,Udhampur-Srinagar-Baramulla Rail Link (Chenab Bridge) (Pkg 1A - Jammu & Kashmir),Railways,Jammu & Kashmir,Afcons & Konkan Railway,Northern Railway / KRCL,Ministry of Railways,2023-01-16,3255.1,42.2,44.0,-1.8,1.189,12,0.886,0.61,83.3,1.17,0.738,60.0,43.3,0.465,0.0,72,at_risk,1
NHIDCL-ZOJ-TUN-PKG-01B,Zojila Pass Himalayan Tunnel (14.15 km Baltal) (Pkg 1B - Jammu & Kashmir),Highways,Jammu & Kashmir,Megha Engineering (MEIL),NHIDCL,MoRTH,2023-01-17,1909.6,72.6,87.9,-15.3,1.163,2,0.905,0.606,99.9,2.11,0.732,48.8,35.0,0.417,0.0,53,at_risk,1
CVPPPL-PAKAL-PKG-01C,"Pakal Dul Hydroelectric Project (1,000 MW Chenab) (Pkg 1C - Jammu & Kashmir)",Power,Jammu & Kashmir,L&T & Jaiprakash Associates,CVPPPL,Ministry of Power,2023-02-20,4153.4,39.3,57.1,-17.8,1.571,12,0.99,0.61,33.6,1.12,0.666,26.8,42.4,0.318,0.0,192,delayed,2
USBRL-KAT-REA-PKG-02D,Udhampur-Srinagar-Baramulla Rail Link (Chenab Bridge) (Pkg 2D - Jammu & Kashmir),Railways,Jammu & Kashmir,Afcons & Konkan Railway,Northern Railway / KRCL,Ministry of Railways,2023-03-09,3593.1,47.1,75.2,-28.1,1.622,12,0.896,0.698,37.3,1.08,0.833,64.5,38.4,0.34,0.0,373,delayed,2
NHIDCL-ZOJ-TUN-PKG-02E,Zojila Pass Himalayan Tunnel (14.15 km Baltal) (Pkg 2E - Jammu & Kashmir),Highways,Jammu & Kashmir,Megha Engineering (MEIL),NHIDCL,MoRTH,2023-03-11,3900.0,28.9,33.5,-4.6,1.091,0,0.939,0.664,80.7,1.45,0.748,43.8,36.5,0.596,0.0,44,at_risk,1
CVPPPL-PAKAL-PKG-02F,"Pakal Dul Hydroelectric Project (1,000 MW Chenab) (Pkg 2F - Jammu & Kashmir)",Power,Jammu & Kashmir,L&T & Jaiprakash Associates,CVPPPL,Ministry of Power,2023-03-16,1984.9,56.1,63.8,-7.7,1.062,0,0.845,0.591,78.9,1.83,0.51,20.7,45.7,0.39,0.0,47,at_risk,1
USBRL-KAT-REA-PKG-03G,Udhampur-Srinagar-Baramulla Rail Link (Chenab Bridge) (Pkg 3G - Jammu & Kashmir),Railways,Jammu & Kashmir,Afcons & Konkan Railway,Northern Railway / KRCL,Ministry of Railways,2023-03-19,1657.1,74.0,87.3,-13.3,1.1,6,0.951,0.656,40.2,1.33,0.761,54.6,43.5,0.416,0.0,452,delayed,2
NHIDCL-ZOJ-TUN-PKG-03H,Zojila Pass Himalayan Tunnel (14.15 km Baltal) (Pkg 3H - Jammu & Kashmir),Highways,Jammu & Kashmir,Megha Engineering (MEIL),NHIDCL,MoRTH,2023-03-19,2370.4,30.6,52.5,-21.9,1.766,24,0.94,0.634,44.8,0.93,0.596,40.3,38.1,0.457,0.0,121,delayed,2
CVPPPL-PAKAL-PKG-03A,"Pakal Dul Hydroelectric Project (1,000 MW Chenab) (Pkg 3A - Jammu & Kashmir)",Power,Jammu & Kashmir,L&T & Jaiprakash Associates,CVPPPL,Ministry of Power,2023-03-27,2514.0,36.3,44.8,-8.5,1.125,6,0.932,0.658,60.9,0.88,0.666,23.3,45.5,0.327,0.0,44,at_risk,1
USBRL-KAT-REA-PKG-04B,Udhampur-Srinagar-Baramulla Rail Link (Chenab Bridge) (Pkg 4B - Jammu & Kashmir),Railways,Jammu & Kashmir,Afcons & Konkan Railway,Northern Railway / KRCL,Ministry of Railways,2023-04-03,2943.2,17.1,32.2,-15.1,1.583,2,0.901,0.685,94.4,1.17,0.761,46.0,37.9,0.312,0.0,240,delayed,2
NHIDCL-ZOJ-TUN-PKG-04C,Zojila Pass Himalayan Tunnel (14.15 km Baltal) (Pkg 4C - Jammu & Kashmir),Highways,Jammu & Kashmir,Megha Engineering (MEIL),NHIDCL,MoRTH,2023-04-05,817.4,51.3,58.5,-7.2,1.276,0,0.973,0.597,95.2,1.5,0.81,44.3,43.1,0.462,0.0,68,at_risk,1
CVPPPL-PAKAL-PKG-04D,"Pakal Dul Hydroelectric Project (1,000 MW Chenab) (Pkg 4D - Jammu & Kashmir)",Power,Jammu & Kashmir,L&T & Jaiprakash Associates,CVPPPL,Ministry of Power,2023-04-21,749.0,87.2,88.8,-1.6,1.157,0,0.875,0.595,68.3,1.67,0.685,22.5,47.5,0.324,0.0,52,at_risk,1
USBRL-KAT-REA-PKG-05E,Udhampur-Srinagar-Baramulla Rail Link (Chenab Bridge) (Pkg 5E - Jammu & Kashmir),Railways,Jammu & Kashmir,Afcons & Konkan Railway,Northern Railway / KRCL,Ministry of Railways,2023-04-24,2659.9,25.0,34.7,-9.7,1.458,0,0.93,0.678,72.5,2.15,0.766,52.2,47.8,0.414,0.0,69,at_risk,1
NHIDCL-ZOJ-TUN-PKG-05F,Zojila Pass Himalayan Tunnel (14.15 km Baltal) (Pkg 5F - Jammu & Kashmir),Highways,Jammu & Kashmir,Megha Engineering (MEIL),NHIDCL,MoRTH,2023-04-27,688.9,39.0,65.1,-26.1,1.368,6,0.899,0.655,64.4,1.12,0.584,54.1,42.6,0.466,0.0,257,delayed,2
CVPPPL-PAKAL-PKG-05G,"Pakal Dul Hydroelectric Project (1,000 MW Chenab) (Pkg 5G - Jammu & Kashmir)",Power,Jammu & Kashmir,L&T & Jaiprakash Associates,CVPPPL,Ministry of Power,2023-04-28,4065.7,57.9,55.9,2.0,1.194,6,0.99,0.629,84.5,1.23,0.766,13.3,44.9,0.343,0.0,81,at_risk,1
USBRL-KAT-REA-PKG-06H,Udhampur-Srinagar-Baramulla Rail Link (Chenab Bridge) (Pkg 6H - Jammu & Kashmir),Railways,Jammu & Kashmir,Afcons & Konkan Railway,Northern Railway / KRCL,Ministry of Railways,2023-04-30,4304.5,27.2,49.6,-22.4,1.629,0,0.955,0.681,56.2,1.53,0.917,43.6,45.4,0.369,0.0,384,delayed,2
NHIDCL-ZOJ-TUN-PKG-06A,Zojila Pass Himalayan Tunnel (14.15 km Baltal) (Pkg 6A - Jammu & Kashmir),Highways,Jammu & Kashmir,Megha Engineering (MEIL),NHIDCL,MoRTH,2023-05-08,4001.5,60.7,61.9,-1.2,0.946,2,0.922,0.604,85.8,2.15,0.729,41.7,35.7,0.465,0.0,0,on_track,0
CVPPPL-PAKAL-PKG-06B,"Pakal Dul Hydroelectric Project (1,000 MW Chenab) (Pkg 6B - Jammu & Kashmir)",Power,Jammu & Kashmir,L&T & Jaiprakash Associates,CVPPPL,Ministry of Power,2023-05-13,623.0,67.3,89.6,-22.3,1.592,24,0.913,0.668,38.9,1.85,0.655,21.3,45.4,0.34,0.0,532,delayed,2
USBRL-KAT-REA-PKG-07C,Udhampur-Srinagar-Baramulla Rail Link (Chenab Bridge) (Pkg 7C - Jammu & Kashmir),Railways,Jammu & Kashmir,Afcons & Konkan Railway,Northern Railway / KRCL,Ministry of Railways,2023-05-18,3189.5,32.9,43.7,-10.8,1.355,2,0.954,0.647,44.7,1.09,0.694,43.1,47.0,0.54,0.0,58,at_risk,1
NHIDCL-ZOJ-TUN-PKG-07D,Zojila Pass Himalayan Tunnel (14.15 km Baltal) (Pkg 7D - Jammu & Kashmir),Highways,Jammu & Kashmir,Megha Engineering (MEIL),NHIDCL,MoRTH,2023-05-18,2886.9,76.2,79.1,-2.9,1.162,18,0.906,0.661,51.0,1.55,0.667,46.2,47.2,0.44,0.0,51,at_risk,1
CVPPPL-PAKAL-PKG-07E,"Pakal Dul Hydroelectric Project (1,000 MW Chenab) (Pkg 7E - Jammu & Kashmir)",Power,Jammu & Kashmir,L&T & Jaiprakash Associates,CVPPPL,Ministry of Power,2023-05-21,4494.2,48.6,80.6,-32.0,1.467,2,0.95,0.635,66.9,1.15,0.719,26.9,38.2,0.343,0.0,193,delayed,2
USBRL-KAT-REA-PKG-08F,Udhampur-Srinagar-Baramulla Rail Link (Chenab Bridge) (Pkg 8F - Jammu & Kashmir),Railways,Jammu & Kashmir,Afcons & Konkan Railway,Northern Railway / KRCL,Ministry of Railways,2023-05-21,2620.2,90.8,93.0,-2.2,0.943,12,0.926,0.699,90.0,1.89,0.762,48.7,38.1,0.353,0.0,10,on_track,0
NHIDCL-ZOJ-TUN-PKG-08G,Zojila Pass Himalayan Tunnel (14.15 km Baltal) (Pkg 8G - Jammu & Kashmir),Highways,Jammu & Kashmir,Megha Engineering (MEIL),NHIDCL,MoRTH,2023-05-29,2088.5,22.0,38.1,-16.1,1.252,6,0.921,0.614,42.0,1.23,0.731,36.5,47.1,0.447,0.0,200,delayed,2
CVPPPL-PAKAL-PKG-08H,"Pakal Dul Hydroelectric Project (1,000 MW Chenab) (Pkg 8H - Jammu & Kashmir)",Power,Jammu & Kashmir,L&T & Jaiprakash Associates,CVPPPL,Ministry of Power,2023-06-01,382.1,39.3,44.0,-4.7,0.947,0,0.913,0.653,43.1,1.33,0.618,19.2,40.7,0.328,0.0,17,on_track,0
USBRL-KAT-REA-PKG-09A,Udhampur-Srinagar-Baramulla Rail Link (Chenab Bridge) (Pkg 9A - Jammu & Kashmir),Railways,Jammu & Kashmir,Afcons & Konkan Railway,Northern Railway / KRCL,Ministry of Railways,2023-07-02,1110.6,19.0,47.3,-28.3,1.824,18,0.938,0.596,65.6,1.11,0.775,60.1,37.1,0.411,0.0,428,delayed,2
NHIDCL-ZOJ-TUN-PKG-09B,Zojila Pass Himalayan Tunnel (14.15 km Baltal) (Pkg 9B - Jammu & Kashmir),Highways,Jammu & Kashmir,Megha Engineering (MEIL),NHIDCL,MoRTH,2023-07-17,4698.0,53.8,58.8,-5.0,0.923,2,0.891,0.725,64.1,1.73,0.662,25.4,40.1,0.636,0.0,28,on_track,0
CVPPPL-PAKAL-PKG-09C,"Pakal Dul Hydroelectric Project (1,000 MW Chenab) (Pkg 9C - Jammu & Kashmir)",Power,Jammu & Kashmir,L&T & Jaiprakash Associates,CVPPPL,Ministry of Power,2023-07-20,4395.5,43.0,44.7,-1.7,0.987,2,0.955,0.647,66.5,1.9,0.801,17.5,35.1,0.348,0.0,22,on_track,0
USBRL-KAT-REA-PKG-10D,Udhampur-Srinagar-Baramulla Rail Link (Chenab Bridge) (Pkg 10D - Jammu & Kashmir),Railways,Jammu & Kashmir,Afcons & Konkan Railway,Northern Railway / KRCL,Ministry of Railways,2023-08-03,4276.8,39.0,52.9,-13.9,1.155,0,0.927,0.648,81.9,2.01,0.841,42.3,39.8,0.447,0.0,80,at_risk,1
NHIDCL-ZOJ-TUN-PKG-10E,Zojila Pass Himalayan Tunnel (14.15 km Baltal) (Pkg 10E - Jammu & Kashmir),Highways,Jammu & Kashmir,Megha Engineering (MEIL),NHIDCL,MoRTH,2023-08-22,474.7,67.3,75.2,-7.9,1.226,2,0.912,0.614,46.1,0.98,0.805,35.4,40.2,0.44,0.0,54,at_risk,1
CVPPPL-PAKAL-PKG-10F,"Pakal Dul Hydroelectric Project (1,000 MW Chenab) (Pkg 10F - Jammu & Kashmir)",Power,Jammu & Kashmir,L&T & Jaiprakash Associates,CVPPPL,Ministry of Power,2023-08-29,1484.9,91.8,90.8,1.0,0.997,0,0.96,0.642,70.5,1.46,0.599,20.1,41.3,0.375,0.0,5,on_track,0
USBRL-KAT-REA-PKG-11G,Udhampur-Srinagar-Baramulla Rail Link (Chenab Bridge) (Pkg 11G - Jammu & Kashmir),Railways,Jammu & Kashmir,Afcons & Konkan Railway,Northern Railway / KRCL,Ministry of Railways,2023-09-03,800.8,49.1,66.9,-17.8,1.541,0,0.946,0.735,50.2,1.22,0.665,59.6,40.9,0.372,0.0,529,delayed,2
NHIDCL-ZOJ-TUN-PKG-11H,Zojila Pass Himalayan Tunnel (14.15 km Baltal) (Pkg 11H - Jammu & Kashmir),Highways,Jammu & Kashmir,Megha Engineering (MEIL),NHIDCL,MoRTH,2023-09-03,4446.6,38.6,40.9,-2.3,1.335,12,0.88,0.623,49.4,2.08,0.759,48.5,44.2,0.46,0.0,61,at_risk,1
CVPPPL-PAKAL-PKG-11A,"Pakal Dul Hydroelectric Project (1,000 MW Chenab) (Pkg 11A - Jammu & Kashmir)",Power,Jammu & Kashmir,L&T & Jaiprakash Associates,CVPPPL,Ministry of Power,2023-09-04,833.8,56.4,89.9,-33.5,1.295,0,0.88,0.556,100.0,1.55,0.645,24.6,36.2,0.342,0.0,134,delayed,2
USBRL-KAT-REA-PKG-12B,Udhampur-Srinagar-Baramulla Rail Link (Chenab Bridge) (Pkg 12B - Jammu & Kashmir),Railways,Jammu & Kashmir,Afcons & Konkan Railway,Northern Railway / KRCL,Ministry of Railways,2023-09-23,3758.3,10.7,33.2,-22.5,1.645,12,0.932,0.752,60.4,0.84,0.834,48.1,47.2,0.438,0.0,136,delayed,2
NHIDCL-ZOJ-TUN-PKG-12C,Zojila Pass Himalayan Tunnel (14.15 km Baltal) (Pkg 12C - Jammu & Kashmir),Highways,Jammu & Kashmir,Megha Engineering (MEIL),NHIDCL,MoRTH,2023-09-24,3069.3,50.3,60.3,-10.0,1.427,36,0.924,0.566,86.3,1.78,0.737,31.9,40.9,0.517,0.0,518,delayed,2
CVPPPL-PAKAL-PKG-12D,"Pakal Dul Hydroelectric Project (1,000 MW Chenab) (Pkg 12D - Jammu & Kashmir)",Power,Jammu & Kashmir,L&T & Jaiprakash Associates,CVPPPL,Ministry of Power,2023-11-22,2005.0,80.4,93.6,-13.2,1.034,0,0.961,0.596,41.1,1.81,0.56,17.7,44.2,0.322,0.75,81,at_risk,1
USBRL-KAT-REA-PKG-13E,Udhampur-Srinagar-Baramulla Rail Link (Chenab Bridge) (Pkg 13E - Jammu & Kashmir),Railways,Jammu & Kashmir,Afcons & Konkan Railway,Northern Railway / KRCL,Ministry of Railways,2024-01-02,499.4,33.0,39.5,-6.5,1.258,0,0.929,0.612,86.2,1.26,0.629,52.3,23.5,0.445,0.75,73,at_risk,1
NHIDCL-ZOJ-TUN-PKG-13F,Zojila Pass Himalayan Tunnel (14.15 km Baltal) (Pkg 13F - Jammu & Kashmir),Highways,Jammu & Kashmir,Megha Engineering (MEIL),NHIDCL,MoRTH,2024-01-22,3297.6,77.6,87.5,-9.9,1.368,0,0.883,0.747,62.9,2.17,0.564,43.3,20.3,0.549,0.75,183,delayed,2
CVPPPL-PAKAL-PKG-13G,"Pakal Dul Hydroelectric Project (1,000 MW Chenab) (Pkg 13G - Jammu & Kashmir)",Power,Jammu & Kashmir,L&T & Jaiprakash Associates,CVPPPL,Ministry of Power,2024-02-07,2372.0,52.2,78.2,-26.0,1.81,18,0.888,0.559,65.1,1.07,0.538,22.8,22.7,0.356,0.75,511,delayed,2
USBRL-KAT-REA-PKG-14H,Udhampur-Srinagar-Baramulla Rail Link (Chenab Bridge) (Pkg 14H - Jammu & Kashmir),Railways,Jammu & Kashmir,Afcons & Konkan Railway,Northern Railway / KRCL,Ministry of Railways,2024-02-12,4782.7,70.9,79.9,-9.0,1.116,0,0.899,0.641,83.5,0.82,0.601,62.8,29.0,0.414,0.75,70,at_risk,1
NHIDCL-ZOJ-TUN-PKG-14A,Zojila Pass Himalayan Tunnel (14.15 km Baltal) (Pkg 14A - Jammu & Kashmir),Highways,Jammu & Kashmir,Megha Engineering (MEIL),NHIDCL,MoRTH,2024-02-26,3964.6,45.5,55.2,-9.7,0.955,2,0.99,0.596,62.3,2.14,0.598,26.5,20.2,0.462,0.75,28,on_track,0
CVPPPL-PAKAL-PKG-14B,"Pakal Dul Hydroelectric Project (1,000 MW Chenab) (Pkg 14B - Jammu & Kashmir)",Power,Jammu & Kashmir,L&T & Jaiprakash Associates,CVPPPL,Ministry of Power,2024-03-07,2753.4,44.7,46.9,-2.2,1.061,12,0.922,0.649,90.0,1.91,0.627,18.6,18.7,0.214,0.75,24,on_track,0
NHIDCL-Z-MORH-PKG-01A,Z-Morh All-Weather Tunnel (6.5 km Sonamarg-Ladakh) (Pkg 1A - Ladakh),Highways,Ladakh,APCO Infratech,NHIDCL,MoRTH,2024-04-03,520.1,65.7,74.0,-8.3,1.024,6,0.968,0.1,39.2,1.89,0.604,38.2,20.5,0.473,0.75,73,at_risk,1
BRO-NIM-PAD-PKG-01B,Nimoo-Padum-Darcha Strategic Defense Highway (Pkg 1B - Ladakh),Highways,Ladakh,BRO Border Roads,BRO,Ministry of Defence,2024-04-21,1959.3,27.6,31.4,-3.8,1.228,6,0.959,0.1,68.7,0.77,0.565,48.7,24.3,0.485,0.75,84,at_risk,1
AAI-LEH-TRM-PKG-01C,Leh Kushok Bakula Rimpochee Airport Terminal (Pkg 1C - Ladakh),Urban Development,Ladakh,Shapoorji Pallonji,AAI,Ministry of Civil Aviation,2024-04-22,2986.9,94.8,89.6,5.2,0.968,2,0.927,0.134,45.0,1.32,0.597,32.9,29.9,0.621,0.75,9,on_track,0
NHIDCL-Z-MORH-PKG-02D,Z-Morh All-Weather Tunnel (6.5 km Sonamarg-Ladakh) (Pkg 2D - Ladakh),Highways,Ladakh,APCO Infratech,NHIDCL,MoRTH,2024-04-22,1821.5,48.7,61.0,-12.3,1.379,18,0.951,0.143,80.8,2.19,0.625,51.7,21.6,0.389,0.75,409,delayed,2
BRO-NIM-PAD-PKG-02E,Nimoo-Padum-Darcha Strategic Defense Highway (Pkg 2E - Ladakh),Highways,Ladakh,BRO Border Roads,BRO,Ministry of Defence,2024-05-08,3494.1,76.7,77.3,-0.6,1.015,0,0.957,0.102,73.1,0.99,0.526,29.0,27.3,0.356,0.75,22,on_track,0
AAI-LEH-TRM-PKG-02F,Leh Kushok Bakula Rimpochee Airport Terminal (Pkg 2F - Ladakh),Urban Development,Ladakh,Shapoorji Pallonji,AAI,Ministry of Civil Aviation,2024-06-05,3998.6,55.0,63.5,-8.5,1.3,6,0.907,0.127,31.1,0.93,0.452,35.4,29.2,0.538,0.75,75,at_risk,1
NHIDCL-Z-MORH-PKG-03G,Z-Morh All-Weather Tunnel (6.5 km Sonamarg-Ladakh) (Pkg 3G - Ladakh),Highways,Ladakh,APCO Infratech,NHIDCL,MoRTH,2024-06-17,2789.7,50.1,55.6,-5.5,0.905,2,0.99,0.178,34.3,1.38,0.726,46.0,19.6,0.481,0.75,19,on_track,0
BRO-NIM-PAD-PKG-03H,Nimoo-Padum-Darcha Strategic Defense Highway (Pkg 3H - Ladakh),Highways,Ladakh,BRO Border Roads,BRO,Ministry of Defence,2024-06-21,3612.5,71.3,70.2,1.1,0.944,2,0.99,0.169,79.7,1.99,0.675,54.3,29.7,0.402,0.75,22,on_track,0
AAI-LEH-TRM-PKG-03A,Leh Kushok Bakula Rimpochee Airport Terminal (Pkg 3A - Ladakh),Urban Development,Ladakh,Shapoorji Pallonji,AAI,Ministry of Civil Aviation,2024-07-09,2192.5,18.4,44.3,-25.9,1.642,24,0.915,0.193,45.1,2.19,0.479,27.8,26.9,0.502,0.75,522,delayed,2
NHIDCL-Z-MORH-PKG-04B,Z-Morh All-Weather Tunnel (6.5 km Sonamarg-Ladakh) (Pkg 4B - Ladakh),Highways,Ladakh,APCO Infratech,NHIDCL,MoRTH,2024-07-17,4937.2,91.7,90.2,1.5,1.104,0,0.918,0.173,80.0,1.62,0.515,23.4,27.6,0.42,0.75,21,on_track,0
BRO-NIM-PAD-PKG-04C,Nimoo-Padum-Darcha Strategic Defense Highway (Pkg 4C - Ladakh),Highways,Ladakh,BRO Border Roads,BRO,Ministry of Defence,2024-08-21,713.7,62.3,62.4,-0.1,0.986,2,0.923,0.177,95.9,1.6,0.729,46.8,25.3,0.388,0.75,6,on_track,0
AAI-LEH-TRM-PKG-04D,Leh Kushok Bakula Rimpochee Airport Terminal (Pkg 4D - Ladakh),Urban Development,Ladakh,Shapoorji Pallonji,AAI,Ministry of Civil Aviation,2024-08-25,5104.5,62.1,61.7,0.4,1.06,0,0.966,0.176,85.8,1.31,0.594,44.6,19.4,0.628,0.75,24,on_track,0
NHIDCL-Z-MORH-PKG-05E,Z-Morh All-Weather Tunnel (6.5 km Sonamarg-Ladakh) (Pkg 5E - Ladakh),Highways,Ladakh,APCO Infratech,NHIDCL,MoRTH,2024-08-27,4379.2,36.7,39.3,-2.6,0.924,2,0.952,0.142,62.0,1.92,0.665,52.0,24.6,0.556,0.75,23,on_track,0
BRO-NIM-PAD-PKG-05F,Nimoo-Padum-Darcha Strategic Defense Highway (Pkg 5F - Ladakh),Highways,Ladakh,BRO Border Roads,BRO,Ministry of Defence,2024-09-01,1125.2,49.3,56.0,-6.7,1.327,24,0.99,0.1,96.3,1.92,0.604,44.3,29.2,0.496,0.75,74,at_risk,1
AAI-LEH-TRM-PKG-05G,Leh Kushok Bakula Rimpochee Airport Terminal (Pkg 5G - Ladakh),Urban Development,Ladakh,Shapoorji Pallonji,AAI,Ministry of Civil Aviation,2024-09-01,5096.7,52.0,53.5,-1.5,0.944,2,0.901,0.21,46.2,2.17,0.388,44.7,24.0,0.547,0.75,9,on_track,0
NHIDCL-Z-MORH-PKG-06H,Z-Morh All-Weather Tunnel (6.5 km Sonamarg-Ladakh) (Pkg 6H - Ladakh),Highways,Ladakh,APCO Infratech,NHIDCL,MoRTH,2024-09-01,2588.1,47.7,63.1,-15.4,1.183,36,0.922,0.1,35.4,1.12,0.593,38.3,22.6,0.472,0.75,80,at_risk,1
BRO-NIM-PAD-PKG-06A,Nimoo-Padum-Darcha Strategic Defense Highway (Pkg 6A - Ladakh),Highways,Ladakh,BRO Border Roads,BRO,Ministry of Defence,2024-09-01,2478.6,22.4,35.5,-13.1,1.178,0,0.901,0.193,95.8,1.02,0.81,23.4,19.1,0.454,0.75,69,at_risk,1
AAI-LEH-TRM-PKG-06B,Leh Kushok Bakula Rimpochee Airport Terminal (Pkg 6B - Ladakh),Urban Development,Ladakh,Shapoorji Pallonji,AAI,Ministry of Civil Aviation,2024-09-01,1798.5,68.8,91.5,-22.7,1.464,0,0.99,0.188,66.5,1.44,0.426,36.9,22.3,0.563,0.75,471,delayed,2
NHIDCL-Z-MORH-PKG-07C,Z-Morh All-Weather Tunnel (6.5 km Sonamarg-Ladakh) (Pkg 7C - Ladakh),Highways,Ladakh,APCO Infratech,NHIDCL,MoRTH,2024-09-01,4531.9,69.6,76.2,-6.6,1.266,12,0.99,0.1,81.3,0.77,0.621,31.9,20.5,0.389,0.75,65,at_risk,1
BRO-NIM-PAD-PKG-07D,Nimoo-Padum-Darcha Strategic Defense Highway (Pkg 7D - Ladakh),Highways,Ladakh,BRO Border Roads,BRO,Ministry of Defence,2024-09-01,1913.9,95.1,91.9,3.2,1.035,12,0.968,0.185,42.0,1.19,0.568,48.3,29.6,0.48,0.75,5,on_track,0
AAI-LEH-TRM-PKG-07E,Leh Kushok Bakula Rimpochee Airport Terminal (Pkg 7E - Ladakh),Urban Development,Ladakh,Shapoorji Pallonji,AAI,Ministry of Civil Aviation,2024-09-01,1809.4,12.3,34.6,-22.3,1.548,0,0.985,0.1,70.2,1.25,0.45,40.8,21.6,0.624,0.75,328,delayed,2
NHIDCL-Z-MORH-PKG-08F,Z-Morh All-Weather Tunnel (6.5 km Sonamarg-Ladakh) (Pkg 8F - Ladakh),Highways,Ladakh,APCO Infratech,NHIDCL,MoRTH,2024-09-01,4562.0,41.4,44.8,-3.4,1.107,2,0.99,0.158,85.6,0.72,0.551,32.1,22.9,0.43,0.75,8,on_track,0
AAI-AGA-LAK-PKG-01A,Agatti Island Airport Airstrip Extension into Sea (Pkg 1A - Lakshadweep),Urban Development,Lakshadweep,L&T Construction,AAI / UT Admin,Ministry of Civil Aviation,2024-09-01,682.2,36.9,39.2,-2.3,0.946,0,0.518,0.844,47.4,0.99,0.499,42.2,24.6,0.536,0.75,3,on_track,0
ALHW-MIN-PRT-PKG-01B,Minicoy Island Deepwater Eco-Tourism Jetty (Pkg 1B - Lakshadweep),Highways,Lakshadweep,HCC Limited,ALHW,Ministry of Ports,2024-09-01,4663.9,73.5,80.0,-6.5,1.262,6,0.641,0.775,67.1,1.77,0.638,24.1,27.5,0.561,0.75,70,at_risk,1
AAI-AGA-LAK-PKG-02C,Agatti Island Airport Airstrip Extension into Sea (Pkg 2C - Lakshadweep),Urban Development,Lakshadweep,L&T Construction,AAI / UT Admin,Ministry of Civil Aviation,2024-09-01,3736.4,39.7,47.5,-7.8,1.403,2,0.611,0.765,63.1,1.3,0.378,23.7,28.6,0.491,0.75,35,at_risk,1
ALHW-MIN-PRT-PKG-02D,Minicoy Island Deepwater Eco-Tourism Jetty (Pkg 2D - Lakshadweep),Highways,Lakshadweep,HCC Limited,ALHW,Ministry of Ports,2024-09-01,4896.5,45.4,61.7,-16.3,1.186,0,0.605,0.831,66.9,0.77,0.626,35.5,28.2,0.513,0.75,73,at_risk,1
AAI-AGA-LAK-PKG-03E,Agatti Island Airport Airstrip Extension into Sea (Pkg 3E - Lakshadweep),Urban Development,Lakshadweep,L&T Construction,AAI / UT Admin,Ministry of Civil Aviation,2024-09-01,5037.6,46.1,50.9,-4.8,1.11,12,0.616,0.805,37.6,0.69,0.601,38.5,24.0,0.487,0.75,39,at_risk,1
ALHW-MIN-PRT-PKG-03F,Minicoy Island Deepwater Eco-Tourism Jetty (Pkg 3F - Lakshadweep),Highways,Lakshadweep,HCC Limited,ALHW,Ministry of Ports,2024-09-01,3373.1,31.8,54.7,-22.9,1.385,0,0.588,0.769,48.3,1.64,0.599,45.0,29.5,0.414,0.75,486,delayed,2
AAI-AGA-LAK-PKG-04G,Agatti Island Airport Airstrip Extension into Sea (Pkg 4G - Lakshadweep),Urban Development,Lakshadweep,L&T Construction,AAI / UT Admin,Ministry of Civil Aviation,2024-09-01,1820.3,27.9,35.3,-7.4,1.078,2,0.643,0.876,36.7,0.79,0.528,29.4,27.3,0.616,0.75,70,at_risk,1
ALHW-MIN-PRT-PKG-04H,Minicoy Island Deepwater Eco-Tourism Jetty (Pkg 4H - Lakshadweep),Highways,Lakshadweep,HCC Limited,ALHW,Ministry of Ports,2024-09-01,746.4,92.7,89.5,3.2,1.06,0,0.556,0.788,36.6,1.38,0.742,43.9,23.6,0.381,0.75,79,at_risk,1
MoPS-PUD-PRT-PKG-01A,Puducherry Port Coastal Cargo Berth Development (Pkg 1A - Puducherry),Highways,Puducherry,KNR Constructions,Puducherry Port Dept,Ministry of Ports,2024-09-01,2993.4,81.0,83.5,-2.5,1.02,2,0.283,0.509,99.5,0.8,0.645,39.6,24.7,0.413,0.75,13,on_track,0
SR-KAR-RAIL-PKG-01B,Karaikal Port Railway Freight Link Doubling (Pkg 1B - Puducherry),Railways,Puducherry,L&T Construction,Southern Railway,Ministry of Railways,2024-09-01,2489.4,85.7,93.3,-7.6,1.109,24,0.283,0.565,90.8,1.62,0.713,62.5,27.8,0.44,0.75,78,at_risk,1
MoPS-PUD-PRT-PKG-02C,Puducherry Port Coastal Cargo Berth Development (Pkg 2C - Puducherry),Highways,Puducherry,KNR Constructions,Puducherry Port Dept,Ministry of Ports,2024-09-01,3759.0,55.9,59.0,-3.1,0.96,0,0.271,0.585,54.2,1.9,0.854,24.8,20.1,0.496,0.75,1,on_track,0
SR-KAR-RAIL-PKG-02D,Karaikal Port Railway Freight Link Doubling (Pkg 2D - Puducherry),Railways,Puducherry,L&T Construction,Southern Railway,Ministry of Railways,2024-09-01,4033.5,61.0,66.5,-5.5,1.048,2,0.262,0.568,83.5,1.54,0.664,30.6,27.9,0.521,0.75,11,on_track,0
MoPS-PUD-PRT-PKG-03E,Puducherry Port Coastal Cargo Berth Development (Pkg 3E - Puducherry),Highways,Puducherry,KNR Constructions,Puducherry Port Dept,Ministry of Ports,2024-09-01,5133.9,61.4,63.0,-1.6,1.075,0,0.228,0.551,51.9,1.4,0.582,53.7,25.2,0.423,0.75,28,on_track,0
SR-KAR-RAIL-PKG-03F,Karaikal Port Railway Freight Link Doubling (Pkg 3F - Puducherry),Railways,Puducherry,L&T Construction,Southern Railway,Ministry of Railways,2024-09-01,4724.5,29.9,43.7,-13.8,1.206,6,0.341,0.579,50.7,1.83,0.715,53.9,20.9,0.349,0.75,69,at_risk,1
MoPS-PUD-PRT-PKG-04G,Puducherry Port Coastal Cargo Berth Development (Pkg 4G - Puducherry),Highways,Puducherry,KNR Constructions,Puducherry Port Dept,Ministry of Ports,2024-09-01,3963.7,27.1,34.2,-7.1,1.212,2,0.319,0.569,68.4,1.37,0.549,51.0,26.7,0.407,0.75,36,at_risk,1
SR-KAR-RAIL-PKG-04H,Karaikal Port Railway Freight Link Doubling (Pkg 4H - Puducherry),Railways,Puducherry,L&T Construction,Southern Railway,Ministry of Railways,2024-09-01,616.3,67.8,66.8,1.0,0.956,6,0.303,0.594,88.1,2.04,0.745,37.9,18.8,0.36,0.75,14,on_track,0
